{
  "lr": 6.0241734019621196e-05,
  "weight_decay": 4.623318076654919e-05,
  "batch_size": 16,
  "hidden_dim": 256,
  "sigma": 0.6012832346013572,
  "neurons": 16,
  "orientation": [
    -5,
    5
  ],
  "stimulus": "RAND_NORMAL",
  "stack": "population",
  "noise": 1.0,
  "metric": "loss_norm",
  "target_metric": "loss_norm",
  "loss": 1.8786706300735474,
  "accuracy": 0.328,
  "fsa_inf_mean": 0.858988879776001,
  "fsa_inf_std": 0.06534359604120255,
  "fsa_inf_mean_diff": -0.0351378189086915,
  "test_accuracy": 38.43,
  "test_loss": 1.7474921894073487,
  "test_fsa_2_mean": 0.5167249526023865,
  "test_fsa_2_std": 0.10639632493257523,
  "test_fsa_inf_mean": 0.4908284887313843,
  "test_fsa_inf_std": 0.11050242185592651
}