{
  "lr": 3.9427097335568225e-06,
  "weight_decay": 1.996299570923067e-05,
  "batch_size": 4,
  "hidden_dim": 128,
  "sigma": 0.9524318370318507,
  "neurons": 12,
  "orientation": [
    -1,
    1
  ],
  "stimulus": "RAND_UNIFORM",
  "stack": "population",
  "noise": 1.0,
  "metric": "loss_norm",
  "target_metric": "loss_norm",
  "loss": 0.8108449893146753,
  "accuracy": 0.76875,
  "fsa_inf_mean": 0.9548333282470703,
  "fsa_inf_std": 0.1159166768193245,
  "fsa_inf_mean_diff": -0.038166665554046686,
  "test_accuracy": 86.42999999999999,
  "test_loss": 0.4983766629032791,
  "test_fsa_2_mean": 0.8396666505813598,
  "test_fsa_2_std": 0.17884014546871185,
  "test_fsa_inf_mean": 0.8442666505813599,
  "test_fsa_inf_std": 0.17645783722400665
}