{
  "lr": 3.9843983439631946e-07,
  "weight_decay": 8.75897173684552e-05,
  "batch_size": 8,
  "hidden_dim": 256,
  "sigma": 1.0428551013176683,
  "neurons": 12,
  "orientation": [
    -4,
    4
  ],
  "stimulus": "RAND_UNIFORM",
  "stack": "population",
  "noise": 0.0,
  "metric": "loss",
  "target_metric": "fsa_inf_mean_diff",
  "loss": 2.022686972061793,
  "accuracy": 0.6043333333333333,
  "fsa_inf_mean": 0.9754845870335896,
  "fsa_inf_std": 0.05718579143285751,
  "test_accuracy": 60.86,
  "test_loss": 2.016970535469055,
  "test_fsa_2_mean": 0.6477357833862305,
  "test_fsa_2_std": 0.14618562161922455,
  "test_fsa_inf_mean": 0.6284961377620697,
  "test_fsa_inf_std": 0.1567695438861847
}