{
    "training_noise": 0.0,
    "seed": 10000,
    "stack": "log_normal",
    "network": "nn",
    "epochs": 10,
    "batch_size": 32,
    "dataset": "mnist",
    "test_noise": 0.2,
    "avg_loss": 0.25361117967568075,
    "accuracy": 92.88,
    "sharpness_scores": {
        "layers.0.weight": 2.186307443508182,
        "layers.0.bias": 0.16075754068649042,
        "layers.2.weight": 1.0455462710795025,
        "layers.2.bias": 0.002115416557739337
    },
    "activation_scores": {}
}