{
    "training_noise": 0.5,
    "seed": 10000,
    "stack": "tuning_curve",
    "network": "nn",
    "epochs": 100,
    "batch_size": 256,
    "dataset": "mnist",
    "test_noise": 0.2,
    "avg_loss": 0.4200692031998187,
    "accuracy": 88.73,
    "sharpness_scores": {
        "layers.0.weight": 0.33393830875866115,
        "layers.0.bias": 0.0014694990124553442,
        "layers.2.weight": 0.3178368720691651,
        "layers.2.bias": 0.005398469744250178
    },
    "activation_scores": {
        "layers.0": {
            "std": 1.5916610956192017,
            "mean": -1.973123550415039
        },
        "layers.1": {
            "std": 1.3803638219833374,
            "mean": -1.5374799966812134
        },
        "layers.2": {
            "std": 6.295767784118652,
            "mean": 0.025860663503408432
        }
    },
    "ruby_scores": {
        "fsa_inf": {
            "mean": 0.4132772207260132,
            "std": 0.08231411874294281
        },
        "fsd_inf": {
            "mean": 0.5576530486345291,
            "std": 0.09243256598711014
        }
    },
    "noise_sensitivity": {
        "fgsm": {
            "mean": 0.07795916209085033,
            "std": 0.05706018954515457
        }
    }
}