{
  "lr": 5.335874831642995e-06,
  "weight_decay": 2.5341758188810217e-05,
  "batch_size": 128,
  "hidden_dim": 512,
  "stack": "linear",
  "noise": 0.0,
  "metric": "loss_norm",
  "target_metric": "loss_norm",
  "loss": 0.663908545007097,
  "accuracy": 0.8641666666666666,
  "fsa_inf_mean": 0.8653052563362933,
  "fsa_inf_std": 0.027481213212013245,
  "fsa_inf_mean_diff": -0.006515848129353574,
  "test_accuracy": 87.03999999999999,
  "test_loss": 0.6445892121218428,
  "test_fsa_2_mean": 0.34459359510035453,
  "test_fsa_2_std": 0.08057782053947449,
  "test_fsa_inf_mean": 0.4039482263070119,
  "test_fsa_inf_std": 0.10200978070497513
}