{
  "lr": 1.8609315720646347e-05,
  "weight_decay": 1.872748106676381e-06,
  "batch_size": 16,
  "hidden_dim": 256,
  "stack": "linear",
  "noise": 0.0,
  "metric": "loss",
  "target_metric": "fsa_diff",
  "loss": 0.25797591446588436,
  "accuracy": 0.9283333333333333,
  "fsa_inf_mean": 0.9611555604139964,
  "fsa_inf_std": 0.04378311708569527,
  "fsa_inf_mean_diff": 0.0055111082394917466,
  "test_accuracy": 93.32000000000001,
  "test_loss": 0.23861043880656363,
  "test_fsa_2_mean": 0.5204818754196167,
  "test_fsa_2_std": 0.10869219899177551,
  "test_fsa_inf_mean": 0.49454869747161867,
  "test_fsa_inf_std": 0.12030000984668732
}