{
  "lr": 2.1911180722717248e-06,
  "weight_decay": 1.9293523376091143e-05,
  "batch_size": 4,
  "hidden_dim": 256,
  "stack": "linear",
  "noise": 1.0,
  "metric": "loss_norm",
  "target_metric": "loss_norm",
  "loss": 0.8882232314422727,
  "accuracy": 0.7660833333333333,
  "fsa_inf_mean": 0.9563888841072719,
  "fsa_inf_std": 0.11499065905809402,
  "fsa_inf_mean_diff": 0.04361111589272815,
  "test_accuracy": 86.49,
  "test_loss": 0.5301097095765174,
  "test_fsa_2_mean": 0.8393999839305878,
  "test_fsa_2_std": 0.1790357530117035,
  "test_fsa_inf_mean": 0.8441999839305878,
  "test_fsa_inf_std": 0.17655640840530396
}