{
  "lr": 8.90678369004109e-06,
  "weight_decay": 1.974625204931719e-05,
  "batch_size": 8,
  "hidden_dim": 256,
  "stack": "linear",
  "noise": 0.0,
  "metric": "loss",
  "target_metric": "loss_diff",
  "loss": 0.42555938798685866,
  "accuracy": 0.8904166666666666,
  "fsa_inf_mean": 0.9766269185940425,
  "fsa_inf_std": 0.05550384148955345,
  "fsa_inf_mean_diff": 0.009087367971738147,
  "test_accuracy": 89.87,
  "test_loss": 0.40370518579930065,
  "test_fsa_2_mean": 0.7181542926311493,
  "test_fsa_2_std": 0.157276913523674,
  "test_fsa_inf_mean": 0.6946411422252655,
  "test_fsa_inf_std": 0.1756552755832672
}