{
  "lr": 1.8837387103928555e-06,
  "weight_decay": 2.3387214845867407e-06,
  "batch_size": 4,
  "hidden_dim": 128,
  "stack": "linear",
  "noise": 1.0,
  "metric": "loss_norm",
  "target_metric": "loss_norm",
  "loss": 1.981763009786606,
  "accuracy": 0.3007,
  "fsa_inf_mean": 0.9106666576862336,
  "fsa_inf_std": 0.15537157654762268,
  "fsa_inf_mean_diff": -0.11066668152809145,
  "test_accuracy": 34.35,
  "test_loss": 1.8930410781145095,
  "test_fsa_2_mean": 0.8043333152770996,
  "test_fsa_2_std": 0.1852489560842514,
  "test_fsa_inf_mean": 0.8043333152770996,
  "test_fsa_inf_std": 0.1852489560842514
}