{
  "lr": 3.4998152014089517e-06,
  "weight_decay": 2.4285115229448456e-05,
  "batch_size": 16,
  "hidden_dim": 512,
  "stack": "linear",
  "noise": 0.5,
  "metric": "loss_norm",
  "target_metric": "loss_norm",
  "loss": 0.5610908682545026,
  "accuracy": 0.8531666666666666,
  "fsa_inf_mean": 0.9672553981145223,
  "fsa_inf_std": 0.04255197197198868,
  "fsa_inf_mean_diff": -0.007200100501378426,
  "test_accuracy": 88.41,
  "test_loss": 0.427038921546936,
  "test_fsa_2_mean": 0.5240279225349427,
  "test_fsa_2_std": 0.10743580013513565,
  "test_fsa_inf_mean": 0.5019657998085022,
  "test_fsa_inf_std": 0.11641420423984528
}