{
  "lr": 8.111050085206967e-05,
  "weight_decay": 1.0773228231886888e-05,
  "batch_size": 8,
  "hidden_dim": 512,
  "stack": "linear",
  "noise": 0.0,
  "metric": "loss",
  "target_metric": "fsa_diff",
  "loss": 0.20517728422613193,
  "accuracy": 0.9403333333333334,
  "fsa_inf_mean": 0.976095087448756,
  "fsa_inf_std": 0.05540145933628082,
  "fsa_inf_mean_diff": -0.00466651431719467,
  "test_accuracy": 94.38,
  "test_loss": 0.1936443064386025,
  "test_fsa_2_mean": 0.7235870842456817,
  "test_fsa_2_std": 0.15662388503551483,
  "test_fsa_inf_mean": 0.7019074202537536,
  "test_fsa_inf_std": 0.17502844333648682
}