{
  "lr": 3.4185912151125965e-05,
  "weight_decay": 7.788324988262293e-05,
  "batch_size": 128,
  "hidden_dim": 128,
  "stack": "linear",
  "noise": 0.5,
  "metric": "fsa_inf_mean_norm",
  "target_metric": "loss_norm",
  "loss": 0.48146367168172877,
  "accuracy": 0.8664166666666666,
  "fsa_inf_mean": 0.8774773846281335,
  "fsa_inf_std": 0.02509324625134468,
  "fsa_inf_mean_diff": -0.011683417381124217,
  "test_accuracy": 88.58,
  "test_loss": 0.4237028996967062,
  "test_fsa_2_mean": 0.3305655936651592,
  "test_fsa_2_std": 0.07148738205432892,
  "test_fsa_inf_mean": 0.4025195052352133,
  "test_fsa_inf_std": 0.09634417295455933
}