{
  "lr": 1.3249938848261105e-06,
  "weight_decay": 4.587997302133406e-06,
  "batch_size": 16,
  "hidden_dim": 128,
  "stack": "linear",
  "noise": 0.0,
  "metric": "loss_norm",
  "target_metric": "loss_norm",
  "loss": 0.9422465808391571,
  "accuracy": 0.6889166666666666,
  "fsa_inf_mean": 0.9606922370592753,
  "fsa_inf_std": 0.04322364926338196,
  "fsa_inf_mean_diff": 0.01375633056958514,
  "test_accuracy": 68.22,
  "test_loss": 0.9461176283836364,
  "test_fsa_2_mean": 0.5147901312828064,
  "test_fsa_2_std": 0.10517691820859909,
  "test_fsa_inf_mean": 0.46473601808547976,
  "test_fsa_inf_std": 0.10866394639015198
}