{
  "lr": 2.7028430816049163e-06,
  "weight_decay": 2.557722303893314e-06,
  "batch_size": 16,
  "hidden_dim": 512,
  "stack": "linear",
  "noise": 1.0,
  "metric": "loss_norm",
  "target_metric": "loss_norm",
  "loss": 0.9595404753287633,
  "accuracy": 0.7553333333333333,
  "fsa_inf_mean": 0.8900837642351787,
  "fsa_inf_std": 0.06246650218963623,
  "fsa_inf_mean_diff": -0.01485921565691628,
  "test_accuracy": 85.94000000000001,
  "test_loss": 0.5845219952583313,
  "test_fsa_2_mean": 0.5194364433288574,
  "test_fsa_2_std": 0.10568277537822723,
  "test_fsa_inf_mean": 0.5013436734199523,
  "test_fsa_inf_std": 0.11488378793001175
}