{
  "lr": 1.0885835939795637e-06,
  "weight_decay": 3.839588814260613e-05,
  "batch_size": 4,
  "hidden_dim": 256,
  "stack": "linear",
  "noise": 0.5,
  "metric": "loss_norm",
  "target_metric": "loss_norm",
  "loss": 1.9368687448740005,
  "accuracy": 0.3299,
  "fsa_inf_mean": 0.9513333281993867,
  "fsa_inf_std": 0.1216266080737114,
  "fsa_inf_mean_diff": 0.015333334493637052,
  "test_accuracy": 34.38,
  "test_loss": 1.8998847543001174,
  "test_fsa_2_mean": 0.8065999818325043,
  "test_fsa_2_std": 0.1841467022895813,
  "test_fsa_inf_mean": 0.8065999818325043,
  "test_fsa_inf_std": 0.1841467022895813
}