{
  "lr": 2.3619259278101814e-06,
  "weight_decay": 1.264843894323344e-06,
  "batch_size": 4,
  "hidden_dim": 128,
  "stack": "linear",
  "noise": 0.5,
  "metric": "loss_norm",
  "target_metric": "loss_norm",
  "loss": 0.6534295467510819,
  "accuracy": 0.8421666666666666,
  "fsa_inf_mean": 0.9903333321809769,
  "fsa_inf_std": 0.055944811552762985,
  "fsa_inf_mean_diff": 0.009666667819023145,
  "test_accuracy": 87.28,
  "test_loss": 0.5038314932063221,
  "test_fsa_2_mean": 0.8415333173751831,
  "test_fsa_2_std": 0.17839078605175018,
  "test_fsa_inf_mean": 0.8453333173751831,
  "test_fsa_inf_std": 0.1763884723186493
}