{
  "lr": 6.302546683189702e-05,
  "weight_decay": 4.683470372423998e-06,
  "batch_size": 8,
  "hidden_dim": 128,
  "stack": "linear",
  "noise": 0.5,
  "metric": "loss",
  "target_metric": "loss_diff",
  "loss": 0.409852357365191,
  "accuracy": 0.8781666666666667,
  "fsa_inf_mean": 0.9808969349066416,
  "fsa_inf_std": 0.05009415000677109,
  "fsa_inf_mean_diff": -0.00946836177508037,
  "test_accuracy": 91.64,
  "test_loss": 0.29362352727558466,
  "test_fsa_2_mean": 0.7220921874523163,
  "test_fsa_2_std": 0.16056467592716217,
  "test_fsa_inf_mean": 0.6993124573230743,
  "test_fsa_inf_std": 0.1793537437915802
}