{
  "lr": 3.2886788537813072e-06,
  "weight_decay": 1.5655293353893786e-06,
  "batch_size": 16,
  "hidden_dim": 256,
  "stack": "linear",
  "noise": 1.0,
  "metric": "loss_norm",
  "target_metric": "loss_norm",
  "loss": 1.0151401494741439,
  "accuracy": 0.7534166666666666,
  "fsa_inf_mean": 0.8869725993474324,
  "fsa_inf_std": 0.0599963553249836,
  "fsa_inf_mean_diff": 0.018119187037150097,
  "test_accuracy": 85.61,
  "test_loss": 0.6246932768821716,
  "test_fsa_2_mean": 0.5209234274864197,
  "test_fsa_2_std": 0.10759951919317245,
  "test_fsa_inf_mean": 0.500285872745514,
  "test_fsa_inf_std": 0.11514405161142349
}