{
  "lr": 8.662639406823437e-07,
  "weight_decay": 3.1093329339917858e-06,
  "batch_size": 8,
  "hidden_dim": 256,
  "stack": "linear",
  "noise": 0.5,
  "metric": "loss",
  "target_metric": "fsa_inf_mean_diff",
  "loss": 1.4053853363196056,
  "accuracy": 0.75675,
  "fsa_inf_mean": 0.9799876005649567,
  "fsa_inf_std": 0.05185690522193909,
  "fsa_inf_mean_diff": -0.008559027433395427,
  "test_accuracy": 80.04,
  "test_loss": 1.2236825230121613,
  "test_fsa_2_mean": 0.6983269604206085,
  "test_fsa_2_std": 0.15559376776218414,
  "test_fsa_inf_mean": 0.6751243324756623,
  "test_fsa_inf_std": 0.17310038208961487
}