{
    "training_noise": 0.5,
    "seed": 10000,
    "stack": "tuning_curve",
    "network": "nn",
    "epochs": 20,
    "batch_size": 256,
    "dataset": "mnist",
    "test_noise": 0.2,
    "avg_loss": 0.6503814190626145,
    "accuracy": 79.7,
    "sharpness_scores": {
        "layers.0.weight": 0.5312373325228691,
        "layers.0.bias": 0.006798356026411057,
        "layers.2.weight": 0.41187144741415976,
        "layers.2.bias": 0.016060753911733627
    },
    "activation_scores": {
        "layers.0": {
            "std": 0.9093049764633179,
            "mean": -1.0515148639678955
        },
        "layers.1": {
            "std": 0.7857617735862732,
            "mean": -0.9433037638664246
        },
        "layers.2": {
            "std": 2.238893985748291,
            "mean": 1.4972915649414062
        }
    },
    "ruby_scores": {
        "fsa_inf": {
            "mean": 0.0978873148560524
        },
        "fsd_inf": {
            "mean": 0.09526856243610382
        }
    },
    "noise_sensitivity": {
        "fgsm": {
            "mean": 0.07608382798761873,
            "std": 0.05367635190486908
        }
    }
}