{
    "training_noise": 0.5,
    "seed": 10000,
    "stack": "tuning_curve",
    "network": "nn",
    "epochs": 30,
    "batch_size": 256,
    "dataset": "mnist",
    "test_noise": 0.2,
    "avg_loss": 0.44820605823770165,
    "accuracy": 86.85000000000001,
    "sharpness_scores": {
        "layers.0.weight": 0.4052958353422582,
        "layers.0.bias": 0.0009650861844420433,
        "layers.2.weight": 0.5951233661733568,
        "layers.2.bias": 0.004425948858261109
    },
    "activation_scores": {
        "layers.0": {
            "std": 1.386641263961792,
            "mean": -0.633971631526947
        },
        "layers.1": {
            "std": 1.4382317066192627,
            "mean": -0.45378145575523376
        },
        "layers.2": {
            "std": 4.876985549926758,
            "mean": 2.017479658126831
        }
    },
    "ruby_scores": {
        "fsa_inf": {
            "mean": 0.4226863980293274,
            "std": 0.08184850215911865
        },
        "fsd_inf": {
            "mean": 0.5622327037155628,
            "std": 0.09986643493175507
        }
    },
    "noise_sensitivity": {
        "fgsm": {
            "mean": 0.07628314276359635,
            "std": 0.04991535469889641
        }
    }
}