{
    "training_noise": 0.5,
    "seed": 10000,
    "stack": "tuning_curve",
    "network": "nn",
    "epochs": 30,
    "batch_size": 256,
    "dataset": "mnist",
    "test_noise": 0.2,
    "avg_loss": 0.47159060947597026,
    "accuracy": 87.14,
    "sharpness_scores": {
        "layers.0.weight": 0.4613241795450449,
        "layers.0.bias": -0.001904367096722126,
        "layers.2.weight": 0.4213880620896816,
        "layers.2.bias": -0.0019578395411372186
    },
    "activation_scores": {
        "layers.0": {
            "std": 1.2877963781356812,
            "mean": -1.5376417636871338
        },
        "layers.1": {
            "std": 1.4581698179244995,
            "mean": -1.6245501041412354
        },
        "layers.2": {
            "std": 6.3026580810546875,
            "mean": -0.47002941370010376
        }
    },
    "ruby_scores": {
        "fsa_inf": {
            "mean": 0.3986802563071251,
            "std": 0.09870095551013947
        },
        "fsd_inf": {
            "mean": 0.5753507524728775,
            "std": 0.09568558633327484
        }
    },
    "noise_sensitivity": {
        "fgsm": {
            "mean": 0.07433952528436882,
            "std": 0.06478801369667053
        }
    }
}