{
    "training_noise": 0.5,
    "seed": 10000,
    "stack": "tuning_curve",
    "network": "nn",
    "epochs": 100,
    "batch_size": 256,
    "dataset": "mnist",
    "test_noise": 0.2,
    "avg_loss": 0.417100396938622,
    "accuracy": 87.42,
    "sharpness_scores": {
        "layers.0.weight": 0.5377263264730573,
        "layers.0.bias": -0.00012221941724419594,
        "layers.2.weight": 0.7443301102146507,
        "layers.2.bias": 0.0016340967267751694
    },
    "activation_scores": {
        "layers.0": {
            "std": 1.6982706785202026,
            "mean": -0.47786468267440796
        },
        "layers.1": {
            "std": 1.730654001235962,
            "mean": -0.5961276292800903
        },
        "layers.2": {
            "std": 5.41706657409668,
            "mean": 1.854372262954712
        }
    },
    "ruby_scores": {
        "fsa_inf": {
            "mean": 0.43645672798156737,
            "std": 0.08273261040449142
        },
        "fsd_inf": {
            "mean": 0.5678524874150753,
            "std": 0.07718315720558167
        }
    },
    "noise_sensitivity": {
        "fgsm": {
            "mean": 0.07777558770087602,
            "std": 0.053520772606134415
        }
    }
}