{
  "lr": 8.204966977972809e-05,
  "weight_decay": 2.203868966506105e-06,
  "batch_size": 8,
  "hidden_dim": 128,
  "stack": "linear",
  "noise": 0.5,
  "metric": "loss_norm",
  "target_metric": "loss_norm",
  "loss": 1.639643193912506,
  "accuracy": 0.4216,
  "fsa_inf_mean": 0.9175341249465943,
  "fsa_inf_std": 0.09689346700906754,
  "fsa_inf_mean_diff": -0.008010315990447991,
  "test_accuracy": 44.86,
  "test_loss": 1.5589029991388321,
  "test_fsa_2_mean": 0.6758341321468353,
  "test_fsa_2_std": 0.1465015560388565,
  "test_fsa_inf_mean": 0.6598442945480346,
  "test_fsa_inf_std": 0.15781418979167938
}