{
  "lr": 1.0079269850218188e-06,
  "weight_decay": 6.218935795441295e-05,
  "batch_size": 8,
  "hidden_dim": 256,
  "stack": "linear",
  "noise": 0.5,
  "metric": "loss_norm",
  "target_metric": "loss_norm",
  "loss": 1.0044925964474678,
  "accuracy": 0.69275,
  "fsa_inf_mean": 0.9675254652102788,
  "fsa_inf_std": 0.06365354359149933,
  "fsa_inf_mean_diff": -0.010382605512936904,
  "test_accuracy": 67.53,
  "test_loss": 0.9052820458173751,
  "test_fsa_2_mean": 0.6577946016311645,
  "test_fsa_2_std": 0.13812704384326935,
  "test_fsa_inf_mean": 0.6280197432041168,
  "test_fsa_inf_std": 0.15492992103099823
}