{
  "lr": 5.868465743238976e-05,
  "weight_decay": 1.176418238054913e-06,
  "batch_size": 4,
  "hidden_dim": 256,
  "stack": "linear",
  "noise": 0.0,
  "metric": "loss",
  "target_metric": "loss_norm",
  "loss": 0.4490009040569421,
  "accuracy": 0.843,
  "fsa_inf_mean": 0.9882222208579381,
  "fsa_inf_std": 0.06200038269162178,
  "fsa_inf_mean_diff": 0.011777779142061906,
  "test_accuracy": 83.81,
  "test_loss": 0.46118832477419636,
  "test_fsa_2_mean": 0.8186666487216949,
  "test_fsa_2_std": 0.18085654079914093,
  "test_fsa_inf_mean": 0.821266648721695,
  "test_fsa_inf_std": 0.17984747886657715
}