{
  "lr": 6.364467078477959e-05,
  "weight_decay": 2.968459123710349e-05,
  "batch_size": 16,
  "hidden_dim": 256,
  "stack": "linear",
  "noise": 1.0,
  "metric": "loss",
  "target_metric": "loss_norm",
  "loss": 0.6785537112951279,
  "accuracy": 0.7593333333333333,
  "fsa_inf_mean": 0.8944561561743418,
  "fsa_inf_std": 0.06195409968495369,
  "fsa_inf_mean_diff": -0.0006240030924479223,
  "test_accuracy": 83.11,
  "test_loss": 0.48427147260904313,
  "test_fsa_2_mean": 0.5314214281082154,
  "test_fsa_2_std": 0.10786455869674683,
  "test_fsa_inf_mean": 0.4843224898338318,
  "test_fsa_inf_std": 0.11527708917856216
}