{
    "training_noise": 0.5,
    "seed": 10000,
    "stack": "tuning_curve",
    "network": "nn",
    "epochs": 100,
    "batch_size": 256,
    "dataset": "mnist",
    "test_noise": 0.2,
    "avg_loss": 0.38702637795358896,
    "accuracy": 88.57000000000001,
    "sharpness_scores": {
        "layers.0.weight": 0.5150145335122943,
        "layers.0.bias": 0.005195872206240892,
        "layers.2.weight": 1.1272123208269478,
        "layers.2.bias": 0.00181836299598217
    },
    "activation_scores": {
        "layers.0": {
            "std": 1.5696159601211548,
            "mean": 1.43418288230896
        },
        "layers.1": {
            "std": 1.7548255920410156,
            "mean": 1.0669816732406616
        },
        "layers.2": {
            "std": 5.612421989440918,
            "mean": -0.2649495601654053
        }
    },
    "ruby_scores": {
        "fsa_inf": {
            "mean": 0.43802051693201066,
            "std": 0.07909225672483444
        },
        "fsd_inf": {
            "mean": 0.5668624833226203,
            "std": 0.08046663552522659
        }
    },
    "noise_sensitivity": {
        "fgsm": {
            "mean": 0.07768571835128943,
            "std": 0.049633465707302094
        }
    }
}