{
  "lr": 0.01242585608304764,
  "weight_decay": 8.057664444777896e-08,
  "batch_size": 16,
  "hidden_dim": 128,
  "stack": "linear",
  "noise": 1.0,
  "noise_probability": 0.5,
  "metric": "loss",
  "target_metric": "fsa_inf_std",
  "loss": 0.8798303697506586,
  "accuracy": 0.7199166666666666,
  "fsa_inf_mean": 0.9062354257901509,
  "fsa_inf_std": 0.05176196247339249,
  "test_accuracy": 90.99000000000001,
  "test_loss": 0.3553906352289021,
  "test_fsa_2_mean": 0.5251903593063354,
  "test_fsa_2_std": 0.1065472811460495,
  "test_fsa_inf_mean": 0.5027893815994263,
  "test_fsa_inf_std": 0.11723322421312332
}