{
  "lr": 0.012760329587751454,
  "weight_decay": 3.007254102667887e-07,
  "batch_size": 16,
  "hidden_dim": 128,
  "stack": "linear",
  "noise": 0.0,
  "noise_probability": 0.5,
  "metric": "loss",
  "target_metric": "fsa_inf_std",
  "loss": 0.2569030603688904,
  "accuracy": 0.9474166666666667,
  "fsa_inf_mean": 0.9574871796766917,
  "fsa_inf_std": 0.04582693427801132,
  "test_accuracy": 93.08,
  "test_loss": 0.2587621806487208,
  "test_fsa_2_mean": 0.5289814300537109,
  "test_fsa_2_std": 0.10416758060455322,
  "test_fsa_inf_mean": 0.506567067527771,
  "test_fsa_inf_std": 0.11429281532764435
}