{
    "training_noise": 0.5,
    "stack": "linear",
    "network": "nn",
    "seed": 8474144,
    "epochs": 100,
    "batch_size": 256,
    "dataset": "mnist",
    "test_noise": 0.2,
    "avg_loss": 0.4362978167831898,
    "accuracy": 86.55000000000001,
    "sharpness_scores": {
        "layers.0.weight": 0.2295168697834015,
        "layers.0.bias": -0.00025572944432497027,
        "layers.2.weight": 0.8481272540986537,
        "layers.2.bias": -0.0006979139521718025
    },
    "activation_scores": {
        "layers.0": {
            "std": 1.2930525541305542,
            "mean": 8.636062622070312
        },
        "layers.1": {
            "std": 0.9587229490280151,
            "mean": 13.013223648071289
        },
        "layers.2": {
            "std": 4.2876434326171875,
            "mean": -19.022472381591797
        }
    },
    "ruby_scores": {
        "fsa_2": {
            "mean": 0.3196688562631607,
            "std": 0.08496169000864029
        },
        "fsa_inf": {
            "mean": 0.3894905254244804,
            "std": 0.08918798714876175
        },
        "fsd_2": {
            "mean": 0.49064016044139863,
            "std": 0.04039367660880089
        },
        "fsd_inf": {
            "mean": 0.5714317567646503,
            "std": 0.0970626175403595
        }
    },
    "noise_sensitivity": {
        "fgsm": {
            "mean": 0.07056450304582271,
            "std": 0.047168608754873276
        }
    }
}