{
    "training_noise": 0.5,
    "stack": "linear",
    "network": "nn",
    "seed": 5380759,
    "epochs": 30,
    "batch_size": 256,
    "dataset": "mnist",
    "test_noise": 0.2,
    "avg_loss": 0.9558931812644005,
    "accuracy": 82.95,
    "sharpness_scores": {
        "layers.0.weight": 1.1788006559014321,
        "layers.0.bias": 0.14218307584524154,
        "layers.2.weight": 0.29390009492635727,
        "layers.2.bias": 0.015151260793209076
    },
    "activation_scores": {
        "layers.0": {
            "std": 0.9971778988838196,
            "mean": -0.04526326060295105
        },
        "layers.1": {
            "std": 0.21217772364616394,
            "mean": 0.9532626271247864
        },
        "layers.2": {
            "std": 0.9789499044418335,
            "mean": -1.5789985656738281
        }
    },
    "ruby_scores": {
        "FSA_2.0": 0.33379934877157214,
        "FSA_inf": 0.40618948489427564,
        "FSD_2.0": 0.4968066968023777,
        "FSD_inf": 0.5837300017476081
    }
}