{
    "network": "population",
    "avg_loss": 0.3576951518833051,
    "accuracy": 89.45,
    "sharpness_scores": {
        "layers.0.weight": 3.1394787888377094,
        "layers.0.bias": 0.016896098955780734,
        "layers.2.weight": 0.6993045853701538,
        "layers.2.bias": 0.0012010048761725556
    },
    "activation_scores": {
        "layers.0": {
            "std": 3.2586400508880615,
            "mean": 2.877103328704834
        },
        "layers.1": {
            "std": 0.30788877606391907,
            "mean": 3.2540550231933594
        },
        "layers.2": {
            "std": 16.624645233154297,
            "mean": -690.2615966796875
        }
    },
    "ruby_scores": {
        "fsa_2": {
            "mean": 0.8223999823570252,
            "std": 0.18056750297546387
        },
        "fsa_inf": {
            "mean": 0.8247999823570251,
            "std": 0.17958618700504303
        },
        "fsd_2": {
            "mean": 0.49817628284096716,
            "std": 0.15575873851776123
        },
        "fsd_inf": {
            "mean": 0.5042566153109074,
            "std": 0.3163565993309021
        }
    },
    "noise_sensitivity": {
        "fgsm": {
            "mean": 0.029109923825339428,
            "std": 0.031419653445482254
        }
    },
    "hyper_parameter": {
        "dataset": "cifar10",
        "hidden_dim": 256,
        "training_noise": 0.5,
        "test_noise": 0.2,
        "batch_size": 4,
        "learning_rate": 7.130457568757509e-05,
        "weight_decay": 7.553055266221878e-05,
        "epochs": 100,
        "created_on": "2025_11_20_09_22_08",
        "seed": 9508906,
        "subset": null,
        "sigma": 0.7205321157237949,
        "neurons": 12,
        "orientation": [
            -5,
            5
        ],
        "activation": "tuning_curve",
        "stimulus": "RAND_NORMAL",
        "encoded_output": true
    }
}