{
    "network": "population",
    "avg_loss": 1.745972793006897,
    "accuracy": 38.51,
    "sharpness_scores": {
        "layers.0.weight": 0.7424109155654908,
        "layers.0.bias": 0.00403859395980835,
        "layers.2.weight": 4.8592745183944706,
        "layers.2.bias": 0.012211083173751832
    },
    "activation_scores": {
        "layers.0": {
            "std": 1.8020910024642944,
            "mean": -0.5153313279151917
        },
        "layers.1": {
            "std": 0.3363920748233795,
            "mean": 4.011927127838135
        },
        "layers.2": {
            "std": 1.7374448776245117,
            "mean": -9.085458755493164
        }
    },
    "ruby_scores": {
        "fsa_2": {
            "mean": 0.6689974796295166,
            "std": 0.14777347445487976
        },
        "fsa_inf": {
            "mean": 0.6564615142345428,
            "std": 0.15506911277770996
        },
        "fsd_2": {
            "mean": 0.4701496866703033,
            "std": 0.08362124115228653
        },
        "fsd_inf": {
            "mean": 0.5363762856483459,
            "std": 0.08312060683965683
        }
    },
    "noise_sensitivity": {
        "fgsm": {
            "mean": 0.03349608442530603,
            "std": 0.029148347675800323
        }
    },
    "hyper_parameter": {
        "dataset": "cifar10",
        "hidden_dim": 256,
        "training_noise": 0.5,
        "test_noise": 0.2,
        "batch_size": 8,
        "learning_rate": 3.354068813854334e-07,
        "weight_decay": 1.7125484950131528e-05,
        "epochs": 100,
        "created_on": "2025_11_15_16_29_52",
        "seed": 1359830,
        "subset": null,
        "sigma": 0.8987848001978807,
        "neurons": 12,
        "orientation": [
            -4,
            4
        ],
        "activation": "tuning_curve",
        "stimulus": "LINEAR",
        "encoded_output": true
    }
}