{
    "network": "population",
    "avg_loss": 1.6702449461460114,
    "accuracy": 41.5,
    "sharpness_scores": {
        "layers.0.weight": 0.8450066950321198,
        "layers.0.bias": 0.006296195363998413,
        "layers.2.weight": 5.980971268033981,
        "layers.2.bias": 0.017414578485488892
    },
    "activation_scores": {
        "layers.0": {
            "std": 1.8469054698944092,
            "mean": -0.7379676699638367
        },
        "layers.1": {
            "std": 0.34827080368995667,
            "mean": 5.371135711669922
        },
        "layers.2": {
            "std": 1.8096222877502441,
            "mean": -10.689311027526855
        }
    },
    "ruby_scores": {
        "fsa_2": {
            "mean": 0.6820399829387664,
            "std": 0.14186719059944153
        },
        "fsa_inf": {
            "mean": 0.6681279032230377,
            "std": 0.15069369971752167
        },
        "fsd_2": {
            "mean": 0.4693710453271866,
            "std": 0.08138804137706757
        },
        "fsd_inf": {
            "mean": 0.5392846797823906,
            "std": 0.08299163728952408
        }
    },
    "noise_sensitivity": {
        "fgsm": {
            "mean": 0.028482407551277,
            "std": 0.02457081526517868
        }
    },
    "hyper_parameter": {
        "dataset": "cifar10",
        "hidden_dim": 256,
        "training_noise": 0.0,
        "test_noise": 0.2,
        "batch_size": 8,
        "learning_rate": 3.9843983439631946e-07,
        "weight_decay": 8.75897173684552e-05,
        "epochs": 100,
        "created_on": "2025_11_15_16_29_52",
        "seed": 5551113,
        "subset": null,
        "sigma": 1.0428551013176683,
        "neurons": 12,
        "orientation": [
            -4,
            4
        ],
        "activation": "tuning_curve",
        "stimulus": "RAND_UNIFORM",
        "encoded_output": true
    }
}