{
    "network": "population",
    "avg_loss": 1.3155353368759155,
    "accuracy": 54.94,
    "sharpness_scores": {
        "layers.0.weight": 1.5127157348632811,
        "layers.0.bias": 0.07190624036788941,
        "layers.2.weight": 3.9214922090530395,
        "layers.2.bias": 0.008482430553436279
    },
    "activation_scores": {
        "layers.0": {
            "std": 1.7742888927459717,
            "mean": 0.9404438734054565
        },
        "layers.1": {
            "std": 0.35968172550201416,
            "mean": 5.885559558868408
        },
        "layers.2": {
            "std": 2.9737441539764404,
            "mean": -40.12314224243164
        }
    },
    "ruby_scores": {
        "fsa_2": {
            "mean": 0.5278657712936401,
            "std": 0.10708128660917282
        },
        "fsa_inf": {
            "mean": 0.49021542053222655,
            "std": 0.11528673768043518
        },
        "fsd_2": {
            "mean": 0.4446475049495697,
            "std": 0.07256757467985153
        },
        "fsd_inf": {
            "mean": 0.5281804604530335,
            "std": 0.067435123026371
        }
    },
    "noise_sensitivity": {
        "fgsm": {
            "mean": 0.00978378394557427,
            "std": 0.007851901464164257
        }
    },
    "hyper_parameter": {
        "dataset": "cifar10",
        "hidden_dim": 256,
        "training_noise": 0.0,
        "test_noise": 0.2,
        "batch_size": 16,
        "learning_rate": 1.2820328931565729e-05,
        "weight_decay": 1.0894344947726136e-06,
        "epochs": 100,
        "created_on": "2025_11_14_20_04_53",
        "seed": 4535835,
        "subset": null,
        "sigma": 0.5784044221652526,
        "neurons": 8,
        "orientation": [
            -5,
            5
        ],
        "activation": "tuning_curve",
        "stimulus": "RAND_NORMAL",
        "encoded_output": true
    }
}