{
    "network": "population",
    "avg_loss": 1.67110201086998,
    "accuracy": 41.23,
    "sharpness_scores": {
        "layers.0.weight": 0.8547147200107574,
        "layers.0.bias": 0.0055494202136993406,
        "layers.2.weight": 5.840947985506058,
        "layers.2.bias": 0.0151844229221344
    },
    "activation_scores": {
        "layers.0": {
            "std": 1.8403339385986328,
            "mean": -0.24727067351341248
        },
        "layers.1": {
            "std": 0.3479423224925995,
            "mean": 5.272213459014893
        },
        "layers.2": {
            "std": 1.79913330078125,
            "mean": -8.858664512634277
        }
    },
    "ruby_scores": {
        "fsa_2": {
            "mean": 0.677784125328064,
            "std": 0.14359836280345917
        },
        "fsa_inf": {
            "mean": 0.6634952311992646,
            "std": 0.152858167886734
        },
        "fsd_2": {
            "mean": 0.4693206819295883,
            "std": 0.08140525966882706
        },
        "fsd_inf": {
            "mean": 0.5381387699604034,
            "std": 0.08476760983467102
        }
    },
    "noise_sensitivity": {
        "fgsm": {
            "mean": 0.02876910600722205,
            "std": 0.024950813502073288
        }
    },
    "hyper_parameter": {
        "dataset": "cifar10",
        "hidden_dim": 256,
        "training_noise": 0.0,
        "test_noise": 0.2,
        "batch_size": 8,
        "learning_rate": 3.9843983439631946e-07,
        "weight_decay": 8.75897173684552e-05,
        "epochs": 100,
        "created_on": "2025_11_15_16_29_52",
        "seed": 5547043,
        "subset": null,
        "sigma": 1.0428551013176683,
        "neurons": 12,
        "orientation": [
            -4,
            4
        ],
        "activation": "tuning_curve",
        "stimulus": "RAND_UNIFORM",
        "encoded_output": true
    }
}