{
    "network": "population",
    "avg_loss": 1.9102282882213593,
    "accuracy": 36.28,
    "sharpness_scores": {
        "layers.0.weight": 0.6738543748378754,
        "layers.0.bias": -0.009634033393859863,
        "layers.2.weight": 3.443491211938858,
        "layers.2.bias": 0.01580752682685852
    },
    "activation_scores": {
        "layers.0": {
            "std": 1.8125019073486328,
            "mean": 1.0292432308197021
        },
        "layers.1": {
            "std": 0.28118592500686646,
            "mean": 2.2538058757781982
        },
        "layers.2": {
            "std": 2.2837255001068115,
            "mean": -13.24193286895752
        }
    },
    "ruby_scores": {
        "fsa_2": {
            "mean": 0.657541045331955,
            "std": 0.14139284193515778
        },
        "fsa_inf": {
            "mean": 0.6438827191829681,
            "std": 0.14954116940498352
        },
        "fsd_2": {
            "mean": 0.47461626741886137,
            "std": 0.08567874878644943
        },
        "fsd_inf": {
            "mean": 0.5397412106990814,
            "std": 0.08313746750354767
        }
    },
    "noise_sensitivity": {
        "fgsm": {
            "mean": 0.036259327677492716,
            "std": 0.03201361000537872
        }
    },
    "hyper_parameter": {
        "dataset": "cifar10",
        "hidden_dim": 256,
        "training_noise": 1.0,
        "test_noise": 0.2,
        "batch_size": 8,
        "learning_rate": 9.275925362358125e-07,
        "weight_decay": 7.253966750782282e-05,
        "epochs": 100,
        "created_on": "2025_11_15_16_29_52",
        "seed": 1869321,
        "subset": null,
        "sigma": 0.6063030476462757,
        "neurons": 16,
        "orientation": [
            -5,
            5
        ],
        "activation": "tuning_curve",
        "stimulus": "LINEAR",
        "encoded_output": true
    }
}