{
    "network": "population",
    "avg_loss": 1.7459528607368469,
    "accuracy": 38.62,
    "sharpness_scores": {
        "layers.0.weight": 0.7391997832298279,
        "layers.0.bias": 0.00393877272605896,
        "layers.2.weight": 4.803894824886322,
        "layers.2.bias": 0.01675644688606262
    },
    "activation_scores": {
        "layers.0": {
            "std": 1.781314730644226,
            "mean": -0.1373729258775711
        },
        "layers.1": {
            "std": 0.33637136220932007,
            "mean": 4.014034271240234
        },
        "layers.2": {
            "std": 1.7313021421432495,
            "mean": -9.136469841003418
        }
    },
    "ruby_scores": {
        "fsa_2": {
            "mean": 0.6692756897449493,
            "std": 0.14765729010105133
        },
        "fsa_inf": {
            "mean": 0.656617743062973,
            "std": 0.15494349598884583
        },
        "fsd_2": {
            "mean": 0.4686829855918884,
            "std": 0.08418673276901245
        },
        "fsd_inf": {
            "mean": 0.5384649669885635,
            "std": 0.08519712835550308
        }
    },
    "noise_sensitivity": {
        "fgsm": {
            "mean": 0.03262942570023069,
            "std": 0.028726713731884956
        }
    },
    "hyper_parameter": {
        "dataset": "cifar10",
        "hidden_dim": 256,
        "training_noise": 0.5,
        "test_noise": 0.2,
        "batch_size": 8,
        "learning_rate": 3.354068813854334e-07,
        "weight_decay": 1.7125484950131528e-05,
        "epochs": 100,
        "created_on": "2025_11_15_16_29_52",
        "seed": 1477166,
        "subset": null,
        "sigma": 0.8987848001978807,
        "neurons": 12,
        "orientation": [
            -4,
            4
        ],
        "activation": "tuning_curve",
        "stimulus": "LINEAR",
        "encoded_output": true
    }
}