{
    "network": "population",
    "avg_loss": 1.7454560924053193,
    "accuracy": 38.71,
    "sharpness_scores": {
        "layers.0.weight": 0.7555720360279083,
        "layers.0.bias": 0.0025974287509918214,
        "layers.2.weight": 4.75349860625267,
        "layers.2.bias": 0.015764806413650512
    },
    "activation_scores": {
        "layers.0": {
            "std": 1.8053709268569946,
            "mean": -0.42081552743911743
        },
        "layers.1": {
            "std": 0.33638259768486023,
            "mean": 4.01222038269043
        },
        "layers.2": {
            "std": 1.7313672304153442,
            "mean": -8.728243827819824
        }
    },
    "ruby_scores": {
        "fsa_2": {
            "mean": 0.6690195513248444,
            "std": 0.14484088122844696
        },
        "fsa_inf": {
            "mean": 0.6560066127300263,
            "std": 0.15274304151535034
        },
        "fsd_2": {
            "mean": 0.46885082669258116,
            "std": 0.08298125863075256
        },
        "fsd_inf": {
            "mean": 0.5392339142799377,
            "std": 0.08052229881286621
        }
    },
    "noise_sensitivity": {
        "fgsm": {
            "mean": 0.032816798704493895,
            "std": 0.028827598318457603
        }
    },
    "hyper_parameter": {
        "dataset": "cifar10",
        "hidden_dim": 256,
        "training_noise": 0.5,
        "test_noise": 0.2,
        "batch_size": 8,
        "learning_rate": 3.354068813854334e-07,
        "weight_decay": 1.7125484950131528e-05,
        "epochs": 100,
        "created_on": "2025_11_15_16_29_52",
        "seed": 4012278,
        "subset": null,
        "sigma": 0.8987848001978807,
        "neurons": 12,
        "orientation": [
            -4,
            4
        ],
        "activation": "tuning_curve",
        "stimulus": "LINEAR",
        "encoded_output": true
    }
}