{
    "network": "population",
    "avg_loss": 1.9148294914722443,
    "accuracy": 36.13,
    "sharpness_scores": {
        "layers.0.weight": 0.6800447502613067,
        "layers.0.bias": -0.009338725757598877,
        "layers.2.weight": 3.468322886991501,
        "layers.2.bias": 0.011297216033935548
    },
    "activation_scores": {
        "layers.0": {
            "std": 1.7897090911865234,
            "mean": -1.0946004390716553
        },
        "layers.1": {
            "std": 0.28117677569389343,
            "mean": 2.2540314197540283
        },
        "layers.2": {
            "std": 2.285862922668457,
            "mean": -12.267337799072266
        }
    },
    "ruby_scores": {
        "fsa_2": {
            "mean": 0.6629765478610993,
            "std": 0.14040741324424744
        },
        "fsa_inf": {
            "mean": 0.6506523544788361,
            "std": 0.14774677157402039
        },
        "fsd_2": {
            "mean": 0.4735252564430237,
            "std": 0.08510860055685043
        },
        "fsd_inf": {
            "mean": 0.5382014687299729,
            "std": 0.08503405004739761
        }
    },
    "noise_sensitivity": {
        "fgsm": {
            "mean": 0.03609007607535048,
            "std": 0.03267916664481163
        }
    },
    "hyper_parameter": {
        "dataset": "cifar10",
        "hidden_dim": 256,
        "training_noise": 1.0,
        "test_noise": 0.2,
        "batch_size": 8,
        "learning_rate": 9.275925362358125e-07,
        "weight_decay": 7.253966750782282e-05,
        "epochs": 100,
        "created_on": "2025_11_15_16_29_52",
        "seed": 8504851,
        "subset": null,
        "sigma": 0.6063030476462757,
        "neurons": 16,
        "orientation": [
            -5,
            5
        ],
        "activation": "tuning_curve",
        "stimulus": "LINEAR",
        "encoded_output": true
    }
}