{
    "network": "population",
    "avg_loss": 1.7431734604358673,
    "accuracy": 38.56,
    "sharpness_scores": {
        "layers.0.weight": 0.7506480330944061,
        "layers.0.bias": 0.005047989559173584,
        "layers.2.weight": 4.77377752327919,
        "layers.2.bias": 0.013156962871551514
    },
    "activation_scores": {
        "layers.0": {
            "std": 1.792284607887268,
            "mean": -1.3367197513580322
        },
        "layers.1": {
            "std": 0.33634695410728455,
            "mean": 4.012545585632324
        },
        "layers.2": {
            "std": 1.7319294214248657,
            "mean": -8.189432144165039
        }
    },
    "ruby_scores": {
        "fsa_2": {
            "mean": 0.6730681770324707,
            "std": 0.14559049904346466
        },
        "fsa_inf": {
            "mean": 0.6600678196430206,
            "std": 0.1540064662694931
        },
        "fsd_2": {
            "mean": 0.4701813650369644,
            "std": 0.08518383651971817
        },
        "fsd_inf": {
            "mean": 0.5376649445414543,
            "std": 0.08375997841358185
        }
    },
    "noise_sensitivity": {
        "fgsm": {
            "mean": 0.033038120152640314,
            "std": 0.02869475446641445
        }
    },
    "hyper_parameter": {
        "dataset": "cifar10",
        "hidden_dim": 256,
        "training_noise": 0.5,
        "test_noise": 0.2,
        "batch_size": 8,
        "learning_rate": 3.354068813854334e-07,
        "weight_decay": 1.7125484950131528e-05,
        "epochs": 100,
        "created_on": "2025_11_15_16_29_52",
        "seed": 1657214,
        "subset": null,
        "sigma": 0.8987848001978807,
        "neurons": 12,
        "orientation": [
            -4,
            4
        ],
        "activation": "tuning_curve",
        "stimulus": "LINEAR",
        "encoded_output": true
    }
}