{
    "network": "linear",
    "avg_loss": 0.2848593170836568,
    "accuracy": 91.96,
    "sharpness_scores": {
        "layers.0.weight": 0.5254324582263827,
        "layers.0.bias": 0.007730495043098927,
        "layers.2.weight": 1.4697860865160823,
        "layers.2.bias": 0.003400008471310139
    },
    "activation_scores": {
        "layers.0": {
            "std": 0.9059522151947021,
            "mean": 13.403535842895508
        },
        "layers.1": {
            "std": 0.7817940711975098,
            "mean": 14.450217247009277
        },
        "layers.2": {
            "std": 3.964521884918213,
            "mean": -35.61048889160156
        }
    },
    "ruby_scores": {
        "fsa_2": {
            "mean": 0.5213447875022889,
            "std": 0.10529739409685135
        },
        "fsa_inf": {
            "mean": 0.49388772783279417,
            "std": 0.1192205548286438
        },
        "fsd_2": {
            "mean": 0.5197135065555573,
            "std": 0.07182276248931885
        },
        "fsd_inf": {
            "mean": 0.7780872560501099,
            "std": 0.1423463374376297
        }
    },
    "noise_sensitivity": {
        "fgsm": {
            "mean": 0.05747737693713082,
            "std": 0.032109539955854416
        }
    },
    "hyper_parameter": {
        "dataset": "mnist",
        "hidden_dim": 256,
        "training_noise": 0.0,
        "test_noise": 0.2,
        "batch_size": 16,
        "learning_rate": 8.854271103940451e-07,
        "weight_decay": 2.612501702852565e-05,
        "epochs": 100,
        "created_on": "2025_11_13_17_45_29",
        "seed": 3697633,
        "subset": null
    }
}