{
    "network": "population",
    "avg_loss": 0.48383587687275137,
    "accuracy": 85.61999999999999,
    "sharpness_scores": {
        "layers.0.weight": 0.42927914448510857,
        "layers.0.bias": 0.0014908403631299734,
        "layers.2.weight": 0.4479233279587701,
        "layers.2.bias": 0.0025472691010683776
    },
    "activation_scores": {
        "layers.0": {
            "std": 1.243183970451355,
            "mean": 1.1632516384124756
        },
        "layers.1": {
            "std": 0.34286803007125854,
            "mean": 8.693535804748535
        },
        "layers.2": {
            "std": 3.960942029953003,
            "mean": -42.30710220336914
        }
    },
    "ruby_scores": {
        "fsa_2": {
            "mean": 0.8300666502952576,
            "std": 0.1822463423013687
        },
        "fsa_inf": {
            "mean": 0.8370666502952576,
            "std": 0.17900650203227997
        },
        "fsd_2": {
            "mean": 0.4895720715761185,
            "std": 0.1609378606081009
        },
        "fsd_inf": {
            "mean": 0.40870966750979426,
            "std": 0.33832329511642456
        }
    },
    "noise_sensitivity": {
        "fgsm": {
            "mean": 0.08844951760260673,
            "std": 0.05538583919405937
        }
    },
    "hyper_parameter": {
        "dataset": "mnist",
        "hidden_dim": 128,
        "training_noise": 1.0,
        "test_noise": 0.2,
        "batch_size": 4,
        "learning_rate": 3.9427097335568225e-06,
        "weight_decay": 1.996299570923067e-05,
        "epochs": 100,
        "created_on": "2025_11_16_23_37_28",
        "seed": 5430763,
        "subset": null,
        "sigma": 0.9524318370318507,
        "neurons": 12,
        "orientation": [
            -1,
            1
        ],
        "activation": "tuning_curve",
        "stimulus": "RAND_UNIFORM",
        "encoded_output": true
    }
}