{
    "network": "population",
    "avg_loss": 0.1973022675092514,
    "accuracy": 93.78999999999999,
    "sharpness_scores": {
        "layers.0.weight": 2.3395516112034027,
        "layers.0.bias": 0.019808824671332697,
        "layers.2.weight": 1.572868366867611,
        "layers.2.bias": 0.0008035559734445996
    },
    "activation_scores": {
        "layers.0": {
            "std": 1.0797585248947144,
            "mean": 0.015721065923571587
        },
        "layers.1": {
            "std": 0.36143818497657776,
            "mean": 7.248732089996338
        },
        "layers.2": {
            "std": 4.371420860290527,
            "mean": -59.48278045654297
        }
    },
    "ruby_scores": {
        "fsa_2": {
            "mean": 0.8457999846458435,
            "std": 0.17851735651493073
        },
        "fsa_inf": {
            "mean": 0.8513999846458435,
            "std": 0.17539578676223755
        },
        "fsd_2": {
            "mean": 0.49887516236305235,
            "std": 0.1506456732749939
        },
        "fsd_inf": {
            "mean": 0.4167361496388912,
            "std": 0.3378992974758148
        }
    },
    "noise_sensitivity": {
        "fgsm": {
            "mean": 0.0776314817707881,
            "std": 0.041096512228250504
        }
    },
    "hyper_parameter": {
        "dataset": "mnist",
        "hidden_dim": 128,
        "training_noise": 0.5,
        "test_noise": 0.2,
        "batch_size": 4,
        "learning_rate": 3.0280881706635698e-06,
        "weight_decay": 7.683806382906551e-05,
        "epochs": 100,
        "created_on": "2025_11_16_23_37_28",
        "seed": 4234399,
        "subset": null,
        "sigma": 0.6351072657784211,
        "neurons": 12,
        "orientation": [
            0,
            1
        ],
        "activation": "tuning_curve",
        "stimulus": "RAND_UNIFORM",
        "encoded_output": true
    }
}