{
    "network": "population",
    "avg_loss": 0.18583766895153966,
    "accuracy": 94.25,
    "sharpness_scores": {
        "layers.0.weight": 2.2417067048825934,
        "layers.0.bias": 0.015026377766035147,
        "layers.2.weight": 1.593268780247413,
        "layers.2.bias": 0.0015504179598414339
    },
    "activation_scores": {
        "layers.0": {
            "std": 1.0679118633270264,
            "mean": 0.1774558126926422
        },
        "layers.1": {
            "std": 0.36065202951431274,
            "mean": 7.22421932220459
        },
        "layers.2": {
            "std": 4.258661270141602,
            "mean": -61.02345657348633
        }
    },
    "ruby_scores": {
        "fsa_2": {
            "mean": 0.8465333180427551,
            "std": 0.17837116122245789
        },
        "fsa_inf": {
            "mean": 0.8519333180427551,
            "std": 0.17534001171588898
        },
        "fsd_2": {
            "mean": 0.49986648061275485,
            "std": 0.149782195687294
        },
        "fsd_inf": {
            "mean": 0.4135028167963028,
            "std": 0.3381617069244385
        }
    },
    "noise_sensitivity": {
        "fgsm": {
            "mean": 0.07659735921422246,
            "std": 0.04034781828522682
        }
    },
    "hyper_parameter": {
        "dataset": "mnist",
        "hidden_dim": 128,
        "training_noise": 0.5,
        "test_noise": 0.2,
        "batch_size": 4,
        "learning_rate": 3.0280881706635698e-06,
        "weight_decay": 7.683806382906551e-05,
        "epochs": 100,
        "created_on": "2025_11_16_23_37_28",
        "seed": 4635960,
        "subset": null,
        "sigma": 0.6351072657784211,
        "neurons": 12,
        "orientation": [
            0,
            1
        ],
        "activation": "tuning_curve",
        "stimulus": "RAND_UNIFORM",
        "encoded_output": true
    }
}