{
    "network": "population",
    "avg_loss": 0.1497410669725854,
    "accuracy": 95.44,
    "sharpness_scores": {
        "layers.0.weight": 0.5927382456358522,
        "layers.0.bias": 0.01083311411216855,
        "layers.2.weight": 0.9309095544990152,
        "layers.2.bias": 0.0035745662309229374
    },
    "activation_scores": {
        "layers.0": {
            "std": 1.293134093284607,
            "mean": 0.55672687292099
        },
        "layers.1": {
            "std": 0.32537761330604553,
            "mean": 3.6128437519073486
        },
        "layers.2": {
            "std": 3.95809268951416,
            "mean": -74.60083770751953
        }
    },
    "ruby_scores": {
        "fsa_2": {
            "mean": 0.7251192073345184,
            "std": 0.1562030017375946
        },
        "fsa_inf": {
            "mean": 0.7033447872638703,
            "std": 0.17395208775997162
        },
        "fsd_2": {
            "mean": 0.5270329469919205,
            "std": 0.08031516522169113
        },
        "fsd_inf": {
            "mean": 0.7099707773447037,
            "std": 0.1557878702878952
        }
    },
    "noise_sensitivity": {
        "fgsm": {
            "mean": 0.05644191890309236,
            "std": 0.033730193972587585
        }
    },
    "hyper_parameter": {
        "dataset": "mnist",
        "hidden_dim": 128,
        "training_noise": 0.0,
        "test_noise": 0.2,
        "batch_size": 8,
        "learning_rate": 1.5148419450060032e-06,
        "weight_decay": 8.336801284298909e-05,
        "epochs": 100,
        "created_on": "2025_11_16_23_37_29",
        "seed": 9243034,
        "subset": null,
        "sigma": 0.7538453942072999,
        "neurons": 12,
        "orientation": [
            -4,
            4
        ],
        "activation": "tuning_curve",
        "stimulus": "LINEAR",
        "encoded_output": true
    }
}