{
    "network": "population",
    "avg_loss": 0.49475801105946304,
    "accuracy": 85.42999999999999,
    "sharpness_scores": {
        "layers.0.weight": 1.510491283221543,
        "layers.0.bias": 0.009099284312687814,
        "layers.2.weight": 2.648119695120015,
        "layers.2.bias": 0.0054905660083517435
    },
    "activation_scores": {
        "layers.0": {
            "std": 1.249250054359436,
            "mean": -1.5296616554260254
        },
        "layers.1": {
            "std": 0.3440325856208801,
            "mean": 8.648666381835938
        },
        "layers.2": {
            "std": 4.100347995758057,
            "mean": -43.331207275390625
        }
    },
    "ruby_scores": {
        "fsa_2": {
            "mean": 0.8318666505813599,
            "std": 0.18254394829273224
        },
        "fsa_inf": {
            "mean": 0.8382666505813599,
            "std": 0.17953552305698395
        },
        "fsd_2": {
            "mean": 0.49026582580804823,
            "std": 0.1612229347229004
        },
        "fsd_inf": {
            "mean": 0.4087007779955864,
            "std": 0.33866360783576965
        }
    },
    "noise_sensitivity": {
        "fgsm": {
            "mean": 0.09433875964342521,
            "std": 0.05903655290603638
        }
    },
    "hyper_parameter": {
        "dataset": "mnist",
        "hidden_dim": 128,
        "training_noise": 1.0,
        "test_noise": 0.2,
        "batch_size": 4,
        "learning_rate": 3.9427097335568225e-06,
        "weight_decay": 1.996299570923067e-05,
        "epochs": 100,
        "created_on": "2025_11_16_23_37_28",
        "seed": 9008522,
        "subset": null,
        "sigma": 0.9524318370318507,
        "neurons": 12,
        "orientation": [
            -1,
            1
        ],
        "activation": "tuning_curve",
        "stimulus": "RAND_UNIFORM",
        "encoded_output": true
    }
}