{
    "network": "population",
    "avg_loss": 0.49198022735454144,
    "accuracy": 84.81,
    "sharpness_scores": {
        "layers.0.weight": 0.42983272983394566,
        "layers.0.bias": 0.006120762833207846,
        "layers.2.weight": 0.49668173028863966,
        "layers.2.bias": 0.003938202280178666
    },
    "activation_scores": {
        "layers.0": {
            "std": 0.7978533506393433,
            "mean": 0.0050682020373642445
        },
        "layers.1": {
            "std": 0.8354494571685791,
            "mean": -0.020859871059656143
        },
        "layers.2": {
            "std": 4.442074298858643,
            "mean": -1.8619160652160645
        }
    },
    "ruby_scores": {
        "fsa_2": {
            "mean": 0.7029756669521332,
            "std": 0.15720006823539734
        },
        "fsa_inf": {
            "mean": 0.6814480372428894,
            "std": 0.1727144420146942
        },
        "fsd_2": {
            "mean": 0.5295712384462357,
            "std": 0.07880963385105133
        },
        "fsd_inf": {
            "mean": 0.6982342702269554,
            "std": 0.1601622849702835
        }
    },
    "noise_sensitivity": {
        "fgsm": {
            "mean": 0.07691584725860556,
            "std": 0.04926058650016785
        }
    },
    "hyper_parameter": {
        "dataset": "mnist",
        "hidden_dim": 256,
        "training_noise": 0.5,
        "test_noise": 0.2,
        "batch_size": 8,
        "learning_rate": 3.354068813854334e-07,
        "weight_decay": 1.7125484950131528e-05,
        "epochs": 100,
        "created_on": "2025_11_13_20_25_14",
        "seed": 9114796,
        "subset": null,
        "sigma": 0.8987848001978807,
        "neurons": 12,
        "orientation": [
            -4,
            4
        ],
        "activation": "tuning_curve",
        "stimulus": "LINEAR"
    }
}