{
    "network": "population",
    "avg_loss": 0.6141256096595898,
    "accuracy": 82.38,
    "sharpness_scores": {
        "layers.0.weight": 0.42927914448510857,
        "layers.0.bias": 0.0014908403631299734,
        "layers.2.weight": 0.4479233279587701,
        "layers.2.bias": 0.0025472691010683776
    },
    "activation_scores": {
        "layers.0": {
            "std": 0.840614914894104,
            "mean": 0.07705865055322647
        },
        "layers.1": {
            "std": 0.9054908752441406,
            "mean": 0.07913169264793396
        },
        "layers.2": {
            "std": 5.362851619720459,
            "mean": -1.6489804983139038
        }
    },
    "ruby_scores": {
        "fsa_2": {
            "mean": 0.6981545602798462,
            "std": 0.1544395536184311
        },
        "fsa_inf": {
            "mean": 0.6748884318351746,
            "std": 0.17120330035686493
        },
        "fsd_2": {
            "mean": 0.5292642090559005,
            "std": 0.08119723200798035
        },
        "fsd_inf": {
            "mean": 0.6984880302608013,
            "std": 0.1602291762828827
        }
    },
    "noise_sensitivity": {
        "fgsm": {
            "mean": 0.09891155902161929,
            "std": 0.14882510900497437
        }
    },
    "hyper_parameter": {
        "dataset": "mnist",
        "hidden_dim": 256,
        "training_noise": 1.0,
        "test_noise": 0.2,
        "batch_size": 8,
        "learning_rate": 9.275925362358125e-07,
        "weight_decay": 7.253966750782282e-05,
        "epochs": 100,
        "created_on": "2025_11_13_20_25_14",
        "seed": 1107705,
        "subset": null,
        "sigma": 0.6063030476462757,
        "neurons": 16,
        "orientation": [
            -5,
            5
        ],
        "activation": "tuning_curve",
        "stimulus": "LINEAR"
    }
}