{
  "lr": 5.171571881974346e-06,
  "weight_decay": 1.7629010761391344e-05,
  "batch_size": 16,
  "hidden_dim": 256,
  "activation": "mexican_hat",
  "alpha": 8.101163295059104,
  "sigma": 0.2093738266781978,
  "normalize": true,
  "stack": "softmax_gaussian",
  "noise": 1.0,
  "metric": "loss_norm",
  "target_metric": "loss_norm",
  "loss": 0.8169201163053512,
  "accuracy": 0.77825,
  "fsa_inf_mean": 0.8918343373934428,
  "fsa_inf_std": 0.06365185976028442,
  "fsa_inf_mean_diff": -0.03656879154841097,
  "test_accuracy": 91.08000000000001,
  "test_loss": 0.3524942782461643,
  "test_fsa_2_mean": 0.5226520195007324,
  "test_fsa_2_std": 0.1053660586476326,
  "test_fsa_inf_mean": 0.4971532399177551,
  "test_fsa_inf_std": 0.11779557168483734
}