{
  "lr": 5.72523282524725e-05,
  "weight_decay": 1.1404257246071687e-06,
  "batch_size": 128,
  "hidden_dim": 256,
  "activation": "mexican_hat",
  "alpha": 1.1707981319882206,
  "sigma": 0.11305112150297085,
  "normalize": true,
  "stack": "softmax_gaussian",
  "noise": 1.0,
  "metric": "fsa_inf_mean_norm",
  "target_metric": "loss_norm",
  "loss": 0.6326067235241545,
  "accuracy": 0.8056666666666666,
  "fsa_inf_mean": 0.8331473044892574,
  "fsa_inf_std": 0.027890758588910103,
  "fsa_inf_mean_diff": -0.0005570404073025337,
  "test_accuracy": 93.47,
  "test_loss": 0.24350597044523759,
  "test_fsa_2_mean": 0.330373716505268,
  "test_fsa_2_std": 0.06650310009717941,
  "test_fsa_inf_mean": 0.39771176214459575,
  "test_fsa_inf_std": 0.09564120322465897
}