{
  "lr": 8.877533492871562e-07,
  "weight_decay": 8.917396728475044e-06,
  "batch_size": 8,
  "hidden_dim": 128,
  "activation": "tuning_curve",
  "alpha": 2.9921585946550207,
  "sigma": 0.29097159973716696,
  "normalize": true,
  "stack": "softmax_gaussian",
  "noise": 0.0,
  "metric": "loss",
  "target_metric": "fsa_inf_mean_diff",
  "loss": 1.0759156717061997,
  "accuracy": 0.8544166666666667,
  "fsa_inf_mean": 0.9797992050250371,
  "fsa_inf_std": 0.051617808640003204,
  "fsa_inf_mean_diff": 0.005915081540743494,
  "test_accuracy": 86.46000000000001,
  "test_loss": 1.0642569919109344,
  "test_fsa_2_mean": 0.7085549165725707,
  "test_fsa_2_std": 0.15620703995227814,
  "test_fsa_inf_mean": 0.6857238757610321,
  "test_fsa_inf_std": 0.17274686694145203
}