{
  "lr": 9.741315075241838e-07,
  "weight_decay": 3.5624757907639266e-05,
  "batch_size": 8,
  "hidden_dim": 256,
  "activation": "tuning_curve",
  "alpha": 2.754547612436269,
  "sigma": 0.18558439544869396,
  "normalize": false,
  "stack": "softmax_gaussian",
  "noise": 1.0,
  "metric": "loss",
  "target_metric": "fsa_inf_mean_diff",
  "loss": 1.4408729106585185,
  "accuracy": 0.6789166666666666,
  "fsa_inf_mean": 0.9291866652965546,
  "fsa_inf_std": 0.09241428971290588,
  "fsa_inf_mean_diff": -0.0006152324676513832,
  "test_accuracy": 84.15,
  "test_loss": 0.9806033454179763,
  "test_fsa_2_mean": 0.7061603193759918,
  "test_fsa_2_std": 0.15799425542354584,
  "test_fsa_inf_mean": 0.6842440324306488,
  "test_fsa_inf_std": 0.17422707378864288
}