{
  "lr": 8.334569164545969e-06,
  "weight_decay": 1.54656343702284e-06,
  "batch_size": 4,
  "hidden_dim": 256,
  "activation": "tuning_curve",
  "alpha": 5.256113065419109,
  "sigma": 0.14773643472625284,
  "normalize": true,
  "stack": "softmax_gaussian",
  "noise": 1.0,
  "metric": "loss_norm",
  "target_metric": "loss_norm",
  "loss": 0.6365754843940958,
  "accuracy": 0.8011666666666667,
  "fsa_inf_mean": 0.9561666618585587,
  "fsa_inf_std": 0.1152280867099762,
  "fsa_inf_mean_diff": 0.010500000834465006,
  "test_accuracy": 92.69,
  "test_loss": 0.26910678499918433,
  "test_fsa_2_mean": 0.847133317899704,
  "test_fsa_2_std": 0.1774822324514389,
  "test_fsa_inf_mean": 0.851533317899704,
  "test_fsa_inf_std": 0.17500130832195282
}