{
    "training_noise": 1.0,
    "stack": "linear",
    "network": "nn",
    "seed": 8923029,
    "epochs": 20,
    "accuracy": 89.88000000000001,
    "avg_loss": 0.3187314092699355,
    "batch_size": 32,
    "dataset": "mnist",
    "test_noise": 0.2,
    "sharpness_scores": {
        "layers.0.weight": 0.32718437155054064,
        "layers.0.bias": 0.003825471047669078,
        "layers.2.weight": 0.705213845595896,
        "layers.2.bias": 0.002626077431185653
    },
    "activation_scores": {
        "layers.0": {
            "std": 1.686505913734436,
            "mean": 1.0238531827926636
        },
        "layers.1": {
            "std": 1.0898410081863403,
            "mean": 3.773066282272339
        },
        "layers.2": {
            "std": 5.838140964508057,
            "mean": -9.345833778381348
        }
    }
}