{
    "network": "population",
    "avg_loss": 1.5137471305526793,
    "accuracy": 56.96,
    "sharpness_scores": {
        "layers.0.weight": 2.8740665687821805,
        "layers.0.bias": 0.033178028247132896,
        "layers.2.weight": 1.6273915599010884,
        "layers.2.bias": 0.0057304980218410495
    },
    "activation_scores": {
        "layers.0": {
            "std": 2.662628173828125,
            "mean": 0.7860891222953796
        },
        "layers.1": {
            "std": 0.3503939211368561,
            "mean": 5.225040435791016
        },
        "layers.2": {
            "std": 7.1439337730407715,
            "mean": -221.12911987304688
        }
    },
    "ruby_scores": {
        "fsa_2": {
            "mean": 0.7573333128452301,
            "std": 0.18388938903808594
        },
        "fsa_inf": {
            "mean": 0.7615333128452301,
            "std": 0.18367372453212738
        },
        "fsd_2": {
            "mean": 0.4471212517082691,
            "std": 0.20885954797267914
        },
        "fsd_inf": {
            "mean": 0.4451336805701256,
            "std": 0.32546499371528625
        }
    },
    "noise_sensitivity": {
        "fgsm": {
            "mean": 0.037625853664732326,
            "std": 0.03065401129424572
        }
    },
    "hyper_parameter": {
        "dataset": "cifar10",
        "hidden_dim": 128,
        "training_noise": 1.0,
        "test_noise": 0.2,
        "batch_size": 4,
        "learning_rate": 3.792210579752271e-05,
        "weight_decay": 3.318331387413073e-05,
        "epochs": 100,
        "created_on": "2025_11_20_13_45_04",
        "seed": 4566446,
        "subset": null,
        "sigma": 0.9318139444458804,
        "neurons": 12,
        "orientation": [
            -5,
            5
        ],
        "activation": "tuning_curve",
        "stimulus": "RAND_NORMAL",
        "encoded_output": true
    }
}