{
    "network": "population",
    "avg_loss": 4.227826696097851,
    "accuracy": 38.96,
    "sharpness_scores": {
        "layers.0.weight": 6.9240930895864965,
        "layers.0.bias": 0.05808670226335526,
        "layers.2.weight": 0.54443520867154,
        "layers.2.bias": 0.0017416531145572661
    },
    "activation_scores": {
        "layers.0": {
            "std": 4.7150797843933105,
            "mean": -0.9899865984916687
        },
        "layers.1": {
            "std": 0.28402775526046753,
            "mean": 2.627366781234741
        },
        "layers.2": {
            "std": 24.32500648498535,
            "mean": -687.6619262695312
        }
    },
    "ruby_scores": {
        "fsa_2": {
            "mean": 0.7255999805450439,
            "std": 0.18632909655570984
        },
        "fsa_inf": {
            "mean": 0.7325999805450439,
            "std": 0.1871129274368286
        },
        "fsd_2": {
            "mean": 0.39305109768509866,
            "std": 0.24008506536483765
        },
        "fsd_inf": {
            "mean": 0.39079980815649035,
            "std": 0.33285579085350037
        }
    },
    "noise_sensitivity": {
        "fgsm": {
            "mean": 0.03098494031610915,
            "std": 0.034931033849716187
        }
    },
    "hyper_parameter": {
        "dataset": "cifar10",
        "hidden_dim": 128,
        "training_noise": 1.0,
        "test_noise": 0.2,
        "batch_size": 4,
        "learning_rate": 8.792210579752271e-05,
        "weight_decay": 3.318331387413073e-05,
        "epochs": 100,
        "created_on": "2025_11_20_14_31_50",
        "seed": 7404714,
        "subset": null,
        "sigma": 0.9318139444458804,
        "neurons": 12,
        "orientation": [
            -5,
            5
        ],
        "activation": "tuning_curve",
        "stimulus": "RAND_NORMAL",
        "encoded_output": true
    }
}