{
    "network": "population",
    "avg_loss": 0.9561965875908732,
    "accuracy": 72.74000000000001,
    "sharpness_scores": {
        "layers.0.weight": 1.7267250644341112,
        "layers.0.bias": 0.009478870213590562,
        "layers.2.weight": 2.005594098163373,
        "layers.2.bias": 0.005685897110030055
    },
    "activation_scores": {
        "layers.0": {
            "std": 1.8648388385772705,
            "mean": -1.3759093284606934
        },
        "layers.1": {
            "std": 0.36290213465690613,
            "mean": 7.206275939941406
        },
        "layers.2": {
            "std": 5.257761001586914,
            "mean": -84.73504638671875
        }
    },
    "ruby_scores": {
        "fsa_2": {
            "mean": 0.8103999819755554,
            "std": 0.1834810972213745
        },
        "fsa_inf": {
            "mean": 0.8141999819755554,
            "std": 0.18218573927879333
        },
        "fsd_2": {
            "mean": 0.4888816221773624,
            "std": 0.16723819077014923
        },
        "fsd_inf": {
            "mean": 0.4938302696406841,
            "std": 0.32150891423225403
        }
    },
    "noise_sensitivity": {
        "fgsm": {
            "mean": 0.06825821695266132,
            "std": 0.04268835484981537
        }
    },
    "hyper_parameter": {
        "dataset": "cifar10",
        "hidden_dim": 128,
        "training_noise": 1.0,
        "test_noise": 0.2,
        "batch_size": 4,
        "learning_rate": 8.792210579752271e-06,
        "weight_decay": 4.318331387413073e-06,
        "epochs": 100,
        "created_on": "2025_11_20_12_52_31",
        "seed": 2964908,
        "subset": null,
        "sigma": 0.9318139444458804,
        "neurons": 12,
        "orientation": [
            -5,
            5
        ],
        "activation": "tuning_curve",
        "stimulus": "RAND_NORMAL",
        "encoded_output": true
    }
}