{
    "network": "population",
    "avg_loss": 2.950920921396464,
    "accuracy": 39.68,
    "sharpness_scores": {
        "layers.0.weight": 4.624947828642279,
        "layers.0.bias": 0.03922368078045547,
        "layers.2.weight": 1.0622689332442823,
        "layers.2.bias": 0.0059281704127788545
    },
    "activation_scores": {
        "layers.0": {
            "std": 3.3620598316192627,
            "mean": 5.227561950683594
        },
        "layers.1": {
            "std": 0.32843276858329773,
            "mean": 4.02181339263916
        },
        "layers.2": {
            "std": 12.461694717407227,
            "mean": -407.2037048339844
        }
    },
    "ruby_scores": {
        "fsa_2": {
            "mean": 0.7268666469573974,
            "std": 0.1855345368385315
        },
        "fsa_inf": {
            "mean": 0.7360666469573974,
            "std": 0.18645164370536804
        },
        "fsd_2": {
            "mean": 0.39986354144215586,
            "std": 0.2366267442703247
        },
        "fsd_inf": {
            "mean": 0.3977968143463135,
            "std": 0.33520328998565674
        }
    },
    "noise_sensitivity": {
        "fgsm": {
            "mean": 0.029267324510759956,
            "std": 0.02765648253262043
        }
    },
    "hyper_parameter": {
        "dataset": "cifar10",
        "hidden_dim": 128,
        "training_noise": 1.0,
        "test_noise": 0.2,
        "batch_size": 4,
        "learning_rate": 5.792210579752271e-05,
        "weight_decay": 4.318331387413073e-06,
        "epochs": 100,
        "created_on": "2025_11_20_11_59_42",
        "seed": 3622832,
        "subset": null,
        "sigma": 0.9318139444458804,
        "neurons": 12,
        "orientation": [
            -5,
            5
        ],
        "activation": "tuning_curve",
        "stimulus": "RAND_NORMAL",
        "encoded_output": true
    }
}