{
    "training_noise": 0.5,
    "seed": 10000,
    "stack": "tuning_curve",
    "network": "nn",
    "epochs": 100,
    "batch_size": 256,
    "dataset": "mnist",
    "test_noise": 0.2,
    "avg_loss": 0.21675400473177434,
    "accuracy": 93.67,
    "sharpness_scores": {
        "layers.0.weight": 1.3167197305709124,
        "layers.0.bias": 0.009291301807388663,
        "layers.2.weight": 0.47222874127328396,
        "layers.2.bias": 0.0014831375563517212
    },
    "activation_scores": {
        "layers.0": {
            "std": 1.4141806364059448,
            "mean": -0.7795883417129517
        },
        "layers.1": {
            "std": 1.7716951370239258,
            "mean": -0.5141547918319702
        },
        "layers.2": {
            "std": 5.873708248138428,
            "mean": 2.727327585220337
        }
    },
    "ruby_scores": {
        "fsa_inf": {
            "mean": 0.4072863221168518,
            "std": 0.09197240322828293
        },
        "fsd_inf": {
            "mean": 0.5461419701576233,
            "std": 0.09327591210603714
        }
    },
    "noise_sensitivity": {
        "fgsm": {
            "mean": 0.08293180378953871,
            "std": 0.04872230067849159
        }
    }
}