{
    "training_noise": 0.5,
    "seed": 10000,
    "stack": "tuning_curve",
    "network": "nn",
    "epochs": 30,
    "batch_size": 256,
    "dataset": "mnist",
    "test_noise": 0.2,
    "avg_loss": 0.4592240252532065,
    "accuracy": 87.18,
    "sharpness_scores": {
        "layers.0.weight": 0.46302497005090115,
        "layers.0.bias": -0.0024871728383004665,
        "layers.2.weight": 0.419586534332484,
        "layers.2.bias": -0.0021243457682430743
    },
    "activation_scores": {
        "layers.0": {
            "std": 1.2013460397720337,
            "mean": -1.2965482473373413
        },
        "layers.1": {
            "std": 1.3952176570892334,
            "mean": -1.34371817111969
        },
        "layers.2": {
            "std": 5.685268878936768,
            "mean": 0.70851731300354
        }
    },
    "ruby_scores": {
        "fsa_inf": {
            "mean": 0.39404945224523547,
            "std": 0.09761302173137665
        },
        "fsd_inf": {
            "mean": 0.5712921068072319,
            "std": 0.10147459805011749
        }
    },
    "noise_sensitivity": {
        "fgsm": {
            "mean": 0.07413698524226243,
            "std": 0.05435696616768837
        }
    }
}