{
    "training_noise": 0.5,
    "seed": 10000,
    "stack": "tuning_curve",
    "network": "nn",
    "epochs": 30,
    "batch_size": 256,
    "dataset": "mnist",
    "test_noise": 0.2,
    "avg_loss": 0.42108300924301145,
    "accuracy": 87.64999999999999,
    "sharpness_scores": {
        "layers.0.weight": 0.3377305567264557,
        "layers.0.bias": 0.0045512538403272625,
        "layers.2.weight": 0.2686619147658348,
        "layers.2.bias": 0.005528964567929506
    },
    "activation_scores": {
        "layers.0": {
            "std": 1.3141428232192993,
            "mean": 0.5503021478652954
        },
        "layers.1": {
            "std": 0.9647735357284546,
            "mean": 0.2374601662158966
        },
        "layers.2": {
            "std": 4.324131965637207,
            "mean": 1.8480138778686523
        }
    },
    "ruby_scores": {
        "fsa_inf": {
            "mean": 0.3985999792814255,
            "std": 0.0948072001338005
        },
        "fsd_inf": {
            "mean": 0.5721604578197003,
            "std": 0.09696386009454727
        }
    },
    "noise_sensitivity": {
        "fgsm": {
            "mean": 0.0767376899242246,
            "std": 0.052582498639822006
        }
    }
}