{
    "training_noise": 0.5,
    "seed": 10000,
    "stack": "tuning_curve",
    "network": "nn",
    "epochs": 100,
    "batch_size": 256,
    "dataset": "mnist",
    "test_noise": 0.2,
    "avg_loss": 0.3472577557899058,
    "accuracy": 89.3,
    "sharpness_scores": {
        "layers.0.weight": 0.10587509954348207,
        "layers.0.bias": 0.0018241389188915491,
        "layers.2.weight": 0.22813414623960854,
        "layers.2.bias": 0.005729550868272782
    },
    "activation_scores": {
        "layers.0": {
            "std": 2.5751593112945557,
            "mean": 2.0126891136169434
        },
        "layers.1": {
            "std": 0.9904629588127136,
            "mean": 0.7353919744491577
        },
        "layers.2": {
            "std": 4.976946830749512,
            "mean": -4.735903739929199
        }
    },
    "ruby_scores": {
        "fsa_inf": {
            "mean": 0.42556117177009584,
            "std": 0.10039974004030228
        },
        "fsd_inf": {
            "mean": 0.5574026688933372,
            "std": 0.09603359550237656
        }
    },
    "noise_sensitivity": {
        "fgsm": {
            "mean": 0.08038979158957692,
            "std": 0.050655920058488846
        }
    }
}