{
  "network": "population",
  "avg_loss": 0.17817055555134756,
  "accuracy": 95.31119489794094,
  "sharpness_scores": {
    "layers.0.weight": 0.43104906403696563,
    "layers.0.bias": 0.006028566106199773,
    "layers.2.weight": 0.4938079285457079,
    "layers.2.bias": 0.004003239191538329
  },
  "activation_scores": {
    "layers.0": {
      "std": 1.0518833855291547,
      "mean": 0.9716058054423709
    },
    "layers.1": {
      "std": 0.3660989288464405,
      "mean": 7.312390594946057
    },
    "layers.2": {
      "std": 4.305180076834324,
      "mean": -62.7926904064152
    }
  },
  "ruby_scores": {
    "fsa_2": {
      "mean": 0.8578052095368558,
      "std": 0.1776955778220647
    },
    "fsa_inf": {
      "mean": 0.848018146381748,
      "std": 0.17440302377054012
    },
    "fsd_2": {
      "mean": 0.5081669608685221,
      "std": 0.15390324433508637
    },
    "fsd_inf": {
      "mean": 0.41554193844418347,
      "std": 0.34020420819871977
    }
  },
  "noise_sensitivity": {
    "fgsm": {
      "mean": 0.0799928368078405,
      "std": 0.04335298170937361
    }
  },
  "hyper_parameter": {
    "dataset": "mnist",
    "hidden_dim": 128,
    "training_noise": 0.5,
    "test_noise": 0.2,
    "batch_size": 4,
    "learning_rate": 2.9997502959974138e-06,
    "weight_decay": 7.774154810101588e-05,
    "epochs": 100,
    "created_on": "",
    "seed": 5921957.832840057,
    "subset": null,
    "sigma": 0.6310568596487285,
    "neurons": 12.108852623496036,
    "orientation": [
      -0.014286807002259691,
      0.9985993127981133
    ],
    "activation": "tuning_curve",
    "stimulus": "RAND_UNIFORM",
    "encoded_output": 0.9913824510414031
  }
}