{
  "network": "population",
  "avg_loss": 0.14811543212382222,
  "accuracy": 96.39186649421937,
  "sharpness_scores": {
    "layers.0.weight": 0.5944155674207323,
    "layers.0.bias": 0.01066993548694424,
    "layers.2.weight": 0.9255233094710847,
    "layers.2.bias": 0.0036335979237031354
  },
  "activation_scores": {
    "layers.0": {
      "std": 1.2617538766536303,
      "mean": 0.5543390010547958
    },
    "layers.1": {
      "std": 0.32949668649059743,
      "mean": 3.5815297754388573
    },
    "layers.2": {
      "std": 3.9312217463766834,
      "mean": -74.67149139173061
    }
  },
  "ruby_scores": {
    "fsa_2": {
      "mean": 0.7359335599697401,
      "std": 0.15520501764061176
    },
    "fsa_inf": {
      "mean": 0.7002220632943077,
      "std": 0.17319652464782115
    },
    "fsd_2": {
      "mean": 0.5386589253154898,
      "std": 0.08207148608209539
    },
    "fsd_inf": {
      "mean": 0.7170992666084341,
      "std": 0.15638950185451123
    }
  },
  "noise_sensitivity": {
    "fgsm": {
      "mean": 0.0568581038767166,
      "std": 0.034233020777294336
    }
  },
  "hyper_parameter": {
    "dataset": "mnist",
    "hidden_dim": 128,
    "training_noise": 0.0,
    "test_noise": 0.2,
    "batch_size": 8,
    "learning_rate": 1.5006655410318714e-06,
    "weight_decay": 8.434827815205462e-05,
    "epochs": 100,
    "created_on": "",
    "seed": 9127137.38356053,
    "subset": null,
    "sigma": 0.749037733879567,
    "neurons": 12.108852623496036,
    "orientation": [
      -4.057147228009039,
      3.9943972511924533
    ],
    "activation": "tuning_curve",
    "stimulus": "LINEAR",
    "encoded_output": 0.9913824510414031
  }
}