{
    "training_noise": 0.5,
    "seed": 10000,
    "stack": "tuning_curve",
    "network": "nn",
    "epochs": 100,
    "batch_size": 256,
    "dataset": "mnist",
    "test_noise": 0.2,
    "avg_loss": 0.3976258749142289,
    "accuracy": 88.7,
    "sharpness_scores": {
        "layers.0.weight": 0.35332952756434677,
        "layers.0.bias": 0.0028953323140740394,
        "layers.2.weight": 0.46369961779564617,
        "layers.2.bias": 0.0007760825566947461
    },
    "activation_scores": {
        "layers.0": {
            "std": 1.218860387802124,
            "mean": 0.7388085126876831
        },
        "layers.1": {
            "std": 1.1845897436141968,
            "mean": 0.2355533391237259
        },
        "layers.2": {
            "std": 4.922415733337402,
            "mean": -2.9477946758270264
        }
    },
    "ruby_scores": {
        "fsa_2": {
            "mean": 0.34132262170314787,
            "std": 0.07250094413757324
        },
        "fsa_inf": {
            "mean": 0.4451105073094368,
            "std": 0.10288498550653458
        },
        "fsd_2": {
            "mean": 0.5088718511164189,
            "std": 0.04371829703450203
        },
        "fsd_inf": {
            "mean": 0.5686153985559941,
            "std": 0.09270017594099045
        }
    },
    "noise_sensitivity": {
        "fgsm": {
            "mean": 0.08223492679785928,
            "std": 0.05048133432865143
        }
    }
}