{
    "training_noise": 0.5,
    "seed": 10000,
    "stack": "tuning_curve",
    "network": "nn",
    "epochs": 100,
    "batch_size": 256,
    "dataset": "mnist",
    "test_noise": 0.2,
    "avg_loss": 0.23711413592100145,
    "accuracy": 93.04,
    "sharpness_scores": {
        "layers.0.weight": 1.8648101344704628,
        "layers.0.bias": 0.024481652677059172,
        "layers.2.weight": 1.3802663169801235,
        "layers.2.bias": 0.0007848183158785105
    },
    "activation_scores": {
        "layers.0": {
            "std": 1.4256147146224976,
            "mean": -0.5462933778762817
        },
        "layers.1": {
            "std": 2.618278980255127,
            "mean": -0.02522662654519081
        },
        "layers.2": {
            "std": 6.236231327056885,
            "mean": 5.320904731750488
        }
    },
    "ruby_scores": {
        "fsa_inf": {
            "mean": 0.4058602973818779,
            "std": 0.09041095525026321
        },
        "fsd_inf": {
            "mean": 0.5370771273970604,
            "std": 0.08102250844240189
        }
    },
    "noise_sensitivity": {
        "fgsm": {
            "mean": 0.06866364804745402,
            "std": 0.04260305315256119
        }
    }
}