{
  "lr": 2.145494394211341e-06,
  "weight_decay": 4.093081519953036e-05,
  "batch_size": 8,
  "hidden_dim": 256,
  "activation": "tuning_curve",
  "alpha": 7.130038802083739,
  "sigma": 0.12137029341386045,
  "normalize": true,
  "stack": "softmax_gaussian",
  "noise": 0.5,
  "metric": "loss_norm",
  "target_metric": "loss_norm",
  "loss": 0.7583117050329844,
  "accuracy": 0.8543333333333333,
  "fsa_inf_mean": 0.9815064899126689,
  "fsa_inf_std": 0.04999379813671112,
  "fsa_inf_mean_diff": -0.010077916781107588,
  "test_accuracy": 89.32,
  "test_loss": 0.5382423799753189,
  "test_fsa_2_mean": 0.7156519675731658,
  "test_fsa_2_std": 0.1584549993276596,
  "test_fsa_inf_mean": 0.6928096324443818,
  "test_fsa_inf_std": 0.17686229944229126
}