{
  "lr": 2.025515479270819e-06,
  "weight_decay": 1.3371864493829474e-05,
  "batch_size": 16,
  "hidden_dim": 128,
  "activation": "mexican_hat",
  "alpha": 1.6252792621714889,
  "sigma": 0.2542106155060241,
  "normalize": true,
  "stack": "softmax_gaussian",
  "noise": 0.0,
  "metric": "loss_norm",
  "target_metric": "loss_norm",
  "loss": 0.623389159878095,
  "accuracy": 0.8923333333333333,
  "fsa_inf_mean": 0.9579236264228821,
  "fsa_inf_std": 0.046293485909700394,
  "fsa_inf_mean_diff": 0.016645765781402533,
  "test_accuracy": 90.19,
  "test_loss": 0.6024294314146041,
  "test_fsa_2_mean": 0.5203863743782043,
  "test_fsa_2_std": 0.1065027192234993,
  "test_fsa_inf_mean": 0.49569261865615843,
  "test_fsa_inf_std": 0.11707622557878494
}