{
  "lr": 7.100712538927725e-07,
  "weight_decay": 6.282207945824213e-05,
  "batch_size": 8,
  "hidden_dim": 256,
  "activation": "mexican_hat",
  "alpha": 1.7029478914890195,
  "sigma": 0.1873811522331968,
  "normalize": true,
  "stack": "softmax_gaussian",
  "noise": 0.5,
  "metric": "loss",
  "target_metric": "fsa_inf_mean_diff",
  "loss": 1.3067612136205038,
  "accuracy": 0.744,
  "fsa_inf_mean": 0.9818296769062678,
  "fsa_inf_std": 0.04960087686777115,
  "fsa_inf_mean_diff": 0.003884609659512872,
  "test_accuracy": 83.41,
  "test_loss": 0.9778119392156601,
  "test_fsa_2_mean": 0.7041519506931305,
  "test_fsa_2_std": 0.1579435169696808,
  "test_fsa_inf_mean": 0.6809294929504395,
  "test_fsa_inf_std": 0.17666296660900116
}