{
  "activation": "tuning_curve",
  "alpha": 3.376361810864054,
  "batch_size": 32,
  "hidden_dim": 256,
  "lr": 9.349106977539133e-07,
  "normalize": false,
  "sigma": 0.21834465471144832,
  "weight_decay": 0.005728731773918508,
  "stack": "softmax_gaussian",
  "noise": 0.5,
  "metric": "loss",
  "target_metric": "fsa_inf_std",
  "loss": 1.3814045867919922,
  "accuracy": 0.7616666666666667,
  "fsa_inf_mean": 0.9444867049853007,
  "fsa_inf_std": 0.031965404748916626,
  "test_accuracy": 82.13000000000001,
  "test_loss": 1.148787536560156,
  "test_fsa_2_mean": 0.37091334597371256,
  "test_fsa_2_std": 0.1025678887963295,
  "test_fsa_inf_mean": 0.34707375246876726,
  "test_fsa_inf_std": 0.1089901253581047
}