{
    "network": "linear",
    "avg_loss": 0.4250630021814257,
    "accuracy": 87.22999999999999,
    "sharpness_scores": {
        "layers.0.weight": 0.279913533225283,
        "layers.0.bias": 0.0037824938602745535,
        "layers.2.weight": 1.1021672780703753,
        "layers.2.bias": 0.00490305736400187
    },
    "activation_scores": {
        "layers.0": {
            "std": 1.1010111570358276,
            "mean": 8.571869850158691
        },
        "layers.1": {
            "std": 0.8382647633552551,
            "mean": 11.807231903076172
        },
        "layers.2": {
            "std": 4.869071006774902,
            "mean": -25.929588317871094
        }
    },
    "ruby_scores": {
        "fsa_2": {
            "mean": 0.7076054591178894,
            "std": 0.16111741960048676
        },
        "fsa_inf": {
            "mean": 0.686666521692276,
            "std": 0.17648927867412567
        },
        "fsd_2": {
            "mean": 0.5315403959989548,
            "std": 0.08120904862880707
        },
        "fsd_inf": {
            "mean": 0.6992480101585388,
            "std": 0.16349594295024872
        }
    },
    "noise_sensitivity": {
        "fgsm": {
            "mean": 0.07277372495975487,
            "std": 0.04986058548092842
        }
    },
    "hyper_parameter": {
        "dataset": "mnist",
        "hidden_dim": 256,
        "training_noise": 0.5,
        "test_noise": 0.2,
        "batch_size": 8,
        "learning_rate": 1.7013464037701332e-06,
        "weight_decay": 2.9036654680284026e-06,
        "epochs": 100,
        "created_on": "2025_11_17_09_30_34",
        "seed": 7938379,
        "subset": null
    }
}