{
    "network": "linear",
    "avg_loss": 0.532689998849167,
    "accuracy": 83.17,
    "sharpness_scores": {
        "layers.0.weight": 0.2013129191283486,
        "layers.0.bias": 0.0008276782455039211,
        "layers.2.weight": 0.9132396110950678,
        "layers.2.bias": 0.004652254924061708
    },
    "activation_scores": {
        "layers.0": {
            "std": 1.1310737133026123,
            "mean": 5.617740154266357
        },
        "layers.1": {
            "std": 0.797902524471283,
            "mean": 10.074853897094727
        },
        "layers.2": {
            "std": 4.398862838745117,
            "mean": -11.851619720458984
        }
    },
    "ruby_scores": {
        "fsa_2": {
            "mean": 0.8301333166122437,
            "std": 0.18087001144886017
        },
        "fsa_inf": {
            "mean": 0.8361333166122437,
            "std": 0.17808976769447327
        },
        "fsd_2": {
            "mean": 0.4960360446453094,
            "std": 0.15715010464191437
        },
        "fsd_inf": {
            "mean": 0.40496735273003576,
            "std": 0.3375971019268036
        }
    },
    "noise_sensitivity": {
        "fgsm": {
            "mean": 0.08655676134994165,
            "std": 0.05943850800395012
        }
    },
    "hyper_parameter": {
        "dataset": "mnist",
        "hidden_dim": 256,
        "training_noise": 1.0,
        "test_noise": 0.2,
        "batch_size": 4,
        "learning_rate": 2.1911180722717248e-06,
        "weight_decay": 1.9293523376091143e-05,
        "epochs": 100,
        "created_on": "2025_11_17_09_30_34",
        "seed": 1164938,
        "subset": null
    }
}