{
  "lr": 7.370984376755478e-07,
  "weight_decay": 0.0007765445985304334,
  "batch_size": 16,
  "hidden_dim": 256,
  "stack": "linear",
  "noise": 1.0,
  "noise_probability": 0.5,
  "metric": "loss",
  "target_metric": "fsa_inf_std",
  "loss": 1.8417643292744954,
  "accuracy": 0.6385,
  "fsa_inf_mean": 0.8917922314802805,
  "fsa_inf_std": 0.06451135128736496,
  "test_accuracy": 77.73,
  "test_loss": 1.637078770828247,
  "test_fsa_2_mean": 0.5083908349990844,
  "test_fsa_2_std": 0.10684818774461746,
  "test_fsa_inf_mean": 0.4878505295753479,
  "test_fsa_inf_std": 0.11391859501600266
}