{
  "lr": 7.058767714459248e-05,
  "weight_decay": 3.26631580251365e-06,
  "batch_size": 32,
  "hidden_dim": 512,
  "stack": "linear",
  "noise": 0.5,
  "metric": "loss",
  "target_metric": "loss_diff",
  "loss": 0.2597764847079913,
  "accuracy": 0.9201666666666667,
  "fsa_inf_mean": 0.9459497030576071,
  "fsa_inf_std": 0.031271807849407196,
  "fsa_inf_mean_diff": 0.011957490841547624,
  "test_accuracy": 95.38,
  "test_loss": 0.1562081217113436,
  "test_fsa_2_mean": 0.36039100154139364,
  "test_fsa_2_std": 0.09008496254682541,
  "test_fsa_inf_mean": 0.3399137098568316,
  "test_fsa_inf_std": 0.10908842831850052
}