{
    "training_noise": 0.5,
    "seed": 10000,
    "stack": "tuning_curve",
    "network": "nn",
    "epochs": 100,
    "batch_size": 256,
    "dataset": "mnist",
    "test_noise": 0.2,
    "avg_loss": 0.40269773909822104,
    "accuracy": 88.11,
    "sharpness_scores": {
        "layers.0.weight": 0.4530955418013036,
        "layers.0.bias": 0.004863845370709896,
        "layers.2.weight": 0.6478254637680948,
        "layers.2.bias": 0.00203469367697835
    },
    "activation_scores": {
        "layers.0": {
            "std": 1.1619824171066284,
            "mean": 0.803398609161377
        },
        "layers.1": {
            "std": 1.2277796268463135,
            "mean": 0.5347335338592529
        },
        "layers.2": {
            "std": 4.190568447113037,
            "mean": -0.8896333575248718
        }
    },
    "ruby_scores": {
        "fsa_2": {
            "mean": 0.34612220376729963,
            "std": 0.07990671694278717
        },
        "fsa_inf": {
            "mean": 0.45271860957145693,
            "std": 0.10443653911352158
        },
        "fsd_2": {
            "mean": 0.5088592030107975,
            "std": 0.04091816395521164
        },
        "fsd_inf": {
            "mean": 0.5818187162280083,
            "std": 0.08290515094995499
        }
    },
    "noise_sensitivity": {
        "fgsm": {
            "mean": 0.08078914233777236,
            "std": 0.049227211624383926
        }
    }
}