{
  "lr": 7.944968071139728e-07,
  "weight_decay": 9.079534790178465e-05,
  "batch_size": 4,
  "hidden_dim": 256,
  "sigma": 0.813342035585272,
  "neurons": 16,
  "orientation": [
    -5,
    5
  ],
  "stimulus": "LINEAR",
  "stack": "population_encoding",
  "noise": 1.0,
  "metric": "loss",
  "target_metric": "fsa_inf_mean_diff",
  "loss": 1.3855651753147442,
  "accuracy": 0.7040833333333333,
  "fsa_inf_mean": 0.9588888842264811,
  "fsa_inf_std": 0.11113519966602325,
  "fsa_inf_mean_diff": 0.007777778466542595,
  "test_accuracy": 81.39,
  "test_loss": 1.0338421268284321,
  "test_fsa_2_mean": 0.8295999831676483,
  "test_fsa_2_std": 0.18067531287670135,
  "test_fsa_inf_mean": 0.8349999831676483,
  "test_fsa_inf_std": 0.17819757759571075
}