{
    "network": "linear",
    "avg_loss": 0.4636895835466683,
    "accuracy": 85.61999999999999,
    "sharpness_scores": {
        "layers.0.weight": 0.27096311324983835,
        "layers.0.bias": 0.0028083720691502094,
        "layers.2.weight": 1.1349030636243522,
        "layers.2.bias": 0.005574702353030443
    },
    "activation_scores": {
        "layers.0": {
            "std": 1.0327433347702026,
            "mean": 8.206842422485352
        },
        "layers.1": {
            "std": 0.8008816242218018,
            "mean": 11.043498992919922
        },
        "layers.2": {
            "std": 4.183793067932129,
            "mean": -20.48229217529297
        }
    },
    "ruby_scores": {
        "fsa_2": {
            "mean": 0.7022906500816345,
            "std": 0.1602441966533661
        },
        "fsa_inf": {
            "mean": 0.6815571492671967,
            "std": 0.1748047173023224
        },
        "fsd_2": {
            "mean": 0.5308176725864411,
            "std": 0.08087144047021866
        },
        "fsd_inf": {
            "mean": 0.6994007338643075,
            "std": 0.16119815409183502
        }
    },
    "noise_sensitivity": {
        "fgsm": {
            "mean": 0.07357588649509827,
            "std": 0.04883169010281563
        }
    },
    "hyper_parameter": {
        "dataset": "mnist",
        "hidden_dim": 256,
        "training_noise": 0.5,
        "test_noise": 0.2,
        "batch_size": 8,
        "learning_rate": 8.662639406823437e-07,
        "weight_decay": 3.1093329339917858e-06,
        "epochs": 100,
        "created_on": "2025_11_13_17_45_29",
        "seed": 6732010,
        "subset": null
    }
}