{
    "training_noise": 0.5,
    "seed": 10000,
    "stack": "tuning_curve",
    "network": "nn",
    "epochs": 100,
    "batch_size": 256,
    "dataset": "mnist",
    "test_noise": 0.2,
    "avg_loss": 0.33915620101615784,
    "accuracy": 90.36,
    "sharpness_scores": {
        "layers.0.weight": 0.338252876047045,
        "layers.0.bias": 0.0032428601291030644,
        "layers.2.weight": 0.27172727035358546,
        "layers.2.bias": 0.004616448888555169
    },
    "activation_scores": {
        "layers.0": {
            "std": 1.828561544418335,
            "mean": -1.60137939453125
        },
        "layers.1": {
            "std": 1.2260770797729492,
            "mean": -0.9624689817428589
        },
        "layers.2": {
            "std": 5.594862461090088,
            "mean": 0.29114365577697754
        }
    },
    "ruby_scores": {
        "fsa_inf": {
            "mean": 0.4090596541762352,
            "std": 0.09194228053092957
        },
        "fsd_inf": {
            "mean": 0.5567118354141712,
            "std": 0.0950252115726471
        }
    },
    "noise_sensitivity": {
        "fgsm": {
            "mean": 0.0798387414178041,
            "std": 0.049515511840581894
        }
    }
}