{
  "lr": 8.221252678685673e-07,
  "weight_decay": 8.69705962923615e-05,
  "batch_size": 8,
  "hidden_dim": 256,
  "freq": 18,
  "phase": 0.5128002259912204,
  "amp": 0.5,
  "distribution": "ZERO_MEAN",
  "initializer": "Sine Wave",
  "requires_grad": true,
  "stack": "preferred_value",
  "noise": 0.0,
  "metric": "loss",
  "target_metric": "fsa_inf_mean_diff",
  "loss": 1.309141339023908,
  "accuracy": 0.7926666666666666,
  "fsa_inf_mean": 0.9739363227685293,
  "fsa_inf_std": 0.059038206934928894,
  "fsa_inf_mean_diff": -0.002507749636967982,
  "test_accuracy": 80.54,
  "test_loss": 1.2973818875789642,
  "test_fsa_2_mean": 0.6996845586776733,
  "test_fsa_2_std": 0.15276536345481873,
  "test_fsa_inf_mean": 0.6785208877563477,
  "test_fsa_inf_std": 0.1697404831647873
}