{
  "lr": 2.6299523486512995e-06,
  "weight_decay": 3.077020692075202e-05,
  "batch_size": 4,
  "hidden_dim": 256,
  "freq": 18,
  "phase": 0.7508601697033935,
  "amp": 1.0,
  "distribution": "ZERO_BASE",
  "initializer": "Sine Wave",
  "requires_grad": true,
  "stack": "preferred_value",
  "noise": 0.0,
  "metric": "loss_norm",
  "target_metric": "loss_norm",
  "loss": 0.6224595091243585,
  "accuracy": 0.8826666666666667,
  "fsa_inf_mean": 0.9873888874053955,
  "fsa_inf_std": 0.06382633000612259,
  "fsa_inf_mean_diff": 0.012611112594604457,
  "test_accuracy": 88.91,
  "test_loss": 0.604386997205019,
  "test_fsa_2_mean": 0.8413999843120575,
  "test_fsa_2_std": 0.17951491475105286,
  "test_fsa_inf_mean": 0.8465999843120575,
  "test_fsa_inf_std": 0.1767699420452118
}