{
  "lr": 7.808811406869651e-07,
  "weight_decay": 0.002421458859939375,
  "batch_size": 8,
  "hidden_dim": 256,
  "initializer": "Random Uniform",
  "stack": "preferred_value",
  "noise": 1.0,
  "metric": "loss",
  "target_metric": "fsa_inf_std",
  "loss": 2.015248408873876,
  "accuracy": 0.519,
  "fsa_inf_mean": 0.9211624190409978,
  "fsa_inf_std": 0.09400644153356552,
  "test_accuracy": 48.06,
  "test_loss": 2.059559918117523,
  "test_fsa_2_mean": 0.5559041907787323,
  "test_fsa_2_std": 0.1470070481300354,
  "test_fsa_inf_mean": 0.5586217614650726,
  "test_fsa_inf_std": 0.14805437624454498
}