{
    "network": "population",
    "avg_loss": 0.23318300978280604,
    "accuracy": 92.60000000000001,
    "sharpness_scores": {
        "layers.0.weight": 0.9399451164063066,
        "layers.0.bias": 0.018884725985117257,
        "layers.2.weight": 0.17386937490664423,
        "layers.2.bias": 0.005624409299343824
    },
    "activation_scores": {
        "layers.0": {
            "std": 0.8747105002403259,
            "mean": -0.31426507234573364
        },
        "layers.1": {
            "std": 0.6182733178138733,
            "mean": -0.21256481111049652
        },
        "layers.2": {
            "std": 3.8482208251953125,
            "mean": -1.3376078605651855
        }
    },
    "ruby_scores": {
        "fsa_2": {
            "mean": 0.34722087159752846,
            "std": 0.0758005678653717
        },
        "fsa_inf": {
            "mean": 0.35476806201040745,
            "std": 0.10829965770244598
        },
        "fsd_2": {
            "mean": 0.4627325953915715,
            "std": 0.07471053302288055
        },
        "fsd_inf": {
            "mean": 0.8469241876155138,
            "std": 0.05875216796994209
        }
    },
    "noise_sensitivity": {
        "fgsm": {
            "mean": 0.03565894550147808,
            "std": 0.022248433902859688
        }
    },
    "hyper_parameter": {
        "dataset": "mnist",
        "hidden_dim": 200,
        "training_noise": 0.0,
        "test_noise": 0.2,
        "batch_size": 32,
        "learning_rate": 2e-05,
        "weight_decay": 0.0001,
        "epochs": 100,
        "created_on": "2025_09_10_17_53_03",
        "seed": 4272108,
        "subset": 10000,
        "sigma": 0.4,
        "neurons": 8,
        "orientation": [
            -1,
            1
        ],
        "activation": "tuning_curve",
        "stimulus": "LINEAR"
    }
}