{
    "network": "population",
    "avg_loss": 0.296677720034495,
    "accuracy": 90.7,
    "sharpness_scores": {
        "layers.0.weight": 0.29779935418628156,
        "layers.0.bias": 0.0047931217122823,
        "layers.2.weight": 0.4906968146096915,
        "layers.2.bias": 0.0033467216417193413
    },
    "activation_scores": {
        "layers.0": {
            "std": 1.5371452569961548,
            "mean": -0.739616334438324
        },
        "layers.1": {
            "std": 0.847396731376648,
            "mean": -0.2607346475124359
        },
        "layers.2": {
            "std": 4.245760917663574,
            "mean": -8.662590026855469
        }
    },
    "ruby_scores": {
        "fsa_2": {
            "mean": 0.3303603380918503,
            "std": 0.06865588575601578
        },
        "fsa_inf": {
            "mean": 0.31836967915296555,
            "std": 0.07117970287799835
        },
        "fsd_2": {
            "mean": 0.4635313330218196,
            "std": 0.07415692508220673
        },
        "fsd_inf": {
            "mean": 0.8459454253315926,
            "std": 0.05583055317401886
        }
    },
    "noise_sensitivity": {
        "fgsm": {
            "mean": 0.0369561276674524,
            "std": 0.020772619172930717
        }
    },
    "hyper_parameter": {
        "dataset": "mnist",
        "hidden_dim": 200,
        "training_noise": 0.0,
        "test_noise": 0.2,
        "batch_size": 32,
        "learning_rate": 2e-05,
        "weight_decay": 0.0001,
        "epochs": 100,
        "created_on": "2025_09_10_17_53_03",
        "seed": 3172044,
        "subset": 10000,
        "sigma": 1.2,
        "neurons": 8,
        "orientation": [
            -3,
            3
        ],
        "activation": "tuning_curve",
        "stimulus": "RAND_NORMAL"
    }
}