{
    "network": "population",
    "avg_loss": 0.2613143465714529,
    "accuracy": 91.3,
    "sharpness_scores": {
        "layers.0.weight": 0.7807657317025587,
        "layers.0.bias": 0.025175184826366603,
        "layers.2.weight": 0.5177591213723645,
        "layers.2.bias": 0.006538587971590459
    },
    "activation_scores": {
        "layers.0": {
            "std": 1.008866548538208,
            "mean": -1.3321380615234375
        },
        "layers.1": {
            "std": 0.8914653658866882,
            "mean": -0.6908847689628601
        },
        "layers.2": {
            "std": 4.279006481170654,
            "mean": -4.0556254386901855
        }
    },
    "ruby_scores": {
        "fsa_2": {
            "mean": 0.3289963360875845,
            "std": 0.06836273521184921
        },
        "fsa_inf": {
            "mean": 0.3314443249255419,
            "std": 0.10924287140369415
        },
        "fsd_2": {
            "mean": 0.46653135400265455,
            "std": 0.07177338749170303
        },
        "fsd_inf": {
            "mean": 0.8485440276563168,
            "std": 0.056341562420129776
        }
    },
    "noise_sensitivity": {
        "fgsm": {
            "mean": 0.03232983230668128,
            "std": 0.018878724426031113
        }
    },
    "hyper_parameter": {
        "dataset": "mnist",
        "hidden_dim": 200,
        "training_noise": 0.0,
        "test_noise": 0.2,
        "batch_size": 32,
        "learning_rate": 2e-05,
        "weight_decay": 0.0001,
        "epochs": 100,
        "created_on": "2025_09_10_17_53_03",
        "seed": 9997416,
        "subset": 10000,
        "sigma": 0.8,
        "neurons": 8,
        "orientation": [
            -2,
            2
        ],
        "activation": "tuning_curve",
        "stimulus": "RAND_UNIFORM"
    }
}