{
    "network": "population",
    "avg_loss": 0.3220803658477962,
    "accuracy": 90.10000000000001,
    "sharpness_scores": {
        "layers.0.weight": 0.6756898513995111,
        "layers.0.bias": 0.011282279388979077,
        "layers.2.weight": 0.43182440660893917,
        "layers.2.bias": 0.004476271802559495
    },
    "activation_scores": {
        "layers.0": {
            "std": 0.8414295315742493,
            "mean": 0.2543070912361145
        },
        "layers.1": {
            "std": 0.9238573312759399,
            "mean": 0.3777482807636261
        },
        "layers.2": {
            "std": 5.050906658172607,
            "mean": -4.458400726318359
        }
    },
    "ruby_scores": {
        "fsa_2": {
            "mean": 0.3359063845127821,
            "std": 0.07265204936265945
        },
        "fsa_inf": {
            "mean": 0.34421325847506523,
            "std": 0.11099466681480408
        },
        "fsd_2": {
            "mean": 0.4684722572565079,
            "std": 0.07298378646373749
        },
        "fsd_inf": {
            "mean": 0.8491591550409794,
            "std": 0.05803154036402702
        }
    },
    "noise_sensitivity": {
        "fgsm": {
            "mean": 0.028087713228309677,
            "std": 0.015426281839609146
        }
    },
    "hyper_parameter": {
        "dataset": "mnist",
        "hidden_dim": 200,
        "training_noise": 0.0,
        "test_noise": 0.2,
        "batch_size": 32,
        "learning_rate": 2e-05,
        "weight_decay": 0.0001,
        "epochs": 100,
        "created_on": "2025_09_10_17_53_03",
        "seed": 2214992,
        "subset": 10000,
        "sigma": 1.2,
        "neurons": 8,
        "orientation": [
            -4,
            4
        ],
        "activation": "tuning_curve",
        "stimulus": "LINEAR"
    }
}