{
    "network": "population",
    "avg_loss": 0.2949085580185056,
    "accuracy": 91.0,
    "sharpness_scores": {
        "layers.0.weight": 0.29692756477743387,
        "layers.0.bias": 0.009213112527504563,
        "layers.2.weight": 0.5147725916467607,
        "layers.2.bias": 0.006632278673350811
    },
    "activation_scores": {
        "layers.0": {
            "std": 1.4924544095993042,
            "mean": -1.5204133987426758
        },
        "layers.1": {
            "std": 0.840965211391449,
            "mean": -0.9849769473075867
        },
        "layers.2": {
            "std": 4.184535026550293,
            "mean": -14.009982109069824
        }
    },
    "ruby_scores": {
        "fsa_2": {
            "mean": 0.3291249591857195,
            "std": 0.06911385804414749
        },
        "fsa_inf": {
            "mean": 0.3289260044693947,
            "std": 0.09806256741285324
        },
        "fsd_2": {
            "mean": 0.46847214829176664,
            "std": 0.07201676815748215
        },
        "fsd_inf": {
            "mean": 0.848735760897398,
            "std": 0.05691910162568092
        }
    },
    "noise_sensitivity": {
        "fgsm": {
            "mean": 0.03630214503091238,
            "std": 0.02072729729115963
        }
    },
    "hyper_parameter": {
        "dataset": "mnist",
        "hidden_dim": 200,
        "training_noise": 0.0,
        "test_noise": 0.2,
        "batch_size": 32,
        "learning_rate": 2e-05,
        "weight_decay": 0.0001,
        "epochs": 100,
        "created_on": "2025_09_10_17_53_03",
        "seed": 6078087,
        "subset": 10000,
        "sigma": 1.2,
        "neurons": 8,
        "orientation": [
            -2,
            2
        ],
        "activation": "tuning_curve",
        "stimulus": "RAND_NORMAL"
    }
}