{
    "network": "population",
    "avg_loss": 0.22449033590964973,
    "accuracy": 92.9,
    "sharpness_scores": {
        "layers.0.weight": 1.3109403264243156,
        "layers.0.bias": 0.03886180813424289,
        "layers.2.weight": 0.24281600769609213,
        "layers.2.bias": 0.002845762181095779
    },
    "activation_scores": {
        "layers.0": {
            "std": 0.8278366327285767,
            "mean": 1.090484380722046
        },
        "layers.1": {
            "std": 0.6734774112701416,
            "mean": 0.7842326760292053
        },
        "layers.2": {
            "std": 3.725233554840088,
            "mean": -5.631945610046387
        }
    },
    "ruby_scores": {
        "fsa_2": {
            "mean": 0.3568595889955759,
            "std": 0.0997416079044342
        },
        "fsa_inf": {
            "mean": 0.3638308346271515,
            "std": 0.11704259365797043
        },
        "fsd_2": {
            "mean": 0.4682843592017889,
            "std": 0.08685996383428574
        },
        "fsd_inf": {
            "mean": 0.8532835245132446,
            "std": 0.03807463496923447
        }
    },
    "noise_sensitivity": {
        "fgsm": {
            "mean": 0.03444989088578788,
            "std": 0.02318851463496685
        }
    },
    "hyper_parameter": {
        "dataset": "mnist",
        "hidden_dim": 200,
        "training_noise": 0.0,
        "test_noise": 0.2,
        "batch_size": 32,
        "learning_rate": 2e-05,
        "weight_decay": 0.0001,
        "epochs": 100,
        "created_on": "2025_09_10_17_53_03",
        "seed": 1313878,
        "subset": 10000,
        "sigma": 0.4,
        "neurons": 4,
        "orientation": [
            -1,
            1
        ],
        "activation": "tuning_curve",
        "stimulus": "RAND_NORMAL"
    }
}