{
    "network": "population",
    "avg_loss": 0.2284312774427235,
    "accuracy": 93.10000000000001,
    "sharpness_scores": {
        "layers.0.weight": 1.5911379377357662,
        "layers.0.bias": 0.06613348261453211,
        "layers.2.weight": 0.21191963856108487,
        "layers.2.bias": 0.0015065530315041542
    },
    "activation_scores": {
        "layers.0": {
            "std": 0.6372606158256531,
            "mean": -0.027365844696760178
        },
        "layers.1": {
            "std": 0.8028958439826965,
            "mean": 0.029383599758148193
        },
        "layers.2": {
            "std": 4.188961505889893,
            "mean": 0.41264376044273376
        }
    },
    "ruby_scores": {
        "fsa_2": {
            "mean": 0.3462628684937954,
            "std": 0.0805172249674797
        },
        "fsa_inf": {
            "mean": 0.35928608663380146,
            "std": 0.12388082593679428
        },
        "fsd_2": {
            "mean": 0.46982291154563427,
            "std": 0.08953685313463211
        },
        "fsd_inf": {
            "mean": 0.8508203960955143,
            "std": 0.043649230152368546
        }
    },
    "noise_sensitivity": {
        "fgsm": {
            "mean": 0.02827306202394054,
            "std": 0.018115682527422905
        }
    },
    "hyper_parameter": {
        "dataset": "mnist",
        "hidden_dim": 200,
        "training_noise": 0.0,
        "test_noise": 0.2,
        "batch_size": 32,
        "learning_rate": 2e-05,
        "weight_decay": 0.0001,
        "epochs": 100,
        "created_on": "2025_09_10_17_53_03",
        "seed": 1328585,
        "subset": 10000,
        "sigma": 0.4,
        "neurons": 8,
        "orientation": [
            -4,
            4
        ],
        "activation": "tuning_curve",
        "stimulus": "LINEAR"
    }
}