{
    "network": "population",
    "avg_loss": 0.24110426125116646,
    "accuracy": 92.4,
    "sharpness_scores": {
        "layers.0.weight": 1.0014323729556054,
        "layers.0.bias": 0.02971178712323308,
        "layers.2.weight": 0.23024833598174155,
        "layers.2.bias": 0.0018701755907386541
    },
    "activation_scores": {
        "layers.0": {
            "std": 0.8071311712265015,
            "mean": 0.3158737123012543
        },
        "layers.1": {
            "std": 0.6529144048690796,
            "mean": 0.18068130314350128
        },
        "layers.2": {
            "std": 3.907120943069458,
            "mean": 0.22372406721115112
        }
    },
    "ruby_scores": {
        "fsa_2": {
            "mean": 0.33819553069770336,
            "std": 0.061561208218336105
        },
        "fsa_inf": {
            "mean": 0.33983173593878746,
            "std": 0.10527250170707703
        },
        "fsd_2": {
            "mean": 0.4623780930414796,
            "std": 0.06668564677238464
        },
        "fsd_inf": {
            "mean": 0.849513491615653,
            "std": 0.058963704854249954
        }
    },
    "noise_sensitivity": {
        "fgsm": {
            "mean": 0.033991764018834913,
            "std": 0.02137511596083641
        }
    },
    "hyper_parameter": {
        "dataset": "mnist",
        "hidden_dim": 200,
        "training_noise": 0.0,
        "test_noise": 0.2,
        "batch_size": 32,
        "learning_rate": 2e-05,
        "weight_decay": 0.0001,
        "epochs": 100,
        "created_on": "2025_09_10_17_53_03",
        "seed": 2779396,
        "subset": 10000,
        "sigma": 0.4,
        "neurons": 4,
        "orientation": [
            -1,
            1
        ],
        "activation": "tuning_curve",
        "stimulus": "LINEAR"
    }
}