{
    "network": "population",
    "avg_loss": 0.2541081305826083,
    "accuracy": 91.60000000000001,
    "sharpness_scores": {
        "layers.0.weight": 0.6000177435344085,
        "layers.0.bias": 0.01330159034114331,
        "layers.2.weight": 0.23097707226406783,
        "layers.2.bias": -0.002582862041890621
    },
    "activation_scores": {
        "layers.0": {
            "std": 1.0935542583465576,
            "mean": -0.14816631376743317
        },
        "layers.1": {
            "std": 0.6620705723762512,
            "mean": -0.0632256418466568
        },
        "layers.2": {
            "std": 3.9308831691741943,
            "mean": -6.589870929718018
        }
    },
    "ruby_scores": {
        "fsa_2": {
            "mean": 0.34102069213986397,
            "std": 0.08734145760536194
        },
        "fsa_inf": {
            "mean": 0.34284429997205734,
            "std": 0.12256923317909241
        },
        "fsd_2": {
            "mean": 0.466192863881588,
            "std": 0.08631227165460587
        },
        "fsd_inf": {
            "mean": 0.8528678994625807,
            "std": 0.03667271137237549
        }
    },
    "noise_sensitivity": {
        "fgsm": {
            "mean": 0.03663159989161919,
            "std": 0.02194126509130001
        }
    },
    "hyper_parameter": {
        "dataset": "mnist",
        "hidden_dim": 200,
        "training_noise": 0.0,
        "test_noise": 0.2,
        "batch_size": 32,
        "learning_rate": 2e-05,
        "weight_decay": 0.0001,
        "epochs": 100,
        "created_on": "2025_09_10_17_53_03",
        "seed": 2469693,
        "subset": 10000,
        "sigma": 0.8,
        "neurons": 8,
        "orientation": [
            -1,
            1
        ],
        "activation": "tuning_curve",
        "stimulus": "RAND_NORMAL"
    }
}