{
    "network": "population",
    "avg_loss": 0.22769721294753253,
    "accuracy": 92.5,
    "sharpness_scores": {
        "layers.0.weight": 1.284612237708643,
        "layers.0.bias": 0.03841562522575259,
        "layers.2.weight": 0.15708286222070456,
        "layers.2.bias": 0.004909277893602848
    },
    "activation_scores": {
        "layers.0": {
            "std": 0.8545536994934082,
            "mean": 0.016142936423420906
        },
        "layers.1": {
            "std": 0.6603441834449768,
            "mean": 0.15795645117759705
        },
        "layers.2": {
            "std": 3.7039973735809326,
            "mean": -8.752250671386719
        }
    },
    "ruby_scores": {
        "fsa_2": {
            "mean": 0.3358903881162405,
            "std": 0.06756019592285156
        },
        "fsa_inf": {
            "mean": 0.3370062280446291,
            "std": 0.0845014676451683
        },
        "fsd_2": {
            "mean": 0.4625488966703415,
            "std": 0.06803879141807556
        },
        "fsd_inf": {
            "mean": 0.8499597106128931,
            "std": 0.06203373521566391
        }
    },
    "noise_sensitivity": {
        "fgsm": {
            "mean": 0.03500971715712866,
            "std": 0.024158453568816185
        }
    },
    "hyper_parameter": {
        "dataset": "mnist",
        "hidden_dim": 200,
        "training_noise": 0.0,
        "test_noise": 0.2,
        "batch_size": 32,
        "learning_rate": 2e-05,
        "weight_decay": 0.0001,
        "epochs": 100,
        "created_on": "2025_09_10_17_53_03",
        "seed": 9301827,
        "subset": 10000,
        "sigma": 0.4,
        "neurons": 4,
        "orientation": [
            -1,
            1
        ],
        "activation": "tuning_curve",
        "stimulus": "RAND_NORMAL"
    }
}