{
    "network": "linear",
    "avg_loss": 0.3191273380070925,
    "accuracy": 90.5,
    "sharpness_scores": {
        "layers.0.weight": 0.5750892423093319,
        "layers.0.bias": 0.009596298914402723,
        "layers.2.weight": 1.325234729796648,
        "layers.2.bias": -0.0005272836424410343
    },
    "activation_scores": {
        "layers.0": {
            "std": 0.9536506533622742,
            "mean": 13.8414306640625
        },
        "layers.1": {
            "std": 0.8143991231918335,
            "mean": 15.046250343322754
        },
        "layers.2": {
            "std": 3.863234281539917,
            "mean": -34.57213592529297
        }
    },
    "ruby_scores": {
        "fsa_2": {
            "mean": 0.3184927999973297,
            "std": 0.06598157435655594
        },
        "fsa_inf": {
            "mean": 0.3243440855294466,
            "std": 0.09378130733966827
        },
        "fsd_2": {
            "mean": 0.4661935279145837,
            "std": 0.0652761459350586
        },
        "fsd_inf": {
            "mean": 0.8535522986203432,
            "std": 0.058400433510541916
        }
    },
    "noise_sensitivity": {
        "fgsm": {
            "mean": 0.044904428882201496,
            "std": 0.024734284728765488
        }
    },
    "hyper_parameter": {
        "dataset": "mnist",
        "hidden_dim": 200,
        "training_noise": 0.0,
        "test_noise": 0.2,
        "batch_size": 32,
        "learning_rate": 1e-05,
        "weight_decay": 0.0001,
        "epochs": 100,
        "created_on": "2025_09_10_17_53_03",
        "seed": 3566592,
        "subset": 10000
    }
}