{
    "network": "population",
    "avg_loss": 0.2811066242866218,
    "accuracy": 91.0,
    "sharpness_scores": {
        "layers.0.weight": 0.8365461067296565,
        "layers.0.bias": 0.021059446735307574,
        "layers.2.weight": 0.32828705897554755,
        "layers.2.bias": 0.003807279630564153
    },
    "activation_scores": {
        "layers.0": {
            "std": 0.8225967288017273,
            "mean": -0.1603911817073822
        },
        "layers.1": {
            "std": 0.7920728325843811,
            "mean": -0.21709907054901123
        },
        "layers.2": {
            "std": 4.417032241821289,
            "mean": -5.374000072479248
        }
    },
    "ruby_scores": {
        "fsa_2": {
            "mean": 0.33377050049602985,
            "std": 0.08769512921571732
        },
        "fsa_inf": {
            "mean": 0.3411468155682087,
            "std": 0.12470660358667374
        },
        "fsd_2": {
            "mean": 0.4723363537341356,
            "std": 0.08967997878789902
        },
        "fsd_inf": {
            "mean": 0.8556458819657564,
            "std": 0.034643955528736115
        }
    },
    "noise_sensitivity": {
        "fgsm": {
            "mean": 0.031026004117614192,
            "std": 0.017925411462783813
        }
    },
    "hyper_parameter": {
        "dataset": "mnist",
        "hidden_dim": 200,
        "training_noise": 0.0,
        "test_noise": 0.2,
        "batch_size": 32,
        "learning_rate": 2e-05,
        "weight_decay": 0.0001,
        "epochs": 100,
        "created_on": "2025_09_10_17_53_03",
        "seed": 6574361,
        "subset": 10000,
        "sigma": 0.4,
        "neurons": 12,
        "orientation": [
            -2,
            2
        ],
        "activation": "tuning_curve",
        "stimulus": "LINEAR"
    }
}