{
    "network": "population",
    "avg_loss": 0.23367091768886894,
    "accuracy": 92.5,
    "sharpness_scores": {
        "layers.0.weight": 1.2608647110173479,
        "layers.0.bias": 0.051947186584584415,
        "layers.2.weight": 0.3550377927022055,
        "layers.2.bias": 0.0035161112900823355
    },
    "activation_scores": {
        "layers.0": {
            "std": 0.8561334609985352,
            "mean": 1.0674333572387695
        },
        "layers.1": {
            "std": 0.8610197901725769,
            "mean": 0.7021490335464478
        },
        "layers.2": {
            "std": 4.139601230621338,
            "mean": -9.58639907836914
        }
    },
    "ruby_scores": {
        "fsa_2": {
            "mean": 0.3468051590025425,
            "std": 0.08940233290195465
        },
        "fsa_inf": {
            "mean": 0.36342264898121357,
            "std": 0.12445078790187836
        },
        "fsd_2": {
            "mean": 0.47325289249420166,
            "std": 0.07992693036794662
        },
        "fsd_inf": {
            "mean": 0.8562684804201126,
            "std": 0.039280351251363754
        }
    },
    "noise_sensitivity": {
        "fgsm": {
            "mean": 0.030069801523460303,
            "std": 0.018524790182709694
        }
    },
    "hyper_parameter": {
        "dataset": "mnist",
        "hidden_dim": 200,
        "training_noise": 0.0,
        "test_noise": 0.2,
        "batch_size": 32,
        "learning_rate": 2e-05,
        "weight_decay": 0.0001,
        "epochs": 100,
        "created_on": "2025_09_10_17_53_03",
        "seed": 5296288,
        "subset": 10000,
        "sigma": 0.4,
        "neurons": 8,
        "orientation": [
            -2,
            2
        ],
        "activation": "tuning_curve",
        "stimulus": "RAND_UNIFORM"
    }
}