{
    "network": "population",
    "avg_loss": 0.2559091851580888,
    "accuracy": 91.60000000000001,
    "sharpness_scores": {
        "layers.0.weight": 0.6563335012178868,
        "layers.0.bias": 0.014399507315829396,
        "layers.2.weight": 0.2991616583894938,
        "layers.2.bias": 0.004065329907462001
    },
    "activation_scores": {
        "layers.0": {
            "std": 1.1098488569259644,
            "mean": 0.7701553702354431
        },
        "layers.1": {
            "std": 0.660517156124115,
            "mean": 0.4724743962287903
        },
        "layers.2": {
            "std": 3.865115165710449,
            "mean": -8.608150482177734
        }
    },
    "ruby_scores": {
        "fsa_2": {
            "mean": 0.34158020839095116,
            "std": 0.07266472280025482
        },
        "fsa_inf": {
            "mean": 0.34600183740258217,
            "std": 0.11254507303237915
        },
        "fsd_2": {
            "mean": 0.4695795476436615,
            "std": 0.0702202171087265
        },
        "fsd_inf": {
            "mean": 0.8462242987006903,
            "std": 0.05834513157606125
        }
    },
    "noise_sensitivity": {
        "fgsm": {
            "mean": 0.03648122198638786,
            "std": 0.02155448868870735
        }
    },
    "hyper_parameter": {
        "dataset": "mnist",
        "hidden_dim": 200,
        "training_noise": 0.0,
        "test_noise": 0.2,
        "batch_size": 32,
        "learning_rate": 2e-05,
        "weight_decay": 0.0001,
        "epochs": 100,
        "created_on": "2025_09_10_17_53_03",
        "seed": 5306483,
        "subset": 10000,
        "sigma": 0.8,
        "neurons": 8,
        "orientation": [
            -1,
            1
        ],
        "activation": "tuning_curve",
        "stimulus": "RAND_NORMAL"
    }
}