{
    "network": "population",
    "avg_loss": 0.28666009777225554,
    "accuracy": 90.8,
    "sharpness_scores": {
        "layers.0.weight": 0.39145070663653314,
        "layers.0.bias": 0.009287181543186307,
        "layers.2.weight": 0.4553010256495327,
        "layers.2.bias": -0.0008269897662103176
    },
    "activation_scores": {
        "layers.0": {
            "std": 1.4719829559326172,
            "mean": -0.6538384556770325
        },
        "layers.1": {
            "std": 0.8611260652542114,
            "mean": -0.13539838790893555
        },
        "layers.2": {
            "std": 4.0313334465026855,
            "mean": -14.234114646911621
        }
    },
    "ruby_scores": {
        "fsa_2": {
            "mean": 0.3364000301808119,
            "std": 0.07087346911430359
        },
        "fsa_inf": {
            "mean": 0.3387701287865639,
            "std": 0.09917540103197098
        },
        "fsd_2": {
            "mean": 0.4649530630558729,
            "std": 0.07742586731910706
        },
        "fsd_inf": {
            "mean": 0.8478355761617422,
            "std": 0.054702043533325195
        }
    },
    "noise_sensitivity": {
        "fgsm": {
            "mean": 0.03819430585236351,
            "std": 0.02243337221443653
        }
    },
    "hyper_parameter": {
        "dataset": "mnist",
        "hidden_dim": 200,
        "training_noise": 0.0,
        "test_noise": 0.2,
        "batch_size": 32,
        "learning_rate": 2e-05,
        "weight_decay": 0.0001,
        "epochs": 100,
        "created_on": "2025_09_10_17_53_03",
        "seed": 9225997,
        "subset": 10000,
        "sigma": 1.2,
        "neurons": 4,
        "orientation": [
            -4,
            4
        ],
        "activation": "tuning_curve",
        "stimulus": "RAND_NORMAL"
    }
}