{
    "network": "population",
    "avg_loss": 0.2829879110213369,
    "accuracy": 91.0,
    "sharpness_scores": {
        "layers.0.weight": 0.3397453709039837,
        "layers.0.bias": 0.008406804874539375,
        "layers.2.weight": 0.25466643017716706,
        "layers.2.bias": 0.007634025998413563
    },
    "activation_scores": {
        "layers.0": {
            "std": 1.3628374338150024,
            "mean": 0.5607302188873291
        },
        "layers.1": {
            "std": 0.6235438585281372,
            "mean": 0.2755894958972931
        },
        "layers.2": {
            "std": 3.876650094985962,
            "mean": -7.781996250152588
        }
    },
    "ruby_scores": {
        "fsa_2": {
            "mean": 0.33476988784968853,
            "std": 0.07128133624792099
        },
        "fsa_inf": {
            "mean": 0.3361447099596262,
            "std": 0.10753263533115387
        },
        "fsd_2": {
            "mean": 0.47134944051504135,
            "std": 0.07000813633203506
        },
        "fsd_inf": {
            "mean": 0.8476914651691914,
            "std": 0.05552689731121063
        }
    },
    "noise_sensitivity": {
        "fgsm": {
            "mean": 0.039656330044342145,
            "std": 0.023311631754040718
        }
    },
    "hyper_parameter": {
        "dataset": "mnist",
        "hidden_dim": 200,
        "training_noise": 0.0,
        "test_noise": 0.2,
        "batch_size": 32,
        "learning_rate": 2e-05,
        "weight_decay": 0.0001,
        "epochs": 100,
        "created_on": "2025_09_10_17_53_03",
        "seed": 1362112,
        "subset": 10000,
        "sigma": 1.2,
        "neurons": 8,
        "orientation": [
            -1,
            1
        ],
        "activation": "tuning_curve",
        "stimulus": "RAND_NORMAL"
    }
}