{
    "network": "population",
    "avg_loss": 0.2817741370527074,
    "accuracy": 90.8,
    "sharpness_scores": {
        "layers.0.weight": 0.8009718341054395,
        "layers.0.bias": 0.015182563685812056,
        "layers.2.weight": 0.3318287819856778,
        "layers.2.bias": 0.001493264571763575
    },
    "activation_scores": {
        "layers.0": {
            "std": 0.8032460808753967,
            "mean": 0.12121520191431046
        },
        "layers.1": {
            "std": 0.7788682579994202,
            "mean": 0.15388675034046173
        },
        "layers.2": {
            "std": 4.429293632507324,
            "mean": -4.725935459136963
        }
    },
    "ruby_scores": {
        "fsa_2": {
            "mean": 0.32964857295155525,
            "std": 0.07240090519189835
        },
        "fsa_inf": {
            "mean": 0.33709046989679337,
            "std": 0.11407387256622314
        },
        "fsd_2": {
            "mean": 0.4652860229834914,
            "std": 0.07583843171596527
        },
        "fsd_inf": {
            "mean": 0.845990689471364,
            "std": 0.05757802724838257
        }
    },
    "noise_sensitivity": {
        "fgsm": {
            "mean": 0.03004781190381961,
            "std": 0.017147503793239594
        }
    },
    "hyper_parameter": {
        "dataset": "mnist",
        "hidden_dim": 200,
        "training_noise": 0.0,
        "test_noise": 0.2,
        "batch_size": 32,
        "learning_rate": 2e-05,
        "weight_decay": 0.0001,
        "epochs": 100,
        "created_on": "2025_09_10_17_53_03",
        "seed": 6552410,
        "subset": 10000,
        "sigma": 0.4,
        "neurons": 12,
        "orientation": [
            -2,
            2
        ],
        "activation": "tuning_curve",
        "stimulus": "LINEAR"
    }
}