{
    "network": "population",
    "avg_loss": 0.2684128349646926,
    "accuracy": 91.5,
    "sharpness_scores": {
        "layers.0.weight": 0.6615166356787086,
        "layers.0.bias": 0.005838528275489807,
        "layers.2.weight": 0.46047091018408537,
        "layers.2.bias": 0.003235017880797386
    },
    "activation_scores": {
        "layers.0": {
            "std": 1.212189793586731,
            "mean": 0.5124440789222717
        },
        "layers.1": {
            "std": 0.8817251324653625,
            "mean": 0.4199393391609192
        },
        "layers.2": {
            "std": 4.206295490264893,
            "mean": -11.852505683898926
        }
    },
    "ruby_scores": {
        "fsa_2": {
            "mean": 0.34416185691952705,
            "std": 0.07237814366817474
        },
        "fsa_inf": {
            "mean": 0.35498690977692604,
            "std": 0.11226794123649597
        },
        "fsd_2": {
            "mean": 0.4749860819429159,
            "std": 0.07048908621072769
        },
        "fsd_inf": {
            "mean": 0.8500243574380875,
            "std": 0.05850875750184059
        }
    },
    "noise_sensitivity": {
        "fgsm": {
            "mean": 0.034584973639327665,
            "std": 0.020112743601202965
        }
    },
    "hyper_parameter": {
        "dataset": "mnist",
        "hidden_dim": 200,
        "training_noise": 0.0,
        "test_noise": 0.2,
        "batch_size": 32,
        "learning_rate": 2e-05,
        "weight_decay": 0.0001,
        "epochs": 100,
        "created_on": "2025_09_10_17_53_03",
        "seed": 2792098,
        "subset": 10000,
        "sigma": 0.8,
        "neurons": 8,
        "orientation": [
            -2,
            2
        ],
        "activation": "tuning_curve",
        "stimulus": "RAND_NORMAL"
    }
}