{
    "network": "population",
    "avg_loss": 0.23736811068374664,
    "accuracy": 92.0,
    "sharpness_scores": {
        "layers.0.weight": 1.132447341340594,
        "layers.0.bias": 0.03142825758550316,
        "layers.2.weight": 0.24326710763853043,
        "layers.2.bias": 0.006454963819123805
    },
    "activation_scores": {
        "layers.0": {
            "std": 0.8419877886772156,
            "mean": 0.7128116488456726
        },
        "layers.1": {
            "std": 0.6766318082809448,
            "mean": 0.4907339811325073
        },
        "layers.2": {
            "std": 3.846778392791748,
            "mean": -7.424663543701172
        }
    },
    "ruby_scores": {
        "fsa_2": {
            "mean": 0.3471538610756397,
            "std": 0.07214947044849396
        },
        "fsa_inf": {
            "mean": 0.3523204140365124,
            "std": 0.11296642571687698
        },
        "fsd_2": {
            "mean": 0.4666405403986573,
            "std": 0.07101894170045853
        },
        "fsd_inf": {
            "mean": 0.850295502692461,
            "std": 0.0607835054397583
        }
    },
    "noise_sensitivity": {
        "fgsm": {
            "mean": 0.03363285240360236,
            "std": 0.020907767117023468
        }
    },
    "hyper_parameter": {
        "dataset": "mnist",
        "hidden_dim": 200,
        "training_noise": 0.0,
        "test_noise": 0.2,
        "batch_size": 32,
        "learning_rate": 2e-05,
        "weight_decay": 0.0001,
        "epochs": 100,
        "created_on": "2025_09_10_17_53_03",
        "seed": 4915090,
        "subset": 10000,
        "sigma": 0.4,
        "neurons": 8,
        "orientation": [
            -1,
            1
        ],
        "activation": "tuning_curve",
        "stimulus": "RAND_NORMAL"
    }
}