{
    "network": "population",
    "avg_loss": 0.3115525091998279,
    "accuracy": 90.3,
    "sharpness_scores": {
        "layers.0.weight": 0.4921426740474999,
        "layers.0.bias": 0.005015307571738958,
        "layers.2.weight": 0.3173731523565948,
        "layers.2.bias": 0.003158032661303878
    },
    "activation_scores": {
        "layers.0": {
            "std": 0.9201470613479614,
            "mean": 1.015435814857483
        },
        "layers.1": {
            "std": 0.7790079712867737,
            "mean": 0.885217010974884
        },
        "layers.2": {
            "std": 4.654202938079834,
            "mean": -0.5955966711044312
        }
    },
    "ruby_scores": {
        "fsa_2": {
            "mean": 0.33722885325551033,
            "std": 0.07095945626497269
        },
        "fsa_inf": {
            "mean": 0.34227084182202816,
            "std": 0.10465144366025925
        },
        "fsd_2": {
            "mean": 0.46954413410276175,
            "std": 0.07507503032684326
        },
        "fsd_inf": {
            "mean": 0.8498916942626238,
            "std": 0.056791726499795914
        }
    },
    "noise_sensitivity": {
        "fgsm": {
            "mean": 0.030048348771023758,
            "std": 0.01689259521663189
        }
    },
    "hyper_parameter": {
        "dataset": "mnist",
        "hidden_dim": 200,
        "training_noise": 0.0,
        "test_noise": 0.2,
        "batch_size": 32,
        "learning_rate": 2e-05,
        "weight_decay": 0.0001,
        "epochs": 100,
        "created_on": "2025_09_10_17_53_03",
        "seed": 9006094,
        "subset": 10000,
        "sigma": 1.2,
        "neurons": 4,
        "orientation": [
            -2,
            2
        ],
        "activation": "tuning_curve",
        "stimulus": "LINEAR"
    }
}