{
    "network": "population",
    "avg_loss": 0.29915770795196295,
    "accuracy": 90.5,
    "sharpness_scores": {
        "layers.0.weight": 0.18303487822413445,
        "layers.0.bias": 0.002936270320788026,
        "layers.2.weight": 0.1723008300177753,
        "layers.2.bias": -0.0031411286909133196
    },
    "activation_scores": {
        "layers.0": {
            "std": 1.7822250127792358,
            "mean": 1.7734743356704712
        },
        "layers.1": {
            "std": 0.5208890438079834,
            "mean": 0.19634436070919037
        },
        "layers.2": {
            "std": 3.8764359951019287,
            "mean": -4.606959342956543
        }
    },
    "ruby_scores": {
        "fsa_2": {
            "mean": 0.3380891624838114,
            "std": 0.07461568713188171
        },
        "fsa_inf": {
            "mean": 0.33649786189198494,
            "std": 0.0966932401061058
        },
        "fsd_2": {
            "mean": 0.4693370396271348,
            "std": 0.07637793570756912
        },
        "fsd_inf": {
            "mean": 0.8518788740038872,
            "std": 0.05599593743681908
        }
    },
    "noise_sensitivity": {
        "fgsm": {
            "mean": 0.04271226861560058,
            "std": 0.024682117626070976
        }
    },
    "hyper_parameter": {
        "dataset": "mnist",
        "hidden_dim": 200,
        "training_noise": 0.0,
        "test_noise": 0.2,
        "batch_size": 32,
        "learning_rate": 2e-05,
        "weight_decay": 0.0001,
        "epochs": 100,
        "created_on": "2025_09_10_17_53_03",
        "seed": 3359175,
        "subset": 10000,
        "sigma": 1.2,
        "neurons": 8,
        "orientation": [
            -1,
            1
        ],
        "activation": "tuning_curve",
        "stimulus": "RAND_UNIFORM"
    }
}