{
    "network": "population",
    "avg_loss": 0.2960985435638577,
    "accuracy": 90.7,
    "sharpness_scores": {
        "layers.0.weight": 0.6120763865765184,
        "layers.0.bias": 0.006048187613487244,
        "layers.2.weight": 0.35647985502146184,
        "layers.2.bias": -0.0013313207309693098
    },
    "activation_scores": {
        "layers.0": {
            "std": 0.8919157385826111,
            "mean": 0.03864177688956261
        },
        "layers.1": {
            "std": 0.8089025616645813,
            "mean": -0.08482221513986588
        },
        "layers.2": {
            "std": 4.603886127471924,
            "mean": -3.548753499984741
        }
    },
    "ruby_scores": {
        "fsa_2": {
            "mean": 0.3351478613913059,
            "std": 0.06265362352132797
        },
        "fsa_inf": {
            "mean": 0.3419749680906534,
            "std": 0.10391192138195038
        },
        "fsd_2": {
            "mean": 0.4688265295699239,
            "std": 0.07497026771306992
        },
        "fsd_inf": {
            "mean": 0.8491705451160669,
            "std": 0.05711881443858147
        }
    },
    "noise_sensitivity": {
        "fgsm": {
            "mean": 0.03002486719948557,
            "std": 0.017151374369859695
        }
    },
    "hyper_parameter": {
        "dataset": "mnist",
        "hidden_dim": 200,
        "training_noise": 0.0,
        "test_noise": 0.2,
        "batch_size": 32,
        "learning_rate": 2e-05,
        "weight_decay": 0.0001,
        "epochs": 100,
        "created_on": "2025_09_10_17_53_03",
        "seed": 7570094,
        "subset": 10000,
        "sigma": 0.8,
        "neurons": 8,
        "orientation": [
            -2,
            2
        ],
        "activation": "tuning_curve",
        "stimulus": "LINEAR"
    }
}