{
    "network": "population",
    "avg_loss": 0.22926563199143857,
    "accuracy": 92.2,
    "sharpness_scores": {
        "layers.0.weight": 1.3196023871423677,
        "layers.0.bias": 0.048277335125021636,
        "layers.2.weight": 0.36336291779298335,
        "layers.2.bias": -0.0008361388463526964
    },
    "activation_scores": {
        "layers.0": {
            "std": 0.8057718276977539,
            "mean": -0.997868001461029
        },
        "layers.1": {
            "std": 0.8470497131347656,
            "mean": -0.7922042608261108
        },
        "layers.2": {
            "std": 4.118373394012451,
            "mean": -6.255694389343262
        }
    },
    "ruby_scores": {
        "fsa_2": {
            "mean": 0.354825921356678,
            "std": 0.0802072137594223
        },
        "fsa_inf": {
            "mean": 0.35858507454395294,
            "std": 0.11209630221128464
        },
        "fsd_2": {
            "mean": 0.46154115721583366,
            "std": 0.0656823143362999
        },
        "fsd_inf": {
            "mean": 0.8459296710789204,
            "std": 0.06058720499277115
        }
    },
    "noise_sensitivity": {
        "fgsm": {
            "mean": 0.03116706861311205,
            "std": 0.018974926322698593
        }
    },
    "hyper_parameter": {
        "dataset": "mnist",
        "hidden_dim": 200,
        "training_noise": 0.0,
        "test_noise": 0.2,
        "batch_size": 32,
        "learning_rate": 2e-05,
        "weight_decay": 0.0001,
        "epochs": 100,
        "created_on": "2025_09_10_17_53_03",
        "seed": 8829441,
        "subset": 10000,
        "sigma": 0.4,
        "neurons": 8,
        "orientation": [
            -2,
            2
        ],
        "activation": "tuning_curve",
        "stimulus": "RAND_UNIFORM"
    }
}