{
    "network": "population",
    "avg_loss": 0.1887703607790172,
    "accuracy": 93.60000000000001,
    "sharpness_scores": {
        "layers.0.weight": 2.024021488148719,
        "layers.0.bias": 0.07264148676767945,
        "layers.2.weight": 0.37306366860866547,
        "layers.2.bias": 0.002308167691808194
    },
    "activation_scores": {
        "layers.0": {
            "std": 0.6047650575637817,
            "mean": -0.1374170333147049
        },
        "layers.1": {
            "std": 0.980246901512146,
            "mean": -0.11555817723274231
        },
        "layers.2": {
            "std": 4.297303676605225,
            "mean": 1.0813020467758179
        }
    },
    "ruby_scores": {
        "fsa_2": {
            "mean": 0.3557239193469286,
            "std": 0.0964580699801445
        },
        "fsa_inf": {
            "mean": 0.3557277210056782,
            "std": 0.11186882853507996
        },
        "fsd_2": {
            "mean": 0.4675841638818383,
            "std": 0.07510403543710709
        },
        "fsd_inf": {
            "mean": 0.8571190424263477,
            "std": 0.03672109916806221
        }
    },
    "noise_sensitivity": {
        "fgsm": {
            "mean": 0.028298232097511526,
            "std": 0.017637737095355988
        }
    },
    "hyper_parameter": {
        "dataset": "mnist",
        "hidden_dim": 200,
        "training_noise": 0.0,
        "test_noise": 0.2,
        "batch_size": 32,
        "learning_rate": 2e-05,
        "weight_decay": 0.0001,
        "epochs": 100,
        "created_on": "2025_09_10_17_53_03",
        "seed": 1347865,
        "subset": 10000,
        "sigma": 0.4,
        "neurons": 4,
        "orientation": [
            -3,
            3
        ],
        "activation": "tuning_curve",
        "stimulus": "LINEAR"
    }
}