{
    "network": "population",
    "avg_loss": 0.22377786436118186,
    "accuracy": 92.4,
    "sharpness_scores": {
        "layers.0.weight": 1.3967096654232591,
        "layers.0.bias": 0.038954149931669235,
        "layers.2.weight": 0.15848672785796225,
        "layers.2.bias": 0.002139026066288352
    },
    "activation_scores": {
        "layers.0": {
            "std": 0.8706286549568176,
            "mean": -0.15850065648555756
        },
        "layers.1": {
            "std": 0.623493492603302,
            "mean": 0.42598965764045715
        },
        "layers.2": {
            "std": 3.609767436981201,
            "mean": -5.889418601989746
        }
    },
    "ruby_scores": {
        "fsa_2": {
            "mean": 0.3527352139353752,
            "std": 0.08458953350782394
        },
        "fsa_inf": {
            "mean": 0.3653267528861761,
            "std": 0.11810687184333801
        },
        "fsd_2": {
            "mean": 0.4730420522391796,
            "std": 0.06912688910961151
        },
        "fsd_inf": {
            "mean": 0.8495301716029644,
            "std": 0.0587298646569252
        }
    },
    "noise_sensitivity": {
        "fgsm": {
            "mean": 0.03708804057567336,
            "std": 0.024566613137722015
        }
    },
    "hyper_parameter": {
        "dataset": "mnist",
        "hidden_dim": 200,
        "training_noise": 0.0,
        "test_noise": 0.2,
        "batch_size": 32,
        "learning_rate": 2e-05,
        "weight_decay": 0.0001,
        "epochs": 100,
        "created_on": "2025_09_10_17_53_03",
        "seed": 1092280,
        "subset": 10000,
        "sigma": 0.4,
        "neurons": 4,
        "orientation": [
            -1,
            1
        ],
        "activation": "tuning_curve",
        "stimulus": "RAND_UNIFORM"
    }
}