{
    "network": "population",
    "avg_loss": 0.21535555401351303,
    "accuracy": 93.4,
    "sharpness_scores": {
        "layers.0.weight": 1.76066503173206,
        "layers.0.bias": 0.09183095919433981,
        "layers.2.weight": 0.7084884290816262,
        "layers.2.bias": -0.0005900529795326293
    },
    "activation_scores": {
        "layers.0": {
            "std": 0.9148739576339722,
            "mean": -0.6076365113258362
        },
        "layers.1": {
            "std": 1.1864176988601685,
            "mean": -0.05131002143025398
        },
        "layers.2": {
            "std": 4.100471496582031,
            "mean": -4.759603023529053
        }
    },
    "ruby_scores": {
        "fsa_2": {
            "mean": 0.3292125817388296,
            "std": 0.07584663480520248
        },
        "fsa_inf": {
            "mean": 0.33130014315247536,
            "std": 0.09094038605690002
        },
        "fsd_2": {
            "mean": 0.4608879638835788,
            "std": 0.06412968039512634
        },
        "fsd_inf": {
            "mean": 0.8488056678324938,
            "std": 0.06069846451282501
        }
    },
    "noise_sensitivity": {
        "fgsm": {
            "mean": 0.029959880980066654,
            "std": 0.019696684554219246
        }
    },
    "hyper_parameter": {
        "dataset": "mnist",
        "hidden_dim": 200,
        "training_noise": 0.0,
        "test_noise": 0.2,
        "batch_size": 32,
        "learning_rate": 2e-05,
        "weight_decay": 0.0001,
        "epochs": 100,
        "created_on": "2025_09_10_17_53_03",
        "seed": 4153225,
        "subset": 10000,
        "sigma": 0.4,
        "neurons": 4,
        "orientation": [
            -3,
            3
        ],
        "activation": "tuning_curve",
        "stimulus": "RAND_UNIFORM"
    }
}