{
    "network": "population",
    "avg_loss": 0.28390107583254576,
    "accuracy": 90.9,
    "sharpness_scores": {
        "layers.0.weight": 0.2077982760965824,
        "layers.0.bias": 0.003718213178217411,
        "layers.2.weight": 0.23980493051931262,
        "layers.2.bias": 0.001491843955591321
    },
    "activation_scores": {
        "layers.0": {
            "std": 1.873646855354309,
            "mean": -0.06357479840517044
        },
        "layers.1": {
            "std": 0.5356171727180481,
            "mean": -0.3240754008293152
        },
        "layers.2": {
            "std": 3.6228489875793457,
            "mean": -4.5312299728393555
        }
    },
    "ruby_scores": {
        "fsa_2": {
            "mean": 0.33767513930797577,
            "std": 0.0728135034441948
        },
        "fsa_inf": {
            "mean": 0.34095639549195766,
            "std": 0.10766494274139404
        },
        "fsd_2": {
            "mean": 0.46469095814973116,
            "std": 0.07570811361074448
        },
        "fsd_inf": {
            "mean": 0.8478602860122919,
            "std": 0.05623454973101616
        }
    },
    "noise_sensitivity": {
        "fgsm": {
            "mean": 0.045754563796389806,
            "std": 0.027712831273674965
        }
    },
    "hyper_parameter": {
        "dataset": "mnist",
        "hidden_dim": 200,
        "training_noise": 0.0,
        "test_noise": 0.2,
        "batch_size": 32,
        "learning_rate": 2e-05,
        "weight_decay": 0.0001,
        "epochs": 100,
        "created_on": "2025_09_10_17_53_03",
        "seed": 5301652,
        "subset": 10000,
        "sigma": 1.2,
        "neurons": 4,
        "orientation": [
            -1,
            1
        ],
        "activation": "tuning_curve",
        "stimulus": "RAND_UNIFORM"
    }
}