{
    "network": "population",
    "avg_loss": 0.2908682303968817,
    "accuracy": 91.0,
    "sharpness_scores": {
        "layers.0.weight": 0.3436182967852801,
        "layers.0.bias": 0.004001746652647853,
        "layers.2.weight": 0.5213276005815715,
        "layers.2.bias": 0.0035754158161580563
    },
    "activation_scores": {
        "layers.0": {
            "std": 1.4833545684814453,
            "mean": -0.49739012122154236
        },
        "layers.1": {
            "std": 0.8605080842971802,
            "mean": -0.6268250942230225
        },
        "layers.2": {
            "std": 4.246992588043213,
            "mean": -12.345003128051758
        }
    },
    "ruby_scores": {
        "fsa_2": {
            "mean": 0.334469361230731,
            "std": 0.06849481165409088
        },
        "fsa_inf": {
            "mean": 0.33752527460455894,
            "std": 0.10715536028146744
        },
        "fsd_2": {
            "mean": 0.47078553494066,
            "std": 0.08210765570402145
        },
        "fsd_inf": {
            "mean": 0.84959926456213,
            "std": 0.05809665843844414
        }
    },
    "noise_sensitivity": {
        "fgsm": {
            "mean": 0.036466988340847876,
            "std": 0.020628469064831734
        }
    },
    "hyper_parameter": {
        "dataset": "mnist",
        "hidden_dim": 200,
        "training_noise": 0.0,
        "test_noise": 0.2,
        "batch_size": 32,
        "learning_rate": 2e-05,
        "weight_decay": 0.0001,
        "epochs": 100,
        "created_on": "2025_09_10_17_53_03",
        "seed": 6217590,
        "subset": 10000,
        "sigma": 1.2,
        "neurons": 8,
        "orientation": [
            -3,
            3
        ],
        "activation": "tuning_curve",
        "stimulus": "RAND_NORMAL"
    }
}