{
    "network": "population",
    "avg_loss": 0.2697363820625469,
    "accuracy": 91.2,
    "sharpness_scores": {
        "layers.0.weight": 0.8559248998062685,
        "layers.0.bias": 0.025613468955270946,
        "layers.2.weight": 0.3348719385685399,
        "layers.2.bias": 0.004581076209433377
    },
    "activation_scores": {
        "layers.0": {
            "std": 0.7929903864860535,
            "mean": -0.0674273893237114
        },
        "layers.1": {
            "std": 0.7879009246826172,
            "mean": -0.15045513212680817
        },
        "layers.2": {
            "std": 4.396631717681885,
            "mean": -3.4739339351654053
        }
    },
    "ruby_scores": {
        "fsa_2": {
            "mean": 0.33346057310700417,
            "std": 0.06667664647102356
        },
        "fsa_inf": {
            "mean": 0.3445433359593153,
            "std": 0.11105002462863922
        },
        "fsd_2": {
            "mean": 0.46780199464410543,
            "std": 0.07078170031309128
        },
        "fsd_inf": {
            "mean": 0.847671477124095,
            "std": 0.05738649517297745
        }
    },
    "noise_sensitivity": {
        "fgsm": {
            "mean": 0.030078198825146518,
            "std": 0.017400050535798073
        }
    },
    "hyper_parameter": {
        "dataset": "mnist",
        "hidden_dim": 200,
        "training_noise": 0.0,
        "test_noise": 0.2,
        "batch_size": 32,
        "learning_rate": 2e-05,
        "weight_decay": 0.0001,
        "epochs": 100,
        "created_on": "2025_09_10_17_53_03",
        "seed": 9276722,
        "subset": 10000,
        "sigma": 0.4,
        "neurons": 8,
        "orientation": [
            -2,
            2
        ],
        "activation": "tuning_curve",
        "stimulus": "LINEAR"
    }
}