{
    "network": "population",
    "avg_loss": 0.303715388989076,
    "accuracy": 90.4,
    "sharpness_scores": {
        "layers.0.weight": 0.23856858466751873,
        "layers.0.bias": 0.003962979651987553,
        "layers.2.weight": 0.16252600983716547,
        "layers.2.bias": 0.004780830582603812
    },
    "activation_scores": {
        "layers.0": {
            "std": 1.2511180639266968,
            "mean": 0.497539758682251
        },
        "layers.1": {
            "std": 0.542407214641571,
            "mean": 0.1715843677520752
        },
        "layers.2": {
            "std": 4.1634745597839355,
            "mean": -2.1482832431793213
        }
    },
    "ruby_scores": {
        "fsa_2": {
            "mean": 0.33062793500721455,
            "std": 0.0690031498670578
        },
        "fsa_inf": {
            "mean": 0.33536295033991337,
            "std": 0.10916979610919952
        },
        "fsd_2": {
            "mean": 0.4717679461464286,
            "std": 0.07258804887533188
        },
        "fsd_inf": {
            "mean": 0.8518564365804195,
            "std": 0.05657840892672539
        }
    },
    "noise_sensitivity": {
        "fgsm": {
            "mean": 0.0369408743340299,
            "std": 0.0208504106849432
        }
    },
    "hyper_parameter": {
        "dataset": "mnist",
        "hidden_dim": 200,
        "training_noise": 0.0,
        "test_noise": 0.2,
        "batch_size": 32,
        "learning_rate": 2e-05,
        "weight_decay": 0.0001,
        "epochs": 100,
        "created_on": "2025_09_10_17_53_03",
        "seed": 7262984,
        "subset": 10000,
        "sigma": 1.2,
        "neurons": 4,
        "orientation": [
            -1,
            1
        ],
        "activation": "tuning_curve",
        "stimulus": "LINEAR"
    }
}