{
    "network": "population",
    "avg_loss": 0.2805470200255513,
    "accuracy": 90.9,
    "sharpness_scores": {
        "layers.0.weight": 0.34842075407505035,
        "layers.0.bias": 0.008593358099460602,
        "layers.2.weight": 0.18902397248893976,
        "layers.2.bias": 0.001475311815738678
    },
    "activation_scores": {
        "layers.0": {
            "std": 1.3343535661697388,
            "mean": 1.1038275957107544
        },
        "layers.1": {
            "std": 0.6207875609397888,
            "mean": 0.24436555802822113
        },
        "layers.2": {
            "std": 3.8591787815093994,
            "mean": -6.152225971221924
        }
    },
    "ruby_scores": {
        "fsa_2": {
            "mean": 0.3259770032018423,
            "std": 0.06774720549583435
        },
        "fsa_inf": {
            "mean": 0.32577331364154816,
            "std": 0.09719938784837723
        },
        "fsd_2": {
            "mean": 0.4705218989402056,
            "std": 0.0705566257238388
        },
        "fsd_inf": {
            "mean": 0.8541408497840166,
            "std": 0.05580679699778557
        }
    },
    "noise_sensitivity": {
        "fgsm": {
            "mean": 0.039326074718265186,
            "std": 0.022985627874732018
        }
    },
    "hyper_parameter": {
        "dataset": "mnist",
        "hidden_dim": 200,
        "training_noise": 0.0,
        "test_noise": 0.2,
        "batch_size": 32,
        "learning_rate": 2e-05,
        "weight_decay": 0.0001,
        "epochs": 100,
        "created_on": "2025_09_10_17_53_03",
        "seed": 9369514,
        "subset": 10000,
        "sigma": 1.2,
        "neurons": 8,
        "orientation": [
            -1,
            1
        ],
        "activation": "tuning_curve",
        "stimulus": "RAND_NORMAL"
    }
}