{
    "network": "population",
    "avg_loss": 0.3093953845091164,
    "accuracy": 90.3,
    "sharpness_scores": {
        "layers.0.weight": 0.4813951035030186,
        "layers.0.bias": -0.0002819090150296688,
        "layers.2.weight": 0.30139438854530454,
        "layers.2.bias": 0.001817180309444666
    },
    "activation_scores": {
        "layers.0": {
            "std": 0.9717959761619568,
            "mean": 0.33177459239959717
        },
        "layers.1": {
            "std": 0.7255480289459229,
            "mean": 0.21372194588184357
        },
        "layers.2": {
            "std": 4.586804389953613,
            "mean": -3.652596950531006
        }
    },
    "ruby_scores": {
        "fsa_2": {
            "mean": 0.3346724733710289,
            "std": 0.06799058616161346
        },
        "fsa_inf": {
            "mean": 0.34227169677615166,
            "std": 0.10442760586738586
        },
        "fsd_2": {
            "mean": 0.47092525381594896,
            "std": 0.07220213860273361
        },
        "fsd_inf": {
            "mean": 0.8531111478805542,
            "std": 0.056685544550418854
        }
    },
    "noise_sensitivity": {
        "fgsm": {
            "mean": 0.0316760075093708,
            "std": 0.017705034464597702
        }
    },
    "hyper_parameter": {
        "dataset": "mnist",
        "hidden_dim": 200,
        "training_noise": 0.0,
        "test_noise": 0.2,
        "batch_size": 32,
        "learning_rate": 2e-05,
        "weight_decay": 0.0001,
        "epochs": 100,
        "created_on": "2025_09_10_17_53_03",
        "seed": 8948519,
        "subset": 10000,
        "sigma": 1.2,
        "neurons": 8,
        "orientation": [
            -2,
            2
        ],
        "activation": "tuning_curve",
        "stimulus": "LINEAR"
    }
}