{
    "network": "population",
    "avg_loss": 0.2505220683524385,
    "accuracy": 92.2,
    "sharpness_scores": {
        "layers.0.weight": 0.8120283478638157,
        "layers.0.bias": 0.015024311491288245,
        "layers.2.weight": 0.20461172133218497,
        "layers.2.bias": 0.004383481806144118
    },
    "activation_scores": {
        "layers.0": {
            "std": 1.0699700117111206,
            "mean": 0.08177927136421204
        },
        "layers.1": {
            "std": 0.6645013689994812,
            "mean": -0.2061440795660019
        },
        "layers.2": {
            "std": 3.7633676528930664,
            "mean": -4.396759033203125
        }
    },
    "ruby_scores": {
        "fsa_2": {
            "mean": 0.3393319044262171,
            "std": 0.06522602587938309
        },
        "fsa_inf": {
            "mean": 0.34648239612579346,
            "std": 0.1106652170419693
        },
        "fsd_2": {
            "mean": 0.4575823126360774,
            "std": 0.07692892104387283
        },
        "fsd_inf": {
            "mean": 0.8471171446144581,
            "std": 0.058445706963539124
        }
    },
    "noise_sensitivity": {
        "fgsm": {
            "mean": 0.03877731118197779,
            "std": 0.02492840401828289
        }
    },
    "hyper_parameter": {
        "dataset": "mnist",
        "hidden_dim": 200,
        "training_noise": 0.0,
        "test_noise": 0.2,
        "batch_size": 32,
        "learning_rate": 2e-05,
        "weight_decay": 0.0001,
        "epochs": 100,
        "created_on": "2025_09_10_17_53_03",
        "seed": 8951880,
        "subset": 10000,
        "sigma": 0.8,
        "neurons": 4,
        "orientation": [
            -1,
            1
        ],
        "activation": "tuning_curve",
        "stimulus": "RAND_NORMAL"
    }
}