{
    "network": "population",
    "avg_loss": 0.2883311116602272,
    "accuracy": 90.7,
    "sharpness_scores": {
        "layers.0.weight": 0.42333014984615147,
        "layers.0.bias": 0.01127733918838203,
        "layers.2.weight": 0.5167502847034484,
        "layers.2.bias": 0.0039364180993288755
    },
    "activation_scores": {
        "layers.0": {
            "std": 1.4694337844848633,
            "mean": -0.7147698998451233
        },
        "layers.1": {
            "std": 0.8625659346580505,
            "mean": 0.20079274475574493
        },
        "layers.2": {
            "std": 4.017885208129883,
            "mean": -10.569571495056152
        }
    },
    "ruby_scores": {
        "fsa_2": {
            "mean": 0.3358516115695238,
            "std": 0.06197575479745865
        },
        "fsa_inf": {
            "mean": 0.3419013023376465,
            "std": 0.10893350839614868
        },
        "fsd_2": {
            "mean": 0.4691142961382866,
            "std": 0.07608448714017868
        },
        "fsd_inf": {
            "mean": 0.8480877913534641,
            "std": 0.05668323114514351
        }
    },
    "noise_sensitivity": {
        "fgsm": {
            "mean": 0.03877946608826285,
            "std": 0.02251100353896618
        }
    },
    "hyper_parameter": {
        "dataset": "mnist",
        "hidden_dim": 200,
        "training_noise": 0.0,
        "test_noise": 0.2,
        "batch_size": 32,
        "learning_rate": 2e-05,
        "weight_decay": 0.0001,
        "epochs": 100,
        "created_on": "2025_09_10_17_53_03",
        "seed": 4194234,
        "subset": 10000,
        "sigma": 1.2,
        "neurons": 4,
        "orientation": [
            -2,
            2
        ],
        "activation": "tuning_curve",
        "stimulus": "RAND_NORMAL"
    }
}