{
    "network": "population",
    "avg_loss": 0.29715439467690885,
    "accuracy": 90.7,
    "sharpness_scores": {
        "layers.0.weight": 0.42611547210253775,
        "layers.0.bias": 0.006021838868036866,
        "layers.2.weight": 0.4110729231033474,
        "layers.2.bias": 0.0012691507581621408
    },
    "activation_scores": {
        "layers.0": {
            "std": 1.2381181716918945,
            "mean": -0.7103295922279358
        },
        "layers.1": {
            "std": 0.830104649066925,
            "mean": -0.5076162219047546
        },
        "layers.2": {
            "std": 4.35634183883667,
            "mean": -7.327293395996094
        }
    },
    "ruby_scores": {
        "fsa_2": {
            "mean": 0.33706822991371155,
            "std": 0.06571592390537262
        },
        "fsa_inf": {
            "mean": 0.3415679410099983,
            "std": 0.10450155287981033
        },
        "fsd_2": {
            "mean": 0.47285266779363155,
            "std": 0.07415512949228287
        },
        "fsd_inf": {
            "mean": 0.8481113687157631,
            "std": 0.05629288777709007
        }
    },
    "noise_sensitivity": {
        "fgsm": {
            "mean": 0.033612276252985254,
            "std": 0.019042596220970154
        }
    },
    "hyper_parameter": {
        "dataset": "mnist",
        "hidden_dim": 200,
        "training_noise": 0.0,
        "test_noise": 0.2,
        "batch_size": 32,
        "learning_rate": 2e-05,
        "weight_decay": 0.0001,
        "epochs": 100,
        "created_on": "2025_09_10_17_53_03",
        "seed": 7173000,
        "subset": 10000,
        "sigma": 1.2,
        "neurons": 8,
        "orientation": [
            -2,
            2
        ],
        "activation": "tuning_curve",
        "stimulus": "RAND_UNIFORM"
    }
}