{
    "network": "population",
    "avg_loss": 0.2780031624715775,
    "accuracy": 91.3,
    "sharpness_scores": {
        "layers.0.weight": 0.4332127964589745,
        "layers.0.bias": 0.003982742317020893,
        "layers.2.weight": 0.5055022567976266,
        "layers.2.bias": 0.004575683269649744
    },
    "activation_scores": {
        "layers.0": {
            "std": 1.518876552581787,
            "mean": -0.27763500809669495
        },
        "layers.1": {
            "std": 0.8541078567504883,
            "mean": 0.030076846480369568
        },
        "layers.2": {
            "std": 4.061490535736084,
            "mean": -10.747514724731445
        }
    },
    "ruby_scores": {
        "fsa_2": {
            "mean": 0.33295679464936256,
            "std": 0.07761456817388535
        },
        "fsa_inf": {
            "mean": 0.33601561561226845,
            "std": 0.10301515460014343
        },
        "fsd_2": {
            "mean": 0.46698983293026686,
            "std": 0.07188215106725693
        },
        "fsd_inf": {
            "mean": 0.8497569728642702,
            "std": 0.05743984133005142
        }
    },
    "noise_sensitivity": {
        "fgsm": {
            "mean": 0.039017112076138796,
            "std": 0.022505102679133415
        }
    },
    "hyper_parameter": {
        "dataset": "mnist",
        "hidden_dim": 200,
        "training_noise": 0.0,
        "test_noise": 0.2,
        "batch_size": 32,
        "learning_rate": 2e-05,
        "weight_decay": 0.0001,
        "epochs": 100,
        "created_on": "2025_09_10_17_53_03",
        "seed": 4420267,
        "subset": 10000,
        "sigma": 1.2,
        "neurons": 4,
        "orientation": [
            -4,
            4
        ],
        "activation": "tuning_curve",
        "stimulus": "RAND_NORMAL"
    }
}