{
    "network": "population",
    "avg_loss": 0.30943794548511505,
    "accuracy": 90.4,
    "sharpness_scores": {
        "layers.0.weight": 0.5052980231121182,
        "layers.0.bias": 0.017997970106080174,
        "layers.2.weight": 0.35878586769104004,
        "layers.2.bias": 0.0002965612802654505
    },
    "activation_scores": {
        "layers.0": {
            "std": 0.9197443127632141,
            "mean": 0.934090256690979
        },
        "layers.1": {
            "std": 0.7762283086776733,
            "mean": 0.8800448179244995
        },
        "layers.2": {
            "std": 4.629461765289307,
            "mean": -2.9388301372528076
        }
    },
    "ruby_scores": {
        "fsa_2": {
            "mean": 0.337545957416296,
            "std": 0.06534632295370102
        },
        "fsa_inf": {
            "mean": 0.3425626903772354,
            "std": 0.10425763577222824
        },
        "fsd_2": {
            "mean": 0.4716404778882861,
            "std": 0.07543215155601501
        },
        "fsd_inf": {
            "mean": 0.8526245150715113,
            "std": 0.05772174149751663
        }
    },
    "noise_sensitivity": {
        "fgsm": {
            "mean": 0.030408472210762892,
            "std": 0.0170036219060421
        }
    },
    "hyper_parameter": {
        "dataset": "mnist",
        "hidden_dim": 200,
        "training_noise": 0.0,
        "test_noise": 0.2,
        "batch_size": 32,
        "learning_rate": 2e-05,
        "weight_decay": 0.0001,
        "epochs": 100,
        "created_on": "2025_09_10_17_53_03",
        "seed": 2811899,
        "subset": 10000,
        "sigma": 1.2,
        "neurons": 4,
        "orientation": [
            -2,
            2
        ],
        "activation": "tuning_curve",
        "stimulus": "LINEAR"
    }
}