{
    "network": "population",
    "avg_loss": 0.2471337680472061,
    "accuracy": 92.2,
    "sharpness_scores": {
        "layers.0.weight": 0.8878153070108965,
        "layers.0.bias": 0.019977289135567844,
        "layers.2.weight": 0.5748082102509215,
        "layers.2.bias": 0.004514905158430338
    },
    "activation_scores": {
        "layers.0": {
            "std": 1.0404109954833984,
            "mean": 0.12732771039009094
        },
        "layers.1": {
            "std": 0.9517974257469177,
            "mean": 0.35737335681915283
        },
        "layers.2": {
            "std": 4.148378849029541,
            "mean": -7.2223358154296875
        }
    },
    "ruby_scores": {
        "fsa_2": {
            "mean": 0.34529815055429935,
            "std": 0.08971874415874481
        },
        "fsa_inf": {
            "mean": 0.35728259570896626,
            "std": 0.12182629108428955
        },
        "fsd_2": {
            "mean": 0.47116400580853224,
            "std": 0.08454450964927673
        },
        "fsd_inf": {
            "mean": 0.8534116707742214,
            "std": 0.040075283497571945
        }
    },
    "noise_sensitivity": {
        "fgsm": {
            "mean": 0.03305877654228881,
            "std": 0.019497523084282875
        }
    },
    "hyper_parameter": {
        "dataset": "mnist",
        "hidden_dim": 200,
        "training_noise": 0.0,
        "test_noise": 0.2,
        "batch_size": 32,
        "learning_rate": 2e-05,
        "weight_decay": 0.0001,
        "epochs": 100,
        "created_on": "2025_09_10_17_53_03",
        "seed": 7327905,
        "subset": 10000,
        "sigma": 0.8,
        "neurons": 4,
        "orientation": [
            -2,
            2
        ],
        "activation": "tuning_curve",
        "stimulus": "RAND_UNIFORM"
    }
}