{
    "network": "population",
    "avg_loss": 0.21863713499624282,
    "accuracy": 93.7,
    "sharpness_scores": {
        "layers.0.weight": 1.5637822522548959,
        "layers.0.bias": 0.0632166798459366,
        "layers.2.weight": 0.3666847696295008,
        "layers.2.bias": 0.007279979530721903
    },
    "activation_scores": {
        "layers.0": {
            "std": 0.8596398234367371,
            "mean": 0.5979403853416443
        },
        "layers.1": {
            "std": 0.8231109380722046,
            "mean": 0.6827980279922485
        },
        "layers.2": {
            "std": 3.9655492305755615,
            "mean": -12.012758255004883
        }
    },
    "ruby_scores": {
        "fsa_2": {
            "mean": 0.3484953064471483,
            "std": 0.0741763561964035
        },
        "fsa_inf": {
            "mean": 0.3485723678022623,
            "std": 0.09494515508413315
        },
        "fsd_2": {
            "mean": 0.4611863764002919,
            "std": 0.06719252467155457
        },
        "fsd_inf": {
            "mean": 0.8514664694666862,
            "std": 0.059491388499736786
        }
    },
    "noise_sensitivity": {
        "fgsm": {
            "mean": 0.03254109743054213,
            "std": 0.021703433245420456
        }
    },
    "hyper_parameter": {
        "dataset": "mnist",
        "hidden_dim": 200,
        "training_noise": 0.0,
        "test_noise": 0.2,
        "batch_size": 32,
        "learning_rate": 2e-05,
        "weight_decay": 0.0001,
        "epochs": 100,
        "created_on": "2025_09_10_17_53_03",
        "seed": 2932116,
        "subset": 10000,
        "sigma": 0.4,
        "neurons": 4,
        "orientation": [
            -3,
            3
        ],
        "activation": "tuning_curve",
        "stimulus": "RAND_NORMAL"
    }
}