{
    "network": "population",
    "avg_loss": 0.27683998737484217,
    "accuracy": 91.4,
    "sharpness_scores": {
        "layers.0.weight": 0.4976283758878708,
        "layers.0.bias": 0.008315382641740143,
        "layers.2.weight": 0.4383745128288865,
        "layers.2.bias": -0.003204400883987546
    },
    "activation_scores": {
        "layers.0": {
            "std": 1.2852967977523804,
            "mean": 0.22989480197429657
        },
        "layers.1": {
            "std": 0.8895959854125977,
            "mean": 0.2778671681880951
        },
        "layers.2": {
            "std": 4.165623664855957,
            "mean": -8.81911849975586
        }
    },
    "ruby_scores": {
        "fsa_2": {
            "mean": 0.33754825592041016,
            "std": 0.06636401265859604
        },
        "fsa_inf": {
            "mean": 0.33871776796877384,
            "std": 0.10443179309368134
        },
        "fsd_2": {
            "mean": 0.4664100194349885,
            "std": 0.07506710290908813
        },
        "fsd_inf": {
            "mean": 0.8462678827345371,
            "std": 0.05517968907952309
        }
    },
    "noise_sensitivity": {
        "fgsm": {
            "mean": 0.03529039052130626,
            "std": 0.02037092112004757
        }
    },
    "hyper_parameter": {
        "dataset": "mnist",
        "hidden_dim": 200,
        "training_noise": 0.0,
        "test_noise": 0.2,
        "batch_size": 32,
        "learning_rate": 2e-05,
        "weight_decay": 0.0001,
        "epochs": 100,
        "created_on": "2025_09_10_17_53_03",
        "seed": 9757622,
        "subset": 10000,
        "sigma": 1.2,
        "neurons": 4,
        "orientation": [
            -2,
            2
        ],
        "activation": "tuning_curve",
        "stimulus": "RAND_UNIFORM"
    }
}