{
    "network": "population",
    "avg_loss": 0.2613686508266255,
    "accuracy": 91.9,
    "sharpness_scores": {
        "layers.0.weight": 0.8439227157505229,
        "layers.0.bias": 0.016973233432509005,
        "layers.2.weight": 0.5138249761657789,
        "layers.2.bias": 0.0042319538770243526
    },
    "activation_scores": {
        "layers.0": {
            "std": 1.0281951427459717,
            "mean": -0.8079471588134766
        },
        "layers.1": {
            "std": 0.8905167579650879,
            "mean": -0.8169187307357788
        },
        "layers.2": {
            "std": 4.276364803314209,
            "mean": -7.260804176330566
        }
    },
    "ruby_scores": {
        "fsa_2": {
            "mean": 0.34551239013671875,
            "std": 0.06769814342260361
        },
        "fsa_inf": {
            "mean": 0.35105170868337154,
            "std": 0.10533390939235687
        },
        "fsd_2": {
            "mean": 0.47278563864529133,
            "std": 0.07315519452095032
        },
        "fsd_inf": {
            "mean": 0.8490462675690651,
            "std": 0.05567486584186554
        }
    },
    "noise_sensitivity": {
        "fgsm": {
            "mean": 0.03210067046410575,
            "std": 0.01898173987865448
        }
    },
    "hyper_parameter": {
        "dataset": "mnist",
        "hidden_dim": 200,
        "training_noise": 0.0,
        "test_noise": 0.2,
        "batch_size": 32,
        "learning_rate": 2e-05,
        "weight_decay": 0.0001,
        "epochs": 100,
        "created_on": "2025_09_10_17_53_03",
        "seed": 2963136,
        "subset": 10000,
        "sigma": 0.8,
        "neurons": 8,
        "orientation": [
            -2,
            2
        ],
        "activation": "tuning_curve",
        "stimulus": "RAND_UNIFORM"
    }
}