{
    "network": "population",
    "avg_loss": 0.29199751396663487,
    "accuracy": 91.10000000000001,
    "sharpness_scores": {
        "layers.0.weight": 0.42725083394907415,
        "layers.0.bias": 0.008062325650826097,
        "layers.2.weight": 0.43368814210407436,
        "layers.2.bias": -0.001591808395460248
    },
    "activation_scores": {
        "layers.0": {
            "std": 1.2431600093841553,
            "mean": -0.2312294840812683
        },
        "layers.1": {
            "std": 0.8115658760070801,
            "mean": -0.19582851231098175
        },
        "layers.2": {
            "std": 4.303727626800537,
            "mean": -5.72741174697876
        }
    },
    "ruby_scores": {
        "fsa_2": {
            "mean": 0.3395299855619669,
            "std": 0.06657979637384415
        },
        "fsa_inf": {
            "mean": 0.3395378068089485,
            "std": 0.1028384268283844
        },
        "fsd_2": {
            "mean": 0.4680367046967149,
            "std": 0.0718405544757843
        },
        "fsd_inf": {
            "mean": 0.8465464189648628,
            "std": 0.05542426183819771
        }
    },
    "noise_sensitivity": {
        "fgsm": {
            "mean": 0.03406602745620395,
            "std": 0.019583571702241898
        }
    },
    "hyper_parameter": {
        "dataset": "mnist",
        "hidden_dim": 200,
        "training_noise": 0.0,
        "test_noise": 0.2,
        "batch_size": 32,
        "learning_rate": 2e-05,
        "weight_decay": 0.0001,
        "epochs": 100,
        "created_on": "2025_09_10_17_53_03",
        "seed": 9009731,
        "subset": 10000,
        "sigma": 1.2,
        "neurons": 8,
        "orientation": [
            -2,
            2
        ],
        "activation": "tuning_curve",
        "stimulus": "RAND_UNIFORM"
    }
}