{
    "network": "population",
    "avg_loss": 0.30329100345261395,
    "accuracy": 90.10000000000001,
    "sharpness_scores": {
        "layers.0.weight": 0.7322913610842079,
        "layers.0.bias": 0.0027230761479586363,
        "layers.2.weight": 0.38419637246988714,
        "layers.2.bias": 0.0033881538547575474
    },
    "activation_scores": {
        "layers.0": {
            "std": 0.8107352256774902,
            "mean": 0.706728458404541
        },
        "layers.1": {
            "std": 0.9356709122657776,
            "mean": 0.7571622133255005
        },
        "layers.2": {
            "std": 4.866427898406982,
            "mean": -2.716214179992676
        }
    },
    "ruby_scores": {
        "fsa_2": {
            "mean": 0.3321694117039442,
            "std": 0.07317711412906647
        },
        "fsa_inf": {
            "mean": 0.33882810547947884,
            "std": 0.10451046377420425
        },
        "fsd_2": {
            "mean": 0.47115251794457436,
            "std": 0.07618983834981918
        },
        "fsd_inf": {
            "mean": 0.8487844634801149,
            "std": 0.05660920590162277
        }
    },
    "noise_sensitivity": {
        "fgsm": {
            "mean": 0.028160146106719054,
            "std": 0.015721432864665985
        }
    },
    "hyper_parameter": {
        "dataset": "mnist",
        "hidden_dim": 200,
        "training_noise": 0.0,
        "test_noise": 0.2,
        "batch_size": 32,
        "learning_rate": 2e-05,
        "weight_decay": 0.0001,
        "epochs": 100,
        "created_on": "2025_09_10_17_53_03",
        "seed": 7038958,
        "subset": 10000,
        "sigma": 0.8,
        "neurons": 8,
        "orientation": [
            -4,
            4
        ],
        "activation": "tuning_curve",
        "stimulus": "LINEAR"
    }
}