{
    "network": "population",
    "avg_loss": 0.27671497233677655,
    "accuracy": 91.0,
    "sharpness_scores": {
        "layers.0.weight": 0.5198117744876072,
        "layers.0.bias": 0.009979676106013358,
        "layers.2.weight": 0.22950143495108932,
        "layers.2.bias": 0.00321433471981436
    },
    "activation_scores": {
        "layers.0": {
            "std": 1.0596283674240112,
            "mean": 0.06496056914329529
        },
        "layers.1": {
            "std": 0.6331475377082825,
            "mean": 0.009708447381854057
        },
        "layers.2": {
            "std": 4.136486530303955,
            "mean": -0.5399063229560852
        }
    },
    "ruby_scores": {
        "fsa_2": {
            "mean": 0.33215346187353134,
            "std": 0.06729921698570251
        },
        "fsa_inf": {
            "mean": 0.3373292572796345,
            "std": 0.10508711636066437
        },
        "fsd_2": {
            "mean": 0.46594496071338654,
            "std": 0.07804686576128006
        },
        "fsd_inf": {
            "mean": 0.8473249245435,
            "std": 0.05623404309153557
        }
    },
    "noise_sensitivity": {
        "fgsm": {
            "mean": 0.03438002205048278,
            "std": 0.019833790138363838
        }
    },
    "hyper_parameter": {
        "dataset": "mnist",
        "hidden_dim": 200,
        "training_noise": 0.0,
        "test_noise": 0.2,
        "batch_size": 32,
        "learning_rate": 2e-05,
        "weight_decay": 0.0001,
        "epochs": 100,
        "created_on": "2025_09_10_17_53_03",
        "seed": 5746581,
        "subset": 10000,
        "sigma": 0.8,
        "neurons": 4,
        "orientation": [
            -1,
            1
        ],
        "activation": "tuning_curve",
        "stimulus": "LINEAR"
    }
}