{
    "network": "population",
    "avg_loss": 0.20927798916818574,
    "accuracy": 93.5,
    "sharpness_scores": {
        "layers.0.weight": 1.9236450550961308,
        "layers.0.bias": 0.07201501325471327,
        "layers.2.weight": 0.752762402582448,
        "layers.2.bias": -0.0006965586799196899
    },
    "activation_scores": {
        "layers.0": {
            "std": 0.8891751766204834,
            "mean": 0.3962583839893341
        },
        "layers.1": {
            "std": 1.1840745210647583,
            "mean": 0.2647983133792877
        },
        "layers.2": {
            "std": 4.226003170013428,
            "mean": -8.079621315002441
        }
    },
    "ruby_scores": {
        "fsa_2": {
            "mean": 0.34535496309399605,
            "std": 0.08796633034944534
        },
        "fsa_inf": {
            "mean": 0.3469672426581383,
            "std": 0.10473909974098206
        },
        "fsd_2": {
            "mean": 0.4663903173059225,
            "std": 0.06437821686267853
        },
        "fsd_inf": {
            "mean": 0.8459819760173559,
            "std": 0.057385869324207306
        }
    },
    "noise_sensitivity": {
        "fgsm": {
            "mean": 0.02905180344714025,
            "std": 0.01892612688243389
        }
    },
    "hyper_parameter": {
        "dataset": "mnist",
        "hidden_dim": 200,
        "training_noise": 0.0,
        "test_noise": 0.2,
        "batch_size": 32,
        "learning_rate": 2e-05,
        "weight_decay": 0.0001,
        "epochs": 100,
        "created_on": "2025_09_10_17_53_03",
        "seed": 2723007,
        "subset": 10000,
        "sigma": 0.4,
        "neurons": 4,
        "orientation": [
            -3,
            3
        ],
        "activation": "tuning_curve",
        "stimulus": "RAND_UNIFORM"
    }
}