{
    "network": "population",
    "avg_loss": 0.2710015948396176,
    "accuracy": 91.4,
    "sharpness_scores": {
        "layers.0.weight": 0.4681067850906402,
        "layers.0.bias": 0.007460285909473896,
        "layers.2.weight": 0.23976865713484585,
        "layers.2.bias": -0.00022495945449918509
    },
    "activation_scores": {
        "layers.0": {
            "std": 1.0486645698547363,
            "mean": 0.22969497740268707
        },
        "layers.1": {
            "std": 0.6324260234832764,
            "mean": 0.1088932603597641
        },
        "layers.2": {
            "std": 4.13010311126709,
            "mean": -1.028828740119934
        }
    },
    "ruby_scores": {
        "fsa_2": {
            "mean": 0.33555101230740547,
            "std": 0.06551054865121841
        },
        "fsa_inf": {
            "mean": 0.3487829491496086,
            "std": 0.11585016548633575
        },
        "fsd_2": {
            "mean": 0.46801314689219,
            "std": 0.07855699211359024
        },
        "fsd_inf": {
            "mean": 0.8455094695091248,
            "std": 0.05866006389260292
        }
    },
    "noise_sensitivity": {
        "fgsm": {
            "mean": 0.03472750488426297,
            "std": 0.02020128257572651
        }
    },
    "hyper_parameter": {
        "dataset": "mnist",
        "hidden_dim": 200,
        "training_noise": 0.0,
        "test_noise": 0.2,
        "batch_size": 32,
        "learning_rate": 2e-05,
        "weight_decay": 0.0001,
        "epochs": 100,
        "created_on": "2025_09_10_17_53_03",
        "seed": 6052106,
        "subset": 10000,
        "sigma": 0.8,
        "neurons": 4,
        "orientation": [
            -1,
            1
        ],
        "activation": "tuning_curve",
        "stimulus": "LINEAR"
    }
}