{
    "network": "population",
    "avg_loss": 0.2795652151107788,
    "accuracy": 90.9,
    "sharpness_scores": {
        "layers.0.weight": 0.6787309441715479,
        "layers.0.bias": 0.01097899442538619,
        "layers.2.weight": 0.32902112463489175,
        "layers.2.bias": 0.0006276071071624756
    },
    "activation_scores": {
        "layers.0": {
            "std": 0.8170493245124817,
            "mean": -0.5303940773010254
        },
        "layers.1": {
            "std": 0.8688369393348694,
            "mean": -0.5616887211799622
        },
        "layers.2": {
            "std": 4.6198272705078125,
            "mean": -1.8229684829711914
        }
    },
    "ruby_scores": {
        "fsa_2": {
            "mean": 0.3370659053325653,
            "std": 0.07181458175182343
        },
        "fsa_inf": {
            "mean": 0.34484015591442585,
            "std": 0.10641297698020935
        },
        "fsd_2": {
            "mean": 0.476023786701262,
            "std": 0.07849416881799698
        },
        "fsd_inf": {
            "mean": 0.8503383025527,
            "std": 0.05663571506738663
        }
    },
    "noise_sensitivity": {
        "fgsm": {
            "mean": 0.02887524820949559,
            "std": 0.016513479873538017
        }
    },
    "hyper_parameter": {
        "dataset": "mnist",
        "hidden_dim": 200,
        "training_noise": 0.0,
        "test_noise": 0.2,
        "batch_size": 32,
        "learning_rate": 2e-05,
        "weight_decay": 0.0001,
        "epochs": 100,
        "created_on": "2025_09_10_17_53_03",
        "seed": 6429071,
        "subset": 10000,
        "sigma": 0.8,
        "neurons": 4,
        "orientation": [
            -2,
            2
        ],
        "activation": "tuning_curve",
        "stimulus": "LINEAR"
    }
}