{
    "network": "population",
    "avg_loss": 0.25440333783626556,
    "accuracy": 91.60000000000001,
    "sharpness_scores": {
        "layers.0.weight": 0.5392927937209606,
        "layers.0.bias": 0.007426472380757332,
        "layers.2.weight": 0.2216254430823028,
        "layers.2.bias": 0.0004131139721721411
    },
    "activation_scores": {
        "layers.0": {
            "std": 1.2797545194625854,
            "mean": -0.5781005024909973
        },
        "layers.1": {
            "std": 0.5860226154327393,
            "mean": -0.4400360882282257
        },
        "layers.2": {
            "std": 3.669720411300659,
            "mean": -5.750309467315674
        }
    },
    "ruby_scores": {
        "fsa_2": {
            "mean": 0.3319266866892576,
            "std": 0.07163546979427338
        },
        "fsa_inf": {
            "mean": 0.3346570059657097,
            "std": 0.1063617467880249
        },
        "fsd_2": {
            "mean": 0.4648838508874178,
            "std": 0.07237610965967178
        },
        "fsd_inf": {
            "mean": 0.8490773867815733,
            "std": 0.055930592119693756
        }
    },
    "noise_sensitivity": {
        "fgsm": {
            "mean": 0.041528302652605466,
            "std": 0.025768302381038666
        }
    },
    "hyper_parameter": {
        "dataset": "mnist",
        "hidden_dim": 200,
        "training_noise": 0.0,
        "test_noise": 0.2,
        "batch_size": 32,
        "learning_rate": 2e-05,
        "weight_decay": 0.0001,
        "epochs": 100,
        "created_on": "2025_09_10_17_53_03",
        "seed": 4501997,
        "subset": 10000,
        "sigma": 0.8,
        "neurons": 4,
        "orientation": [
            -1,
            1
        ],
        "activation": "tuning_curve",
        "stimulus": "RAND_UNIFORM"
    }
}