{
    "network": "population",
    "avg_loss": 0.28879093495197594,
    "accuracy": 90.8,
    "sharpness_scores": {
        "layers.0.weight": 0.42340563028119504,
        "layers.0.bias": 0.004193074302747846,
        "layers.2.weight": 0.40952753159217536,
        "layers.2.bias": 0.002026617294177413
    },
    "activation_scores": {
        "layers.0": {
            "std": 1.2492789030075073,
            "mean": 0.9193548560142517
        },
        "layers.1": {
            "std": 0.8161540627479553,
            "mean": 0.3975827991962433
        },
        "layers.2": {
            "std": 4.339746952056885,
            "mean": -6.396029949188232
        }
    },
    "ruby_scores": {
        "fsa_2": {
            "mean": 0.333743330091238,
            "std": 0.06689401715993881
        },
        "fsa_inf": {
            "mean": 0.3353770971298218,
            "std": 0.10758291929960251
        },
        "fsd_2": {
            "mean": 0.4693915583193302,
            "std": 0.07326893508434296
        },
        "fsd_inf": {
            "mean": 0.8468891438096762,
            "std": 0.0560571625828743
        }
    },
    "noise_sensitivity": {
        "fgsm": {
            "mean": 0.03414838821760539,
            "std": 0.018875740468502045
        }
    },
    "hyper_parameter": {
        "dataset": "mnist",
        "hidden_dim": 200,
        "training_noise": 0.0,
        "test_noise": 0.2,
        "batch_size": 32,
        "learning_rate": 2e-05,
        "weight_decay": 0.0001,
        "epochs": 100,
        "created_on": "2025_09_10_17_53_03",
        "seed": 2275520,
        "subset": 10000,
        "sigma": 1.2,
        "neurons": 8,
        "orientation": [
            -2,
            2
        ],
        "activation": "tuning_curve",
        "stimulus": "RAND_UNIFORM"
    }
}