{
    "network": "population",
    "avg_loss": 0.22000810934696347,
    "accuracy": 93.0,
    "sharpness_scores": {
        "layers.0.weight": 1.3573549588909373,
        "layers.0.bias": 0.03196044219657779,
        "layers.2.weight": 0.5625924201449379,
        "layers.2.bias": 0.003384260111488402
    },
    "activation_scores": {
        "layers.0": {
            "std": 0.7337398529052734,
            "mean": -0.1381436437368393
        },
        "layers.1": {
            "std": 1.0862268209457397,
            "mean": -0.15248122811317444
        },
        "layers.2": {
            "std": 4.550148010253906,
            "mean": 0.21378377079963684
        }
    },
    "ruby_scores": {
        "fsa_2": {
            "mean": 0.3503071032464504,
            "std": 0.06312858313322067
        },
        "fsa_inf": {
            "mean": 0.35435749404132366,
            "std": 0.10388919711112976
        },
        "fsd_2": {
            "mean": 0.45850034430623055,
            "std": 0.06612201780080795
        },
        "fsd_inf": {
            "mean": 0.8436592929065228,
            "std": 0.06165695562958717
        }
    },
    "noise_sensitivity": {
        "fgsm": {
            "mean": 0.028151719196983088,
            "std": 0.01691431924700737
        }
    },
    "hyper_parameter": {
        "dataset": "mnist",
        "hidden_dim": 200,
        "training_noise": 0.0,
        "test_noise": 0.2,
        "batch_size": 32,
        "learning_rate": 2e-05,
        "weight_decay": 0.0001,
        "epochs": 100,
        "created_on": "2025_09_10_17_53_03",
        "seed": 4248986,
        "subset": 10000,
        "sigma": 0.8,
        "neurons": 4,
        "orientation": [
            -4,
            4
        ],
        "activation": "tuning_curve",
        "stimulus": "LINEAR"
    }
}