{
    "network": "population",
    "avg_loss": 0.30970055842772126,
    "accuracy": 90.2,
    "sharpness_scores": {
        "layers.0.weight": 0.21296804444864392,
        "layers.0.bias": 0.0038664108142256737,
        "layers.2.weight": 0.14815231319516897,
        "layers.2.bias": -0.0018798073288053274
    },
    "activation_scores": {
        "layers.0": {
            "std": 1.3453335762023926,
            "mean": 1.2039275169372559
        },
        "layers.1": {
            "std": 0.5044863820075989,
            "mean": 0.4048660099506378
        },
        "layers.2": {
            "std": 4.170532703399658,
            "mean": -2.065382242202759
        }
    },
    "ruby_scores": {
        "fsa_2": {
            "mean": 0.3353762160986662,
            "std": 0.06651961803436279
        },
        "fsa_inf": {
            "mean": 0.34478846192359924,
            "std": 0.10723437368869781
        },
        "fsd_2": {
            "mean": 0.4709923695772886,
            "std": 0.07507394254207611
        },
        "fsd_inf": {
            "mean": 0.8526910785585642,
            "std": 0.05607437342405319
        }
    },
    "noise_sensitivity": {
        "fgsm": {
            "mean": 0.03805862448395849,
            "std": 0.021051403135061264
        }
    },
    "hyper_parameter": {
        "dataset": "mnist",
        "hidden_dim": 200,
        "training_noise": 0.0,
        "test_noise": 0.2,
        "batch_size": 32,
        "learning_rate": 2e-05,
        "weight_decay": 0.0001,
        "epochs": 100,
        "created_on": "2025_09_10_17_53_03",
        "seed": 1438995,
        "subset": 10000,
        "sigma": 1.2,
        "neurons": 8,
        "orientation": [
            -1,
            1
        ],
        "activation": "tuning_curve",
        "stimulus": "LINEAR"
    }
}