{
    "network": "population",
    "avg_loss": 0.28722859220579267,
    "accuracy": 90.7,
    "sharpness_scores": {
        "layers.0.weight": 0.3658722643740475,
        "layers.0.bias": 0.0017432018648833036,
        "layers.2.weight": 0.5174005529843271,
        "layers.2.bias": 0.0012806868180632591
    },
    "activation_scores": {
        "layers.0": {
            "std": 1.4660688638687134,
            "mean": -1.7261325120925903
        },
        "layers.1": {
            "std": 0.7955664396286011,
            "mean": -0.758361279964447
        },
        "layers.2": {
            "std": 3.979400157928467,
            "mean": -11.226374626159668
        }
    },
    "ruby_scores": {
        "fsa_2": {
            "mean": 0.33419402316212654,
            "std": 0.07280826568603516
        },
        "fsa_inf": {
            "mean": 0.3306157309561968,
            "std": 0.09450656175613403
        },
        "fsd_2": {
            "mean": 0.46411709394305944,
            "std": 0.07372257858514786
        },
        "fsd_inf": {
            "mean": 0.8458673730492592,
            "std": 0.05663546919822693
        }
    },
    "noise_sensitivity": {
        "fgsm": {
            "mean": 0.03886785622625269,
            "std": 0.022997215390205383
        }
    },
    "hyper_parameter": {
        "dataset": "mnist",
        "hidden_dim": 200,
        "training_noise": 0.0,
        "test_noise": 0.2,
        "batch_size": 32,
        "learning_rate": 2e-05,
        "weight_decay": 0.0001,
        "epochs": 100,
        "created_on": "2025_09_10_17_53_03",
        "seed": 4780842,
        "subset": 10000,
        "sigma": 1.2,
        "neurons": 4,
        "orientation": [
            -2,
            2
        ],
        "activation": "tuning_curve",
        "stimulus": "RAND_NORMAL"
    }
}