{
    "network": "population",
    "avg_loss": 0.20291409755009227,
    "accuracy": 93.4,
    "sharpness_scores": {
        "layers.0.weight": 1.9198121007357258,
        "layers.0.bias": 0.09269629933987744,
        "layers.2.weight": 0.369675445050234,
        "layers.2.bias": 0.002198920730734244
    },
    "activation_scores": {
        "layers.0": {
            "std": 0.611609697341919,
            "mean": 0.5203884243965149
        },
        "layers.1": {
            "std": 0.9813114404678345,
            "mean": 0.8647102117538452
        },
        "layers.2": {
            "std": 4.288636207580566,
            "mean": 0.7561938166618347
        }
    },
    "ruby_scores": {
        "fsa_2": {
            "mean": 0.35355534963309765,
            "std": 0.0786140188574791
        },
        "fsa_inf": {
            "mean": 0.36058913730084896,
            "std": 0.10529247671365738
        },
        "fsd_2": {
            "mean": 0.4670436205342412,
            "std": 0.058113910257816315
        },
        "fsd_inf": {
            "mean": 0.8489946089684963,
            "std": 0.05772773176431656
        }
    },
    "noise_sensitivity": {
        "fgsm": {
            "mean": 0.028629637417658078,
            "std": 0.017804503440856934
        }
    },
    "hyper_parameter": {
        "dataset": "mnist",
        "hidden_dim": 200,
        "training_noise": 0.0,
        "test_noise": 0.2,
        "batch_size": 32,
        "learning_rate": 2e-05,
        "weight_decay": 0.0001,
        "epochs": 100,
        "created_on": "2025_09_10_17_53_03",
        "seed": 4806117,
        "subset": 10000,
        "sigma": 0.4,
        "neurons": 4,
        "orientation": [
            -3,
            3
        ],
        "activation": "tuning_curve",
        "stimulus": "LINEAR"
    }
}