{
    "network": "population",
    "avg_loss": 0.3183632795698941,
    "accuracy": 90.2,
    "sharpness_scores": {
        "layers.0.weight": 0.5601921486668289,
        "layers.0.bias": 0.004970703041180968,
        "layers.2.weight": 0.3914542584680021,
        "layers.2.bias": 0.0023920556996017694
    },
    "activation_scores": {
        "layers.0": {
            "std": 0.8674536347389221,
            "mean": -0.293631911277771
        },
        "layers.1": {
            "std": 0.8574539422988892,
            "mean": -0.33365675806999207
        },
        "layers.2": {
            "std": 4.883549213409424,
            "mean": -4.8063459396362305
        }
    },
    "ruby_scores": {
        "fsa_2": {
            "mean": 0.3329646475613117,
            "std": 0.07273517549037933
        },
        "fsa_inf": {
            "mean": 0.3409098647534847,
            "std": 0.10953615605831146
        },
        "fsd_2": {
            "mean": 0.46969512198120356,
            "std": 0.0738215446472168
        },
        "fsd_inf": {
            "mean": 0.8492929041385651,
            "std": 0.05789581686258316
        }
    },
    "noise_sensitivity": {
        "fgsm": {
            "mean": 0.02887684282007965,
            "std": 0.01589699648320675
        }
    },
    "hyper_parameter": {
        "dataset": "mnist",
        "hidden_dim": 200,
        "training_noise": 0.0,
        "test_noise": 0.2,
        "batch_size": 32,
        "learning_rate": 2e-05,
        "weight_decay": 0.0001,
        "epochs": 100,
        "created_on": "2025_09_10_17_53_03",
        "seed": 4483491,
        "subset": 10000,
        "sigma": 1.2,
        "neurons": 8,
        "orientation": [
            -3,
            3
        ],
        "activation": "tuning_curve",
        "stimulus": "LINEAR"
    }
}