{
    "network": "population",
    "avg_loss": 0.2797425198368728,
    "accuracy": 91.10000000000001,
    "sharpness_scores": {
        "layers.0.weight": 0.5241164057515562,
        "layers.0.bias": 0.0019146024715155363,
        "layers.2.weight": 0.5743371178396046,
        "layers.2.bias": 0.0017897163052111864
    },
    "activation_scores": {
        "layers.0": {
            "std": 1.194079875946045,
            "mean": 0.7356252670288086
        },
        "layers.1": {
            "std": 0.9106276035308838,
            "mean": 0.5130940675735474
        },
        "layers.2": {
            "std": 4.162015914916992,
            "mean": -7.164613723754883
        }
    },
    "ruby_scores": {
        "fsa_2": {
            "mean": 0.3425075579434633,
            "std": 0.07364165782928467
        },
        "fsa_inf": {
            "mean": 0.3488097246736288,
            "std": 0.11452676355838776
        },
        "fsd_2": {
            "mean": 0.46825027372688055,
            "std": 0.07009674608707428
        },
        "fsd_inf": {
            "mean": 0.8464863449335098,
            "std": 0.05638482794165611
        }
    },
    "noise_sensitivity": {
        "fgsm": {
            "mean": 0.03460227829669912,
            "std": 0.01967371441423893
        }
    },
    "hyper_parameter": {
        "dataset": "mnist",
        "hidden_dim": 200,
        "training_noise": 0.0,
        "test_noise": 0.2,
        "batch_size": 32,
        "learning_rate": 2e-05,
        "weight_decay": 0.0001,
        "epochs": 100,
        "created_on": "2025_09_10_17_53_03",
        "seed": 2784570,
        "subset": 10000,
        "sigma": 1.2,
        "neurons": 4,
        "orientation": [
            -2,
            2
        ],
        "activation": "tuning_curve",
        "stimulus": "RAND_UNIFORM"
    }
}