{
    "network": "population",
    "avg_loss": 0.2855317348148674,
    "accuracy": 91.2,
    "sharpness_scores": {
        "layers.0.weight": 0.41691204090602696,
        "layers.0.bias": 0.01000372995622456,
        "layers.2.weight": 0.43833234743215144,
        "layers.2.bias": 0.0006508361548185349
    },
    "activation_scores": {
        "layers.0": {
            "std": 1.4814585447311401,
            "mean": -0.06016800180077553
        },
        "layers.1": {
            "std": 0.8382757902145386,
            "mean": 0.2340620458126068
        },
        "layers.2": {
            "std": 3.9486634731292725,
            "mean": -13.36484432220459
        }
    },
    "ruby_scores": {
        "fsa_2": {
            "mean": 0.32631651498377323,
            "std": 0.06679943948984146
        },
        "fsa_inf": {
            "mean": 0.3350619040429592,
            "std": 0.10805313289165497
        },
        "fsd_2": {
            "mean": 0.4694988001137972,
            "std": 0.08020041137933731
        },
        "fsd_inf": {
            "mean": 0.8503199703991413,
            "std": 0.05750708654522896
        }
    },
    "noise_sensitivity": {
        "fgsm": {
            "mean": 0.03841533436771945,
            "std": 0.022627156227827072
        }
    },
    "hyper_parameter": {
        "dataset": "mnist",
        "hidden_dim": 200,
        "training_noise": 0.0,
        "test_noise": 0.2,
        "batch_size": 32,
        "learning_rate": 2e-05,
        "weight_decay": 0.0001,
        "epochs": 100,
        "created_on": "2025_09_10_17_53_03",
        "seed": 8817195,
        "subset": 10000,
        "sigma": 1.2,
        "neurons": 4,
        "orientation": [
            -2,
            2
        ],
        "activation": "tuning_curve",
        "stimulus": "RAND_NORMAL"
    }
}