{
    "network": "population",
    "avg_loss": 0.2804208130110055,
    "accuracy": 91.10000000000001,
    "sharpness_scores": {
        "layers.0.weight": 0.33715774747543037,
        "layers.0.bias": 0.005528351990506053,
        "layers.2.weight": 0.5291046577040106,
        "layers.2.bias": 0.0022886579390615225
    },
    "activation_scores": {
        "layers.0": {
            "std": 1.5271514654159546,
            "mean": 0.5027804374694824
        },
        "layers.1": {
            "std": 0.8522084951400757,
            "mean": 0.11337961256504059
        },
        "layers.2": {
            "std": 3.950143337249756,
            "mean": -10.795635223388672
        }
    },
    "ruby_scores": {
        "fsa_2": {
            "mean": 0.328410591930151,
            "std": 0.0715775191783905
        },
        "fsa_inf": {
            "mean": 0.3297563772648573,
            "std": 0.10766799002885818
        },
        "fsd_2": {
            "mean": 0.46704101003706455,
            "std": 0.07373637706041336
        },
        "fsd_inf": {
            "mean": 0.8484194166958332,
            "std": 0.05713483691215515
        }
    },
    "noise_sensitivity": {
        "fgsm": {
            "mean": 0.03889169339187705,
            "std": 0.022285722196102142
        }
    },
    "hyper_parameter": {
        "dataset": "mnist",
        "hidden_dim": 200,
        "training_noise": 0.0,
        "test_noise": 0.2,
        "batch_size": 32,
        "learning_rate": 2e-05,
        "weight_decay": 0.0001,
        "epochs": 100,
        "created_on": "2025_09_10_17_53_03",
        "seed": 1832598,
        "subset": 10000,
        "sigma": 1.2,
        "neurons": 4,
        "orientation": [
            -3,
            3
        ],
        "activation": "tuning_curve",
        "stimulus": "RAND_NORMAL"
    }
}