{
    "network": "population",
    "avg_loss": 0.32619311404414475,
    "accuracy": 90.10000000000001,
    "sharpness_scores": {
        "layers.0.weight": 0.6490549787413329,
        "layers.0.bias": 0.008494959212839603,
        "layers.2.weight": 0.3662813117261976,
        "layers.2.bias": 0.0054248906672000885
    },
    "activation_scores": {
        "layers.0": {
            "std": 0.8410501480102539,
            "mean": -0.0803227499127388
        },
        "layers.1": {
            "std": 0.9204986095428467,
            "mean": -0.09431006014347076
        },
        "layers.2": {
            "std": 5.028789043426514,
            "mean": -6.291635036468506
        }
    },
    "ruby_scores": {
        "fsa_2": {
            "mean": 0.3340993169695139,
            "std": 0.07043629139661789
        },
        "fsa_inf": {
            "mean": 0.3442464042454958,
            "std": 0.10982130467891693
        },
        "fsd_2": {
            "mean": 0.46891901548951864,
            "std": 0.07433763891458511
        },
        "fsd_inf": {
            "mean": 0.8500962574034929,
            "std": 0.058029837906360626
        }
    },
    "noise_sensitivity": {
        "fgsm": {
            "mean": 0.028060727255541255,
            "std": 0.015581396408379078
        }
    },
    "hyper_parameter": {
        "dataset": "mnist",
        "hidden_dim": 200,
        "training_noise": 0.0,
        "test_noise": 0.2,
        "batch_size": 32,
        "learning_rate": 2e-05,
        "weight_decay": 0.0001,
        "epochs": 100,
        "created_on": "2025_09_10_17_53_03",
        "seed": 9537704,
        "subset": 10000,
        "sigma": 1.2,
        "neurons": 8,
        "orientation": [
            -4,
            4
        ],
        "activation": "tuning_curve",
        "stimulus": "LINEAR"
    }
}