{
    "network": "population",
    "avg_loss": 0.21804894309025258,
    "accuracy": 92.80000000000001,
    "sharpness_scores": {
        "layers.0.weight": 1.3219543603481725,
        "layers.0.bias": 0.03532552008982748,
        "layers.2.weight": 0.27655120484996587,
        "layers.2.bias": 0.0010673434007912874
    },
    "activation_scores": {
        "layers.0": {
            "std": 0.8973754644393921,
            "mean": -0.035115908831357956
        },
        "layers.1": {
            "std": 0.8138467073440552,
            "mean": 0.20191951096057892
        },
        "layers.2": {
            "std": 3.909823179244995,
            "mean": -8.70442008972168
        }
    },
    "ruby_scores": {
        "fsa_2": {
            "mean": 0.34354551136493683,
            "std": 0.08617492020130157
        },
        "fsa_inf": {
            "mean": 0.3521825559437275,
            "std": 0.11622219532728195
        },
        "fsd_2": {
            "mean": 0.4570573326200247,
            "std": 0.07676105201244354
        },
        "fsd_inf": {
            "mean": 0.8510988838970661,
            "std": 0.03668280690908432
        }
    },
    "noise_sensitivity": {
        "fgsm": {
            "mean": 0.033178071804642696,
            "std": 0.021087445318698883
        }
    },
    "hyper_parameter": {
        "dataset": "mnist",
        "hidden_dim": 200,
        "training_noise": 0.0,
        "test_noise": 0.2,
        "batch_size": 32,
        "learning_rate": 2e-05,
        "weight_decay": 0.0001,
        "epochs": 100,
        "created_on": "2025_09_10_17_53_03",
        "seed": 9201104,
        "subset": 10000,
        "sigma": 0.4,
        "neurons": 4,
        "orientation": [
            -2,
            2
        ],
        "activation": "tuning_curve",
        "stimulus": "RAND_NORMAL"
    }
}