{
    "network": "population",
    "avg_loss": 0.2664430143777281,
    "accuracy": 91.3,
    "sharpness_scores": {
        "layers.0.weight": 0.6005612264852971,
        "layers.0.bias": 0.010034348350018263,
        "layers.2.weight": 0.44373764912597835,
        "layers.2.bias": 0.0037081451155245304
    },
    "activation_scores": {
        "layers.0": {
            "std": 1.2093937397003174,
            "mean": 0.8300527930259705
        },
        "layers.1": {
            "std": 0.8643916845321655,
            "mean": 0.8267788290977478
        },
        "layers.2": {
            "std": 4.146279335021973,
            "mean": -10.161576271057129
        }
    },
    "ruby_scores": {
        "fsa_2": {
            "mean": 0.33595081232488155,
            "std": 0.07064730674028397
        },
        "fsa_inf": {
            "mean": 0.3394729234278202,
            "std": 0.10335922241210938
        },
        "fsd_2": {
            "mean": 0.47305628657341003,
            "std": 0.07068628817796707
        },
        "fsd_inf": {
            "mean": 0.8471643719822168,
            "std": 0.05785297974944115
        }
    },
    "noise_sensitivity": {
        "fgsm": {
            "mean": 0.034677658154094605,
            "std": 0.019921792671084404
        }
    },
    "hyper_parameter": {
        "dataset": "mnist",
        "hidden_dim": 200,
        "training_noise": 0.0,
        "test_noise": 0.2,
        "batch_size": 32,
        "learning_rate": 2e-05,
        "weight_decay": 0.0001,
        "epochs": 100,
        "created_on": "2025_09_10_17_53_03",
        "seed": 7671144,
        "subset": 10000,
        "sigma": 0.8,
        "neurons": 8,
        "orientation": [
            -2,
            2
        ],
        "activation": "tuning_curve",
        "stimulus": "RAND_NORMAL"
    }
}