{
    "network": "population",
    "avg_loss": 0.26915831840597093,
    "accuracy": 91.2,
    "sharpness_scores": {
        "layers.0.weight": 0.5625833033118397,
        "layers.0.bias": 0.01530652609653771,
        "layers.2.weight": 0.6067168873269111,
        "layers.2.bias": 0.0030432473868131638
    },
    "activation_scores": {
        "layers.0": {
            "std": 1.2353394031524658,
            "mean": 0.2939748764038086
        },
        "layers.1": {
            "std": 0.8987674117088318,
            "mean": 0.4882429540157318
        },
        "layers.2": {
            "std": 4.202856063842773,
            "mean": -13.347320556640625
        }
    },
    "ruby_scores": {
        "fsa_2": {
            "mean": 0.3305644914507866,
            "std": 0.06963919848203659
        },
        "fsa_inf": {
            "mean": 0.33287798799574375,
            "std": 0.1034127026796341
        },
        "fsd_2": {
            "mean": 0.4677559267729521,
            "std": 0.073951356112957
        },
        "fsd_inf": {
            "mean": 0.8476270772516727,
            "std": 0.05541648343205452
        }
    },
    "noise_sensitivity": {
        "fgsm": {
            "mean": 0.034194332219908176,
            "std": 0.019568953663110733
        }
    },
    "hyper_parameter": {
        "dataset": "mnist",
        "hidden_dim": 200,
        "training_noise": 0.0,
        "test_noise": 0.2,
        "batch_size": 32,
        "learning_rate": 2e-05,
        "weight_decay": 0.0001,
        "epochs": 100,
        "created_on": "2025_09_10_17_53_03",
        "seed": 7858896,
        "subset": 10000,
        "sigma": 0.8,
        "neurons": 8,
        "orientation": [
            -3,
            3
        ],
        "activation": "tuning_curve",
        "stimulus": "RAND_NORMAL"
    }
}