{
    "network": "population",
    "avg_loss": 0.31096006534062326,
    "accuracy": 90.3,
    "sharpness_scores": {
        "layers.0.weight": 0.49676263169385493,
        "layers.0.bias": -0.00015296484343707561,
        "layers.2.weight": 0.37181308143772185,
        "layers.2.bias": -0.0008162453304976225
    },
    "activation_scores": {
        "layers.0": {
            "std": 0.9127806425094604,
            "mean": -0.5790848731994629
        },
        "layers.1": {
            "std": 0.7744760513305664,
            "mean": -0.4604370594024658
        },
        "layers.2": {
            "std": 4.678117752075195,
            "mean": -1.7186927795410156
        }
    },
    "ruby_scores": {
        "fsa_2": {
            "mean": 0.3354283832013607,
            "std": 0.07183331251144409
        },
        "fsa_inf": {
            "mean": 0.3405412770807743,
            "std": 0.10352487862110138
        },
        "fsd_2": {
            "mean": 0.47046413738280535,
            "std": 0.07446486502885818
        },
        "fsd_inf": {
            "mean": 0.8498736415058374,
            "std": 0.05606546625494957
        }
    },
    "noise_sensitivity": {
        "fgsm": {
            "mean": 0.030118201172780967,
            "std": 0.01679336652159691
        }
    },
    "hyper_parameter": {
        "dataset": "mnist",
        "hidden_dim": 200,
        "training_noise": 0.0,
        "test_noise": 0.2,
        "batch_size": 32,
        "learning_rate": 2e-05,
        "weight_decay": 0.0001,
        "epochs": 100,
        "created_on": "2025_09_10_17_53_03",
        "seed": 3903138,
        "subset": 10000,
        "sigma": 1.2,
        "neurons": 4,
        "orientation": [
            -2,
            2
        ],
        "activation": "tuning_curve",
        "stimulus": "LINEAR"
    }
}