{
    "network": "population",
    "avg_loss": 0.31223292648792267,
    "accuracy": 90.5,
    "sharpness_scores": {
        "layers.0.weight": 0.46377171482890844,
        "layers.0.bias": 0.0014967415481805801,
        "layers.2.weight": 0.2696934286504984,
        "layers.2.bias": -0.0002073689829558134
    },
    "activation_scores": {
        "layers.0": {
            "std": 0.9725649356842041,
            "mean": 0.34155088663101196
        },
        "layers.1": {
            "std": 0.7248333692550659,
            "mean": 0.18323788046836853
        },
        "layers.2": {
            "std": 4.593302249908447,
            "mean": -6.367748737335205
        }
    },
    "ruby_scores": {
        "fsa_2": {
            "mean": 0.336057448759675,
            "std": 0.06554568558931351
        },
        "fsa_inf": {
            "mean": 0.3427646141499281,
            "std": 0.1032656580209732
        },
        "fsd_2": {
            "mean": 0.47070859279483557,
            "std": 0.07401874661445618
        },
        "fsd_inf": {
            "mean": 0.8491937331855297,
            "std": 0.05691517889499664
        }
    },
    "noise_sensitivity": {
        "fgsm": {
            "mean": 0.03134372800695375,
            "std": 0.017499951645731926
        }
    },
    "hyper_parameter": {
        "dataset": "mnist",
        "hidden_dim": 200,
        "training_noise": 0.0,
        "test_noise": 0.2,
        "batch_size": 32,
        "learning_rate": 2e-05,
        "weight_decay": 0.0001,
        "epochs": 100,
        "created_on": "2025_09_10_17_53_03",
        "seed": 4100257,
        "subset": 10000,
        "sigma": 1.2,
        "neurons": 8,
        "orientation": [
            -2,
            2
        ],
        "activation": "tuning_curve",
        "stimulus": "LINEAR"
    }
}