{
    "network": "population",
    "avg_loss": 0.2588984491303563,
    "accuracy": 91.60000000000001,
    "sharpness_scores": {
        "layers.0.weight": 0.5723879868164659,
        "layers.0.bias": 0.01725307130254805,
        "layers.2.weight": 0.27777002239599824,
        "layers.2.bias": 0.004910334013402462
    },
    "activation_scores": {
        "layers.0": {
            "std": 1.0809608697891235,
            "mean": -0.845392644405365
        },
        "layers.1": {
            "std": 0.6564680337905884,
            "mean": -0.20889537036418915
        },
        "layers.2": {
            "std": 3.894347906112671,
            "mean": -6.874039173126221
        }
    },
    "ruby_scores": {
        "fsa_2": {
            "mean": 0.34434060379862785,
            "std": 0.08631149679422379
        },
        "fsa_inf": {
            "mean": 0.3527595419436693,
            "std": 0.12596458196640015
        },
        "fsd_2": {
            "mean": 0.47330046724528074,
            "std": 0.09011416137218475
        },
        "fsd_inf": {
            "mean": 0.8533396050333977,
            "std": 0.03849475085735321
        }
    },
    "noise_sensitivity": {
        "fgsm": {
            "mean": 0.036263702531583106,
            "std": 0.02204112522304058
        }
    },
    "hyper_parameter": {
        "dataset": "mnist",
        "hidden_dim": 200,
        "training_noise": 0.0,
        "test_noise": 0.2,
        "batch_size": 32,
        "learning_rate": 2e-05,
        "weight_decay": 0.0001,
        "epochs": 100,
        "created_on": "2025_09_10_17_53_03",
        "seed": 6639967,
        "subset": 10000,
        "sigma": 0.8,
        "neurons": 8,
        "orientation": [
            -1,
            1
        ],
        "activation": "tuning_curve",
        "stimulus": "RAND_NORMAL"
    }
}