{
    "network": "population",
    "avg_loss": 0.2276816840749234,
    "accuracy": 92.60000000000001,
    "sharpness_scores": {
        "layers.0.weight": 1.3524952467996627,
        "layers.0.bias": 0.0423163395607844,
        "layers.2.weight": 0.18307820428162813,
        "layers.2.bias": 0.00205419200938195
    },
    "activation_scores": {
        "layers.0": {
            "std": 0.8176640868186951,
            "mean": 1.1049772500991821
        },
        "layers.1": {
            "std": 0.6703216433525085,
            "mean": 0.5999716520309448
        },
        "layers.2": {
            "std": 3.7592320442199707,
            "mean": -7.688814640045166
        }
    },
    "ruby_scores": {
        "fsa_2": {
            "mean": 0.35009365156292915,
            "std": 0.07595944404602051
        },
        "fsa_inf": {
            "mean": 0.35531882382929325,
            "std": 0.11230895668268204
        },
        "fsd_2": {
            "mean": 0.4670668598264456,
            "std": 0.06766997277736664
        },
        "fsd_inf": {
            "mean": 0.8490836657583714,
            "std": 0.061901770532131195
        }
    },
    "noise_sensitivity": {
        "fgsm": {
            "mean": 0.034587431498752284,
            "std": 0.023080864921212196
        }
    },
    "hyper_parameter": {
        "dataset": "mnist",
        "hidden_dim": 200,
        "training_noise": 0.0,
        "test_noise": 0.2,
        "batch_size": 32,
        "learning_rate": 2e-05,
        "weight_decay": 0.0001,
        "epochs": 100,
        "created_on": "2025_09_10_17_53_03",
        "seed": 6051687,
        "subset": 10000,
        "sigma": 0.4,
        "neurons": 4,
        "orientation": [
            -1,
            1
        ],
        "activation": "tuning_curve",
        "stimulus": "RAND_NORMAL"
    }
}