{
    "network": "population",
    "avg_loss": 0.24727351765614003,
    "accuracy": 92.2,
    "sharpness_scores": {
        "layers.0.weight": 1.206350099411793,
        "layers.0.bias": 0.01923714519944042,
        "layers.2.weight": 0.8661002131411806,
        "layers.2.bias": 0.004480557865463197
    },
    "activation_scores": {
        "layers.0": {
            "std": 0.9984546899795532,
            "mean": -0.16112352907657623
        },
        "layers.1": {
            "std": 1.2187753915786743,
            "mean": -0.7421855926513672
        },
        "layers.2": {
            "std": 4.463466644287109,
            "mean": -7.491312026977539
        }
    },
    "ruby_scores": {
        "fsa_2": {
            "mean": 0.3470671512186527,
            "std": 0.07640330493450165
        },
        "fsa_inf": {
            "mean": 0.35697680711746216,
            "std": 0.11262616515159607
        },
        "fsd_2": {
            "mean": 0.4730713563039899,
            "std": 0.06817592680454254
        },
        "fsd_inf": {
            "mean": 0.8486245293170214,
            "std": 0.05923113226890564
        }
    },
    "noise_sensitivity": {
        "fgsm": {
            "mean": 0.029349620975088708,
            "std": 0.016693035140633583
        }
    },
    "hyper_parameter": {
        "dataset": "mnist",
        "hidden_dim": 200,
        "training_noise": 0.0,
        "test_noise": 0.2,
        "batch_size": 32,
        "learning_rate": 2e-05,
        "weight_decay": 0.0001,
        "epochs": 100,
        "created_on": "2025_09_10_17_53_03",
        "seed": 8599636,
        "subset": 10000,
        "sigma": 0.8,
        "neurons": 8,
        "orientation": [
            -4,
            4
        ],
        "activation": "tuning_curve",
        "stimulus": "RAND_UNIFORM"
    }
}