{
    "network": "population",
    "avg_loss": 0.27278740680776536,
    "accuracy": 91.60000000000001,
    "sharpness_scores": {
        "layers.0.weight": 0.8838925121817738,
        "layers.0.bias": 0.025598587235435843,
        "layers.2.weight": 0.3159129561390728,
        "layers.2.bias": 0.004841264919377863
    },
    "activation_scores": {
        "layers.0": {
            "std": 0.7902538776397705,
            "mean": 0.025111934170126915
        },
        "layers.1": {
            "std": 0.7892623543739319,
            "mean": -0.006298493593931198
        },
        "layers.2": {
            "std": 4.382728099822998,
            "mean": -2.8182787895202637
        }
    },
    "ruby_scores": {
        "fsa_2": {
            "mean": 0.33819133043289185,
            "std": 0.07195252180099487
        },
        "fsa_inf": {
            "mean": 0.3516093622893095,
            "std": 0.11275845021009445
        },
        "fsd_2": {
            "mean": 0.4650183133780956,
            "std": 0.07512090355157852
        },
        "fsd_inf": {
            "mean": 0.8488761726766825,
            "std": 0.05803372338414192
        }
    },
    "noise_sensitivity": {
        "fgsm": {
            "mean": 0.030558342935581583,
            "std": 0.01828756183385849
        }
    },
    "hyper_parameter": {
        "dataset": "mnist",
        "hidden_dim": 200,
        "training_noise": 0.0,
        "test_noise": 0.2,
        "batch_size": 32,
        "learning_rate": 2e-05,
        "weight_decay": 0.0001,
        "epochs": 100,
        "created_on": "2025_09_10_17_53_03",
        "seed": 9136909,
        "subset": 10000,
        "sigma": 0.4,
        "neurons": 8,
        "orientation": [
            -2,
            2
        ],
        "activation": "tuning_curve",
        "stimulus": "LINEAR"
    }
}