{
    "network": "linear",
    "avg_loss": 0.31592232175171375,
    "accuracy": 90.7,
    "sharpness_scores": {
        "layers.0.weight": 0.523194725625217,
        "layers.0.bias": 0.010837884154170752,
        "layers.2.weight": 1.0565041601657867,
        "layers.2.bias": 0.003458207007497549
    },
    "activation_scores": {
        "layers.0": {
            "std": 0.9317182898521423,
            "mean": 14.24654483795166
        },
        "layers.1": {
            "std": 0.8107901215553284,
            "mean": 15.293722152709961
        },
        "layers.2": {
            "std": 3.8749358654022217,
            "mean": -35.98029327392578
        }
    },
    "ruby_scores": {
        "fsa_2": {
            "mean": 0.3357242979109287,
            "std": 0.07311505824327469
        },
        "fsa_inf": {
            "mean": 0.346871891990304,
            "std": 0.09955757856369019
        },
        "fsd_2": {
            "mean": 0.4691927060484886,
            "std": 0.07612724602222443
        },
        "fsd_inf": {
            "mean": 0.8543212376534939,
            "std": 0.05918467417359352
        }
    },
    "noise_sensitivity": {
        "fgsm": {
            "mean": 0.04485717433335504,
            "std": 0.024762680754065514
        }
    },
    "hyper_parameter": {
        "dataset": "mnist",
        "hidden_dim": 200,
        "training_noise": 0.0,
        "test_noise": 0.2,
        "batch_size": 32,
        "learning_rate": 1e-05,
        "weight_decay": 0.0001,
        "epochs": 100,
        "created_on": "2025_09_10_17_53_03",
        "seed": 9022892,
        "subset": 10000
    }
}