{
    "network": "population",
    "avg_loss": 0.2087770188227296,
    "accuracy": 93.5,
    "sharpness_scores": {
        "layers.0.weight": 1.4028200199827552,
        "layers.0.bias": 0.02584852953441441,
        "layers.2.weight": 0.19364095944911242,
        "layers.2.bias": 0.0049725755816325545
    },
    "activation_scores": {
        "layers.0": {
            "std": 0.8793459534645081,
            "mean": 0.5197721719741821
        },
        "layers.1": {
            "std": 0.6280111074447632,
            "mean": 0.28330522775650024
        },
        "layers.2": {
            "std": 3.6277730464935303,
            "mean": -6.8941521644592285
        }
    },
    "ruby_scores": {
        "fsa_2": {
            "mean": 0.33222535625100136,
            "std": 0.08010751008987427
        },
        "fsa_inf": {
            "mean": 0.3326892890036106,
            "std": 0.10078850388526917
        },
        "fsd_2": {
            "mean": 0.46036464162170887,
            "std": 0.08091047406196594
        },
        "fsd_inf": {
            "mean": 0.8524283096194267,
            "std": 0.0450081042945385
        }
    },
    "noise_sensitivity": {
        "fgsm": {
            "mean": 0.03762338725452493,
            "std": 0.02633092924952507
        }
    },
    "hyper_parameter": {
        "dataset": "mnist",
        "hidden_dim": 200,
        "training_noise": 0.0,
        "test_noise": 0.2,
        "batch_size": 32,
        "learning_rate": 2e-05,
        "weight_decay": 0.0001,
        "epochs": 100,
        "created_on": "2025_09_10_17_53_03",
        "seed": 3690116,
        "subset": 10000,
        "sigma": 0.4,
        "neurons": 4,
        "orientation": [
            -1,
            1
        ],
        "activation": "tuning_curve",
        "stimulus": "RAND_UNIFORM"
    }
}