{
    "network": "population",
    "avg_loss": 0.27506962744519114,
    "accuracy": 91.0,
    "sharpness_scores": {
        "layers.0.weight": 0.6922770016826689,
        "layers.0.bias": 0.0069706038339063525,
        "layers.2.weight": 0.8335926770232618,
        "layers.2.bias": 0.004805091070011258
    },
    "activation_scores": {
        "layers.0": {
            "std": 1.1798025369644165,
            "mean": -0.4530411958694458
        },
        "layers.1": {
            "std": 1.1819992065429688,
            "mean": -0.5547409653663635
        },
        "layers.2": {
            "std": 4.352672100067139,
            "mean": -7.782700061798096
        }
    },
    "ruby_scores": {
        "fsa_2": {
            "mean": 0.3297259695827961,
            "std": 0.06368720531463623
        },
        "fsa_inf": {
            "mean": 0.33341062255203724,
            "std": 0.10876109451055527
        },
        "fsd_2": {
            "mean": 0.4621586203575134,
            "std": 0.07406165450811386
        },
        "fsd_inf": {
            "mean": 0.8470105230808258,
            "std": 0.05757981166243553
        }
    },
    "noise_sensitivity": {
        "fgsm": {
            "mean": 0.032250635941502646,
            "std": 0.017899511381983757
        }
    },
    "hyper_parameter": {
        "dataset": "mnist",
        "hidden_dim": 200,
        "training_noise": 0.0,
        "test_noise": 0.2,
        "batch_size": 32,
        "learning_rate": 2e-05,
        "weight_decay": 0.0001,
        "epochs": 100,
        "created_on": "2025_09_10_17_53_03",
        "seed": 6008147,
        "subset": 10000,
        "sigma": 1.2,
        "neurons": 4,
        "orientation": [
            -3,
            3
        ],
        "activation": "tuning_curve",
        "stimulus": "RAND_UNIFORM"
    }
}