{
    "network": "population",
    "avg_loss": 0.23655146500095725,
    "accuracy": 92.5,
    "sharpness_scores": {
        "layers.0.weight": 1.3455029488541186,
        "layers.0.bias": 0.04227811214514077,
        "layers.2.weight": 0.50909494003281,
        "layers.2.bias": 0.004194911103695631
    },
    "activation_scores": {
        "layers.0": {
            "std": 0.8496310710906982,
            "mean": -0.2660429775714874
        },
        "layers.1": {
            "std": 0.8624857068061829,
            "mean": -0.3901517987251282
        },
        "layers.2": {
            "std": 4.044216156005859,
            "mean": -7.827380180358887
        }
    },
    "ruby_scores": {
        "fsa_2": {
            "mean": 0.33994886465370655,
            "std": 0.06594079732894897
        },
        "fsa_inf": {
            "mean": 0.34294567815959454,
            "std": 0.109202079474926
        },
        "fsd_2": {
            "mean": 0.47334797494113445,
            "std": 0.05813515558838844
        },
        "fsd_inf": {
            "mean": 0.8552637379616499,
            "std": 0.0600472167134285
        }
    },
    "noise_sensitivity": {
        "fgsm": {
            "mean": 0.03163724697278765,
            "std": 0.019864287227392197
        }
    },
    "hyper_parameter": {
        "dataset": "mnist",
        "hidden_dim": 200,
        "training_noise": 0.0,
        "test_noise": 0.2,
        "batch_size": 32,
        "learning_rate": 2e-05,
        "weight_decay": 0.0001,
        "epochs": 100,
        "created_on": "2025_09_10_17_53_03",
        "seed": 3458097,
        "subset": 10000,
        "sigma": 0.4,
        "neurons": 8,
        "orientation": [
            -2,
            2
        ],
        "activation": "tuning_curve",
        "stimulus": "RAND_UNIFORM"
    }
}