{
    "network": "population",
    "avg_loss": 0.2320758339483291,
    "accuracy": 92.4,
    "sharpness_scores": {
        "layers.0.weight": 1.0474044072907418,
        "layers.0.bias": 0.02020240598358214,
        "layers.2.weight": 0.19400603417307138,
        "layers.2.bias": 0.0011078364914283156
    },
    "activation_scores": {
        "layers.0": {
            "std": 0.86898273229599,
            "mean": 0.26690179109573364
        },
        "layers.1": {
            "std": 0.6071932911872864,
            "mean": 0.12071488052606583
        },
        "layers.2": {
            "std": 3.7837042808532715,
            "mean": -4.6037278175354
        }
    },
    "ruby_scores": {
        "fsa_2": {
            "mean": 0.3421854432672262,
            "std": 0.06466855853796005
        },
        "fsa_inf": {
            "mean": 0.3560999445617199,
            "std": 0.10693124681711197
        },
        "fsd_2": {
            "mean": 0.463797046802938,
            "std": 0.07558197528123856
        },
        "fsd_inf": {
            "mean": 0.8473671860992908,
            "std": 0.05823217332363129
        }
    },
    "noise_sensitivity": {
        "fgsm": {
            "mean": 0.03492674398032124,
            "std": 0.021872248500585556
        }
    },
    "hyper_parameter": {
        "dataset": "mnist",
        "hidden_dim": 200,
        "training_noise": 0.0,
        "test_noise": 0.2,
        "batch_size": 32,
        "learning_rate": 2e-05,
        "weight_decay": 0.0001,
        "epochs": 100,
        "created_on": "2025_09_10_17_53_03",
        "seed": 8076472,
        "subset": 10000,
        "sigma": 0.4,
        "neurons": 12,
        "orientation": [
            -1,
            1
        ],
        "activation": "tuning_curve",
        "stimulus": "RAND_UNIFORM"
    }
}