{
    "network": "population",
    "avg_loss": 0.27202849194873124,
    "accuracy": 91.2,
    "sharpness_scores": {
        "layers.0.weight": 0.7314684902084991,
        "layers.0.bias": 0.02065503702033311,
        "layers.2.weight": 1.0018238964257762,
        "layers.2.bias": 0.004839539644308388
    },
    "activation_scores": {
        "layers.0": {
            "std": 1.1539208889007568,
            "mean": -0.9281724095344543
        },
        "layers.1": {
            "std": 1.1948463916778564,
            "mean": -0.8178467154502869
        },
        "layers.2": {
            "std": 4.405817985534668,
            "mean": -10.584944725036621
        }
    },
    "ruby_scores": {
        "fsa_2": {
            "mean": 0.33416916243731976,
            "std": 0.06289827078580856
        },
        "fsa_inf": {
            "mean": 0.3463073819875717,
            "std": 0.1150645837187767
        },
        "fsd_2": {
            "mean": 0.46689025592058897,
            "std": 0.08270879089832306
        },
        "fsd_inf": {
            "mean": 0.8456760123372078,
            "std": 0.05745823308825493
        }
    },
    "noise_sensitivity": {
        "fgsm": {
            "mean": 0.03123807125251787,
            "std": 0.01771724410355091
        }
    },
    "hyper_parameter": {
        "dataset": "mnist",
        "hidden_dim": 200,
        "training_noise": 0.0,
        "test_noise": 0.2,
        "batch_size": 32,
        "learning_rate": 2e-05,
        "weight_decay": 0.0001,
        "epochs": 100,
        "created_on": "2025_09_10_17_53_03",
        "seed": 4923943,
        "subset": 10000,
        "sigma": 1.2,
        "neurons": 4,
        "orientation": [
            -3,
            3
        ],
        "activation": "tuning_curve",
        "stimulus": "RAND_UNIFORM"
    }
}