{
    "network": "population",
    "avg_loss": 0.258099531638436,
    "accuracy": 91.5,
    "sharpness_scores": {
        "layers.0.weight": 0.7118420080514625,
        "layers.0.bias": 0.01845439022872597,
        "layers.2.weight": 0.600028597866185,
        "layers.2.bias": 0.003862996236421168
    },
    "activation_scores": {
        "layers.0": {
            "std": 1.1983520984649658,
            "mean": -1.354006052017212
        },
        "layers.1": {
            "std": 0.9522108435630798,
            "mean": -0.5896650552749634
        },
        "layers.2": {
            "std": 4.068089008331299,
            "mean": -11.970608711242676
        }
    },
    "ruby_scores": {
        "fsa_2": {
            "mean": 0.3362606130540371,
            "std": 0.07120516896247864
        },
        "fsa_inf": {
            "mean": 0.3424799218773842,
            "std": 0.1053633987903595
        },
        "fsd_2": {
            "mean": 0.4720856314525008,
            "std": 0.07378198951482773
        },
        "fsd_inf": {
            "mean": 0.850676191970706,
            "std": 0.0565955750644207
        }
    },
    "noise_sensitivity": {
        "fgsm": {
            "mean": 0.035116414955064595,
            "std": 0.02079661190509796
        }
    },
    "hyper_parameter": {
        "dataset": "mnist",
        "hidden_dim": 200,
        "training_noise": 0.0,
        "test_noise": 0.2,
        "batch_size": 32,
        "learning_rate": 2e-05,
        "weight_decay": 0.0001,
        "epochs": 100,
        "created_on": "2025_09_10_17_53_03",
        "seed": 3100672,
        "subset": 10000,
        "sigma": 0.8,
        "neurons": 4,
        "orientation": [
            -4,
            4
        ],
        "activation": "tuning_curve",
        "stimulus": "RAND_NORMAL"
    }
}