{
    "network": "population",
    "avg_loss": 0.2557871436001733,
    "accuracy": 91.7,
    "sharpness_scores": {
        "layers.0.weight": 0.7046872655628249,
        "layers.0.bias": 0.023462188080884516,
        "layers.2.weight": 0.5036687402753159,
        "layers.2.bias": 0.0015027628978714347
    },
    "activation_scores": {
        "layers.0": {
            "std": 1.1757019758224487,
            "mean": 0.7494105100631714
        },
        "layers.1": {
            "std": 0.887587308883667,
            "mean": 0.394351065158844
        },
        "layers.2": {
            "std": 4.055417537689209,
            "mean": -13.492136001586914
        }
    },
    "ruby_scores": {
        "fsa_2": {
            "mean": 0.33696877025067806,
            "std": 0.0726122185587883
        },
        "fsa_inf": {
            "mean": 0.3411756958812475,
            "std": 0.10543305426836014
        },
        "fsd_2": {
            "mean": 0.4661874985322356,
            "std": 0.07277120649814606
        },
        "fsd_inf": {
            "mean": 0.8497775252908468,
            "std": 0.05675666779279709
        }
    },
    "noise_sensitivity": {
        "fgsm": {
            "mean": 0.03562448046401165,
            "std": 0.02173713594675064
        }
    },
    "hyper_parameter": {
        "dataset": "mnist",
        "hidden_dim": 200,
        "training_noise": 0.0,
        "test_noise": 0.2,
        "batch_size": 32,
        "learning_rate": 2e-05,
        "weight_decay": 0.0001,
        "epochs": 100,
        "created_on": "2025_09_10_17_53_03",
        "seed": 4782878,
        "subset": 10000,
        "sigma": 0.8,
        "neurons": 4,
        "orientation": [
            -4,
            4
        ],
        "activation": "tuning_curve",
        "stimulus": "RAND_NORMAL"
    }
}