{
    "network": "population",
    "avg_loss": 0.27005024207755923,
    "accuracy": 91.2,
    "sharpness_scores": {
        "layers.0.weight": 0.43828681064769626,
        "layers.0.bias": 0.006036838283762336,
        "layers.2.weight": 0.2701701275072992,
        "layers.2.bias": 0.0009278068318963051
    },
    "activation_scores": {
        "layers.0": {
            "std": 1.340468406677246,
            "mean": -1.5192320346832275
        },
        "layers.1": {
            "std": 0.6426041126251221,
            "mean": -0.3277468979358673
        },
        "layers.2": {
            "std": 3.7178664207458496,
            "mean": -6.478416442871094
        }
    },
    "ruby_scores": {
        "fsa_2": {
            "mean": 0.33088781870901585,
            "std": 0.07020629197359085
        },
        "fsa_inf": {
            "mean": 0.32988577894866467,
            "std": 0.10097627341747284
        },
        "fsd_2": {
            "mean": 0.469452939927578,
            "std": 0.07131882011890411
        },
        "fsd_inf": {
            "mean": 0.8521323353052139,
            "std": 0.05673493817448616
        }
    },
    "noise_sensitivity": {
        "fgsm": {
            "mean": 0.04126251378367765,
            "std": 0.025215601548552513
        }
    },
    "hyper_parameter": {
        "dataset": "mnist",
        "hidden_dim": 200,
        "training_noise": 0.0,
        "test_noise": 0.2,
        "batch_size": 32,
        "learning_rate": 2e-05,
        "weight_decay": 0.0001,
        "epochs": 100,
        "created_on": "2025_09_10_17_53_03",
        "seed": 2323995,
        "subset": 10000,
        "sigma": 1.2,
        "neurons": 4,
        "orientation": [
            -1,
            1
        ],
        "activation": "tuning_curve",
        "stimulus": "RAND_NORMAL"
    }
}