{
    "network": "population",
    "avg_loss": 0.20718252440565266,
    "accuracy": 93.4,
    "sharpness_scores": {
        "layers.0.weight": 2.4979282900167163,
        "layers.0.bias": 0.09147126725292765,
        "layers.2.weight": 0.6624872883257922,
        "layers.2.bias": 0.0022569303691852838
    },
    "activation_scores": {
        "layers.0": {
            "std": 0.5796698331832886,
            "mean": 0.20526722073554993
        },
        "layers.1": {
            "std": 1.2430826425552368,
            "mean": 0.5106832385063171
        },
        "layers.2": {
            "std": 4.708227157592773,
            "mean": -0.0402720645070076
        }
    },
    "ruby_scores": {
        "fsa_2": {
            "mean": 0.33964576944708824,
            "std": 0.08387567102909088
        },
        "fsa_inf": {
            "mean": 0.3408082779496908,
            "std": 0.10675961524248123
        },
        "fsd_2": {
            "mean": 0.4609740525484085,
            "std": 0.06168004497885704
        },
        "fsd_inf": {
            "mean": 0.8478487879037857,
            "std": 0.05817025899887085
        }
    },
    "noise_sensitivity": {
        "fgsm": {
            "mean": 0.025967817990353092,
            "std": 0.015529127791523933
        }
    },
    "hyper_parameter": {
        "dataset": "mnist",
        "hidden_dim": 200,
        "training_noise": 0.0,
        "test_noise": 0.2,
        "batch_size": 32,
        "learning_rate": 2e-05,
        "weight_decay": 0.0001,
        "epochs": 100,
        "created_on": "2025_09_10_17_53_03",
        "seed": 7680222,
        "subset": 10000,
        "sigma": 0.4,
        "neurons": 4,
        "orientation": [
            -4,
            4
        ],
        "activation": "tuning_curve",
        "stimulus": "LINEAR"
    }
}