{
    "network": "population",
    "avg_loss": 0.27639827551320195,
    "accuracy": 91.0,
    "sharpness_scores": {
        "layers.0.weight": 0.4516069605015218,
        "layers.0.bias": 0.012816692935302854,
        "layers.2.weight": 0.6238218969665468,
        "layers.2.bias": 0.006321938009932637
    },
    "activation_scores": {
        "layers.0": {
            "std": 1.4619288444519043,
            "mean": -1.648683786392212
        },
        "layers.1": {
            "std": 0.8934910297393799,
            "mean": -0.36771857738494873
        },
        "layers.2": {
            "std": 3.992331027984619,
            "mean": -11.244636535644531
        }
    },
    "ruby_scores": {
        "fsa_2": {
            "mean": 0.33127814903855324,
            "std": 0.06621091812849045
        },
        "fsa_inf": {
            "mean": 0.33750091679394245,
            "std": 0.10570143908262253
        },
        "fsd_2": {
            "mean": 0.46686687506735325,
            "std": 0.07764997333288193
        },
        "fsd_inf": {
            "mean": 0.8478986416012049,
            "std": 0.05534001812338829
        }
    },
    "noise_sensitivity": {
        "fgsm": {
            "mean": 0.039142998499868714,
            "std": 0.02281230501830578
        }
    },
    "hyper_parameter": {
        "dataset": "mnist",
        "hidden_dim": 200,
        "training_noise": 0.0,
        "test_noise": 0.2,
        "batch_size": 32,
        "learning_rate": 2e-05,
        "weight_decay": 0.0001,
        "epochs": 100,
        "created_on": "2025_09_10_17_53_03",
        "seed": 5436739,
        "subset": 10000,
        "sigma": 1.2,
        "neurons": 4,
        "orientation": [
            -4,
            4
        ],
        "activation": "tuning_curve",
        "stimulus": "RAND_NORMAL"
    }
}