{
    "network": "linear",
    "avg_loss": 0.3220802596770227,
    "accuracy": 89.8,
    "sharpness_scores": {
        "layers.0.weight": 0.5040010274387896,
        "layers.0.bias": 0.010146410670131445,
        "layers.2.weight": 1.2998600681312382,
        "layers.2.bias": 0.005673552397638559
    },
    "activation_scores": {
        "layers.0": {
            "std": 0.9390556216239929,
            "mean": 14.232132911682129
        },
        "layers.1": {
            "std": 0.8127421140670776,
            "mean": 15.327936172485352
        },
        "layers.2": {
            "std": 3.809203624725342,
            "mean": -27.656864166259766
        }
    },
    "ruby_scores": {
        "fsa_2": {
            "mean": 0.3233968913555145,
            "std": 0.07268039137125015
        },
        "fsa_inf": {
            "mean": 0.32648876309394836,
            "std": 0.08632691204547882
        },
        "fsd_2": {
            "mean": 0.46210336312651634,
            "std": 0.07456743717193604
        },
        "fsd_inf": {
            "mean": 0.8544971086084843,
            "std": 0.05859837308526039
        }
    },
    "noise_sensitivity": {
        "fgsm": {
            "mean": 0.04502247016349826,
            "std": 0.024475347250699997
        }
    },
    "hyper_parameter": {
        "dataset": "mnist",
        "hidden_dim": 200,
        "training_noise": 0.0,
        "test_noise": 0.2,
        "batch_size": 32,
        "learning_rate": 1e-05,
        "weight_decay": 0.0001,
        "epochs": 100,
        "created_on": "2025_09_10_17_53_03",
        "seed": 7584080,
        "subset": 10000
    }
}