{
    "network": "population",
    "avg_loss": 0.23002067126799375,
    "accuracy": 92.5,
    "sharpness_scores": {
        "layers.0.weight": 1.1411988259060308,
        "layers.0.bias": 0.024550077156163752,
        "layers.2.weight": 0.1640173428459093,
        "layers.2.bias": 0.005852570873685181
    },
    "activation_scores": {
        "layers.0": {
            "std": 0.8658173084259033,
            "mean": -0.44961509108543396
        },
        "layers.1": {
            "std": 0.6043383479118347,
            "mean": -0.3075607419013977
        },
        "layers.2": {
            "std": 3.7948107719421387,
            "mean": -2.5801827907562256
        }
    },
    "ruby_scores": {
        "fsa_2": {
            "mean": 0.3387492150068283,
            "std": 0.07362928986549377
        },
        "fsa_inf": {
            "mean": 0.34907900355756283,
            "std": 0.09739358723163605
        },
        "fsd_2": {
            "mean": 0.4590444201603532,
            "std": 0.06342961639165878
        },
        "fsd_inf": {
            "mean": 0.849902730435133,
            "std": 0.05855628848075867
        }
    },
    "noise_sensitivity": {
        "fgsm": {
            "mean": 0.03537043118170569,
            "std": 0.022455019876360893
        }
    },
    "hyper_parameter": {
        "dataset": "mnist",
        "hidden_dim": 200,
        "training_noise": 0.0,
        "test_noise": 0.2,
        "batch_size": 32,
        "learning_rate": 2e-05,
        "weight_decay": 0.0001,
        "epochs": 100,
        "created_on": "2025_09_10_17_53_03",
        "seed": 5136581,
        "subset": 10000,
        "sigma": 0.4,
        "neurons": 12,
        "orientation": [
            -1,
            1
        ],
        "activation": "tuning_curve",
        "stimulus": "RAND_UNIFORM"
    }
}