{
    "network": "population",
    "avg_loss": 0.23123675398528576,
    "accuracy": 92.7,
    "sharpness_scores": {
        "layers.0.weight": 1.2706577498465776,
        "layers.0.bias": 0.04155599535442889,
        "layers.2.weight": 0.37076815217733383,
        "layers.2.bias": 0.003793989133555442
    },
    "activation_scores": {
        "layers.0": {
            "std": 0.8100085854530334,
            "mean": 1.061208724975586
        },
        "layers.1": {
            "std": 0.8500614166259766,
            "mean": 0.8204429745674133
        },
        "layers.2": {
            "std": 4.121247291564941,
            "mean": -7.529172897338867
        }
    },
    "ruby_scores": {
        "fsa_2": {
            "mean": 0.34774130024015903,
            "std": 0.0791245698928833
        },
        "fsa_inf": {
            "mean": 0.36367026530206203,
            "std": 0.11233542114496231
        },
        "fsd_2": {
            "mean": 0.4663564879447222,
            "std": 0.07365746796131134
        },
        "fsd_inf": {
            "mean": 0.849771412089467,
            "std": 0.058070775121450424
        }
    },
    "noise_sensitivity": {
        "fgsm": {
            "mean": 0.030015735769398363,
            "std": 0.018642650917172432
        }
    },
    "hyper_parameter": {
        "dataset": "mnist",
        "hidden_dim": 200,
        "training_noise": 0.0,
        "test_noise": 0.2,
        "batch_size": 32,
        "learning_rate": 2e-05,
        "weight_decay": 0.0001,
        "epochs": 100,
        "created_on": "2025_09_10_17_53_03",
        "seed": 2447645,
        "subset": 10000,
        "sigma": 0.4,
        "neurons": 8,
        "orientation": [
            -2,
            2
        ],
        "activation": "tuning_curve",
        "stimulus": "RAND_UNIFORM"
    }
}