{
    "network": "population",
    "avg_loss": 0.24366361577995121,
    "accuracy": 92.30000000000001,
    "sharpness_scores": {
        "layers.0.weight": 0.7107484999578446,
        "layers.0.bias": 0.0032756455475464463,
        "layers.2.weight": 0.5341705738101155,
        "layers.2.bias": 0.004301231587305665
    },
    "activation_scores": {
        "layers.0": {
            "std": 1.183082938194275,
            "mean": -0.07728540152311325
        },
        "layers.1": {
            "std": 0.9031354784965515,
            "mean": 0.14777304232120514
        },
        "layers.2": {
            "std": 4.042433738708496,
            "mean": -8.622294425964355
        }
    },
    "ruby_scores": {
        "fsa_2": {
            "mean": 0.3398546166718006,
            "std": 0.07057648152112961
        },
        "fsa_inf": {
            "mean": 0.3470221199095249,
            "std": 0.11135400831699371
        },
        "fsd_2": {
            "mean": 0.46382344234734774,
            "std": 0.07203900814056396
        },
        "fsd_inf": {
            "mean": 0.847967866808176,
            "std": 0.059315841645002365
        }
    },
    "noise_sensitivity": {
        "fgsm": {
            "mean": 0.03538351410267474,
            "std": 0.021304432302713394
        }
    },
    "hyper_parameter": {
        "dataset": "mnist",
        "hidden_dim": 200,
        "training_noise": 0.0,
        "test_noise": 0.2,
        "batch_size": 32,
        "learning_rate": 2e-05,
        "weight_decay": 0.0001,
        "epochs": 100,
        "created_on": "2025_09_10_17_53_03",
        "seed": 2818109,
        "subset": 10000,
        "sigma": 0.8,
        "neurons": 4,
        "orientation": [
            -4,
            4
        ],
        "activation": "tuning_curve",
        "stimulus": "RAND_NORMAL"
    }
}