{
    "network": "population",
    "avg_loss": 0.2589186062105,
    "accuracy": 92.10000000000001,
    "sharpness_scores": {
        "layers.0.weight": 1.0709655131213367,
        "layers.0.bias": 0.032988136168569326,
        "layers.2.weight": 0.38258637487888336,
        "layers.2.bias": 0.004835286061279476
    },
    "activation_scores": {
        "layers.0": {
            "std": 0.7357975840568542,
            "mean": -0.7477514743804932
        },
        "layers.1": {
            "std": 0.943226158618927,
            "mean": -0.9666558504104614
        },
        "layers.2": {
            "std": 4.588930606842041,
            "mean": 0.2595024108886719
        }
    },
    "ruby_scores": {
        "fsa_2": {
            "mean": 0.34271698631346226,
            "std": 0.06795957684516907
        },
        "fsa_inf": {
            "mean": 0.35606222972273827,
            "std": 0.11432050913572311
        },
        "fsd_2": {
            "mean": 0.4646892184391618,
            "std": 0.07172795385122299
        },
        "fsd_inf": {
            "mean": 0.8491511847823858,
            "std": 0.059379879385232925
        }
    },
    "noise_sensitivity": {
        "fgsm": {
            "mean": 0.027409255399529424,
            "std": 0.01586535945534706
        }
    },
    "hyper_parameter": {
        "dataset": "mnist",
        "hidden_dim": 200,
        "training_noise": 0.0,
        "test_noise": 0.2,
        "batch_size": 32,
        "learning_rate": 2e-05,
        "weight_decay": 0.0001,
        "epochs": 100,
        "created_on": "2025_09_10_17_53_03",
        "seed": 1509679,
        "subset": 10000,
        "sigma": 0.8,
        "neurons": 4,
        "orientation": [
            -3,
            3
        ],
        "activation": "tuning_curve",
        "stimulus": "LINEAR"
    }
}