{
    "network": "population",
    "avg_loss": 0.31288991309702396,
    "accuracy": 90.60000000000001,
    "sharpness_scores": {
        "layers.0.weight": 0.6622981261461973,
        "layers.0.bias": 0.008967078989371657,
        "layers.2.weight": 0.37611129228025675,
        "layers.2.bias": 0.0026864137034863234
    },
    "activation_scores": {
        "layers.0": {
            "std": 0.8222970366477966,
            "mean": 0.10631521046161652
        },
        "layers.1": {
            "std": 0.8933136463165283,
            "mean": 0.151205375790596
        },
        "layers.2": {
            "std": 4.846094131469727,
            "mean": -6.072549343109131
        }
    },
    "ruby_scores": {
        "fsa_2": {
            "mean": 0.3356002941727638,
            "std": 0.07303769141435623
        },
        "fsa_inf": {
            "mean": 0.3420116212219,
            "std": 0.10950907319784164
        },
        "fsd_2": {
            "mean": 0.4664647663012147,
            "std": 0.07038435339927673
        },
        "fsd_inf": {
            "mean": 0.8488953914493322,
            "std": 0.05674130469560623
        }
    },
    "noise_sensitivity": {
        "fgsm": {
            "mean": 0.028227653576234725,
            "std": 0.01589963398873806
        }
    },
    "hyper_parameter": {
        "dataset": "mnist",
        "hidden_dim": 200,
        "training_noise": 0.0,
        "test_noise": 0.2,
        "batch_size": 32,
        "learning_rate": 2e-05,
        "weight_decay": 0.0001,
        "epochs": 100,
        "created_on": "2025_09_10_17_53_03",
        "seed": 6617907,
        "subset": 10000,
        "sigma": 0.8,
        "neurons": 8,
        "orientation": [
            -3,
            3
        ],
        "activation": "tuning_curve",
        "stimulus": "LINEAR"
    }
}