{
    "network": "population",
    "avg_loss": 0.25074852467514575,
    "accuracy": 92.0,
    "sharpness_scores": {
        "layers.0.weight": 0.9879442506935447,
        "layers.0.bias": 0.014165959088131785,
        "layers.2.weight": 1.4476047416683286,
        "layers.2.bias": 0.0006691089365631342
    },
    "activation_scores": {
        "layers.0": {
            "std": 1.1776610612869263,
            "mean": -0.9412598013877869
        },
        "layers.1": {
            "std": 1.4806874990463257,
            "mean": -0.9509668946266174
        },
        "layers.2": {
            "std": 4.530379295349121,
            "mean": -8.202160835266113
        }
    },
    "ruby_scores": {
        "fsa_2": {
            "mean": 0.34847659431397915,
            "std": 0.08542940765619278
        },
        "fsa_inf": {
            "mean": 0.36325111240148544,
            "std": 0.12257630378007889
        },
        "fsd_2": {
            "mean": 0.46480563189834356,
            "std": 0.08478899300098419
        },
        "fsd_inf": {
            "mean": 0.8494836967438459,
            "std": 0.03973685950040817
        }
    },
    "noise_sensitivity": {
        "fgsm": {
            "mean": 0.029857878104556458,
            "std": 0.017284885048866272
        }
    },
    "hyper_parameter": {
        "dataset": "mnist",
        "hidden_dim": 200,
        "training_noise": 0.0,
        "test_noise": 0.2,
        "batch_size": 32,
        "learning_rate": 2e-05,
        "weight_decay": 0.0001,
        "epochs": 100,
        "created_on": "2025_09_10_17_53_03",
        "seed": 5741278,
        "subset": 10000,
        "sigma": 1.2,
        "neurons": 4,
        "orientation": [
            -4,
            4
        ],
        "activation": "tuning_curve",
        "stimulus": "RAND_UNIFORM"
    }
}