{
    "network": "population",
    "avg_loss": 0.2530280716018751,
    "accuracy": 91.60000000000001,
    "sharpness_scores": {
        "layers.0.weight": 0.7460322984261438,
        "layers.0.bias": 0.01058086205739528,
        "layers.2.weight": 0.5629533639876172,
        "layers.2.bias": -0.003583150450140238
    },
    "activation_scores": {
        "layers.0": {
            "std": 1.1861072778701782,
            "mean": -0.44650474190711975
        },
        "layers.1": {
            "std": 0.8697891235351562,
            "mean": -0.39684024453163147
        },
        "layers.2": {
            "std": 3.9646079540252686,
            "mean": -11.139628410339355
        }
    },
    "ruby_scores": {
        "fsa_2": {
            "mean": 0.3343681674450636,
            "std": 0.0734945610165596
        },
        "fsa_inf": {
            "mean": 0.32890924625098705,
            "std": 0.09137870371341705
        },
        "fsd_2": {
            "mean": 0.46781635005027056,
            "std": 0.07153139263391495
        },
        "fsd_inf": {
            "mean": 0.8522784747183323,
            "std": 0.05799197033047676
        }
    },
    "noise_sensitivity": {
        "fgsm": {
            "mean": 0.036526965665422316,
            "std": 0.022451717406511307
        }
    },
    "hyper_parameter": {
        "dataset": "mnist",
        "hidden_dim": 200,
        "training_noise": 0.0,
        "test_noise": 0.2,
        "batch_size": 32,
        "learning_rate": 2e-05,
        "weight_decay": 0.0001,
        "epochs": 100,
        "created_on": "2025_09_10_17_53_03",
        "seed": 3733685,
        "subset": 10000,
        "sigma": 0.8,
        "neurons": 4,
        "orientation": [
            -2,
            2
        ],
        "activation": "tuning_curve",
        "stimulus": "RAND_NORMAL"
    }
}