{
    "network": "population",
    "avg_loss": 0.3119582363869995,
    "accuracy": 90.5,
    "sharpness_scores": {
        "layers.0.weight": 0.3775881587062031,
        "layers.0.bias": 0.006310302764177322,
        "layers.2.weight": 0.28102136706002057,
        "layers.2.bias": -0.0005623798351734877
    },
    "activation_scores": {
        "layers.0": {
            "std": 0.9688341021537781,
            "mean": -0.086004838347435
        },
        "layers.1": {
            "std": 0.7232800126075745,
            "mean": -0.02976037561893463
        },
        "layers.2": {
            "std": 4.56581974029541,
            "mean": -3.2796854972839355
        }
    },
    "ruby_scores": {
        "fsa_2": {
            "mean": 0.33755671605467796,
            "std": 0.06767842173576355
        },
        "fsa_inf": {
            "mean": 0.3408859558403492,
            "std": 0.10328736156225204
        },
        "fsd_2": {
            "mean": 0.4689171267673373,
            "std": 0.07206131517887115
        },
        "fsd_inf": {
            "mean": 0.8505642767995596,
            "std": 0.05583664029836655
        }
    },
    "noise_sensitivity": {
        "fgsm": {
            "mean": 0.031139700477226483,
            "std": 0.017375562340021133
        }
    },
    "hyper_parameter": {
        "dataset": "mnist",
        "hidden_dim": 200,
        "training_noise": 0.0,
        "test_noise": 0.2,
        "batch_size": 32,
        "learning_rate": 2e-05,
        "weight_decay": 0.0001,
        "epochs": 100,
        "created_on": "2025_09_10_17_53_03",
        "seed": 1898087,
        "subset": 10000,
        "sigma": 1.2,
        "neurons": 8,
        "orientation": [
            -2,
            2
        ],
        "activation": "tuning_curve",
        "stimulus": "LINEAR"
    }
}