{
    "network": "population",
    "avg_loss": 0.21400060201995075,
    "accuracy": 93.30000000000001,
    "sharpness_scores": {
        "layers.0.weight": 1.3821311176288873,
        "layers.0.bias": 0.034341389779001474,
        "layers.2.weight": 0.36490150983445346,
        "layers.2.bias": 0.0030873900977894664
    },
    "activation_scores": {
        "layers.0": {
            "std": 0.8918929696083069,
            "mean": 0.46410512924194336
        },
        "layers.1": {
            "std": 0.823154091835022,
            "mean": 0.24587707221508026
        },
        "layers.2": {
            "std": 3.876255512237549,
            "mean": -11.835474967956543
        }
    },
    "ruby_scores": {
        "fsa_2": {
            "mean": 0.34174676798284054,
            "std": 0.09545131772756577
        },
        "fsa_inf": {
            "mean": 0.34405546821653843,
            "std": 0.10908201336860657
        },
        "fsd_2": {
            "mean": 0.4697019988670945,
            "std": 0.07761350274085999
        },
        "fsd_inf": {
            "mean": 0.8538585714995861,
            "std": 0.039169009774923325
        }
    },
    "noise_sensitivity": {
        "fgsm": {
            "mean": 0.032807633555758775,
            "std": 0.021557023748755455
        }
    },
    "hyper_parameter": {
        "dataset": "mnist",
        "hidden_dim": 200,
        "training_noise": 0.0,
        "test_noise": 0.2,
        "batch_size": 32,
        "learning_rate": 2e-05,
        "weight_decay": 0.0001,
        "epochs": 100,
        "created_on": "2025_09_10_17_53_03",
        "seed": 3742265,
        "subset": 10000,
        "sigma": 0.4,
        "neurons": 4,
        "orientation": [
            -3,
            3
        ],
        "activation": "tuning_curve",
        "stimulus": "RAND_NORMAL"
    }
}