{
    "network": "population",
    "avg_loss": 0.29682497028261423,
    "accuracy": 90.4,
    "sharpness_scores": {
        "layers.0.weight": 0.8011549105867743,
        "layers.0.bias": 0.01226343261078,
        "layers.2.weight": 0.5493495248956606,
        "layers.2.bias": 0.0019737277179956436
    },
    "activation_scores": {
        "layers.0": {
            "std": 0.78935706615448,
            "mean": 0.28428131341934204
        },
        "layers.1": {
            "std": 1.0215615034103394,
            "mean": 0.28868791460990906
        },
        "layers.2": {
            "std": 4.927272319793701,
            "mean": -2.767530918121338
        }
    },
    "ruby_scores": {
        "fsa_2": {
            "mean": 0.3318371158093214,
            "std": 0.07210811972618103
        },
        "fsa_inf": {
            "mean": 0.3444115836173296,
            "std": 0.11240188032388687
        },
        "fsd_2": {
            "mean": 0.4670218462124467,
            "std": 0.07273963838815689
        },
        "fsd_inf": {
            "mean": 0.8498226199299097,
            "std": 0.05698893964290619
        }
    },
    "noise_sensitivity": {
        "fgsm": {
            "mean": 0.026860394566898097,
            "std": 0.014963808469474316
        }
    },
    "hyper_parameter": {
        "dataset": "mnist",
        "hidden_dim": 200,
        "training_noise": 0.0,
        "test_noise": 0.2,
        "batch_size": 32,
        "learning_rate": 2e-05,
        "weight_decay": 0.0001,
        "epochs": 100,
        "created_on": "2025_09_10_17_53_03",
        "seed": 5732418,
        "subset": 10000,
        "sigma": 1.2,
        "neurons": 4,
        "orientation": [
            -4,
            4
        ],
        "activation": "tuning_curve",
        "stimulus": "LINEAR"
    }
}