{
    "network": "population",
    "avg_loss": 0.28233268577605486,
    "accuracy": 91.2,
    "sharpness_scores": {
        "layers.0.weight": 0.385092182084918,
        "layers.0.bias": 0.003649964462965727,
        "layers.2.weight": 0.4591844892129302,
        "layers.2.bias": 0.005301590310409665
    },
    "activation_scores": {
        "layers.0": {
            "std": 1.4932996034622192,
            "mean": -0.38152021169662476
        },
        "layers.1": {
            "std": 0.8279444575309753,
            "mean": -1.5698423385620117
        },
        "layers.2": {
            "std": 4.0467119216918945,
            "mean": -10.879140853881836
        }
    },
    "ruby_scores": {
        "fsa_2": {
            "mean": 0.3322122283279896,
            "std": 0.06779207289218903
        },
        "fsa_inf": {
            "mean": 0.3325031157582998,
            "std": 0.10852396488189697
        },
        "fsd_2": {
            "mean": 0.47043455578386784,
            "std": 0.07129349559545517
        },
        "fsd_inf": {
            "mean": 0.8484291005879641,
            "std": 0.057399701327085495
        }
    },
    "noise_sensitivity": {
        "fgsm": {
            "mean": 0.03838270012975523,
            "std": 0.022066202014684677
        }
    },
    "hyper_parameter": {
        "dataset": "mnist",
        "hidden_dim": 200,
        "training_noise": 0.0,
        "test_noise": 0.2,
        "batch_size": 32,
        "learning_rate": 2e-05,
        "weight_decay": 0.0001,
        "epochs": 100,
        "created_on": "2025_09_10_17_53_03",
        "seed": 5222934,
        "subset": 10000,
        "sigma": 1.2,
        "neurons": 4,
        "orientation": [
            -3,
            3
        ],
        "activation": "tuning_curve",
        "stimulus": "RAND_NORMAL"
    }
}