{
    "network": "population",
    "avg_loss": 0.22874759684782475,
    "accuracy": 92.80000000000001,
    "sharpness_scores": {
        "layers.0.weight": 1.1539413781138137,
        "layers.0.bias": 0.0410647876560688,
        "layers.2.weight": 0.8163374328287318,
        "layers.2.bias": -0.0022363775642588735
    },
    "activation_scores": {
        "layers.0": {
            "std": 1.0335547924041748,
            "mean": 0.633003294467926
        },
        "layers.1": {
            "std": 1.2196357250213623,
            "mean": 0.6409340500831604
        },
        "layers.2": {
            "std": 4.3445048332214355,
            "mean": -5.846466541290283
        }
    },
    "ruby_scores": {
        "fsa_2": {
            "mean": 0.33616504445672035,
            "std": 0.06806659698486328
        },
        "fsa_inf": {
            "mean": 0.34558901749551296,
            "std": 0.11106400191783905
        },
        "fsd_2": {
            "mean": 0.46120023261755705,
            "std": 0.07391579449176788
        },
        "fsd_inf": {
            "mean": 0.847373841330409,
            "std": 0.05714629590511322
        }
    },
    "noise_sensitivity": {
        "fgsm": {
            "mean": 0.02994702676717852,
            "std": 0.017847176641225815
        }
    },
    "hyper_parameter": {
        "dataset": "mnist",
        "hidden_dim": 200,
        "training_noise": 0.0,
        "test_noise": 0.2,
        "batch_size": 32,
        "learning_rate": 2e-05,
        "weight_decay": 0.0001,
        "epochs": 100,
        "created_on": "2025_09_10_17_53_03",
        "seed": 6509813,
        "subset": 10000,
        "sigma": 0.8,
        "neurons": 4,
        "orientation": [
            -3,
            3
        ],
        "activation": "tuning_curve",
        "stimulus": "RAND_UNIFORM"
    }
}