{
    "network": "population",
    "avg_loss": 0.2215238007484004,
    "accuracy": 93.5,
    "sharpness_scores": {
        "layers.0.weight": 1.402077986043878,
        "layers.0.bias": 0.03812727250624448,
        "layers.2.weight": 0.3613649361068383,
        "layers.2.bias": 0.0074481540359556675
    },
    "activation_scores": {
        "layers.0": {
            "std": 0.8614717125892639,
            "mean": 0.7812601923942566
        },
        "layers.1": {
            "std": 0.8081105351448059,
            "mean": 0.7620869278907776
        },
        "layers.2": {
            "std": 3.917428493499756,
            "mean": -7.196388244628906
        }
    },
    "ruby_scores": {
        "fsa_2": {
            "mean": 0.3546960987150669,
            "std": 0.08652108162641525
        },
        "fsa_inf": {
            "mean": 0.3600067161023617,
            "std": 0.10436297208070755
        },
        "fsd_2": {
            "mean": 0.4726177677512169,
            "std": 0.07072329521179199
        },
        "fsd_inf": {
            "mean": 0.8464589901268482,
            "std": 0.060939814895391464
        }
    },
    "noise_sensitivity": {
        "fgsm": {
            "mean": 0.033017964288109866,
            "std": 0.0216253362596035
        }
    },
    "hyper_parameter": {
        "dataset": "mnist",
        "hidden_dim": 200,
        "training_noise": 0.0,
        "test_noise": 0.2,
        "batch_size": 32,
        "learning_rate": 2e-05,
        "weight_decay": 0.0001,
        "epochs": 100,
        "created_on": "2025_09_10_17_53_03",
        "seed": 2274534,
        "subset": 10000,
        "sigma": 0.4,
        "neurons": 4,
        "orientation": [
            -4,
            4
        ],
        "activation": "tuning_curve",
        "stimulus": "RAND_NORMAL"
    }
}