{
    "network": "population",
    "avg_loss": 0.2168658112641424,
    "accuracy": 93.0,
    "sharpness_scores": {
        "layers.0.weight": 1.5184372665826231,
        "layers.0.bias": 0.06683643930591643,
        "layers.2.weight": 0.36524512548930943,
        "layers.2.bias": -0.00017377978656440973
    },
    "activation_scores": {
        "layers.0": {
            "std": 0.8162498474121094,
            "mean": -0.39314284920692444
        },
        "layers.1": {
            "std": 0.9176533818244934,
            "mean": -0.3391827344894409
        },
        "layers.2": {
            "std": 4.066473007202148,
            "mean": -8.758049964904785
        }
    },
    "ruby_scores": {
        "fsa_2": {
            "mean": 0.3421827908605337,
            "std": 0.08192629367113113
        },
        "fsa_inf": {
            "mean": 0.3490492980927229,
            "std": 0.11461246758699417
        },
        "fsd_2": {
            "mean": 0.4663987383246422,
            "std": 0.07535804808139801
        },
        "fsd_inf": {
            "mean": 0.8544619530439377,
            "std": 0.04127069562673569
        }
    },
    "noise_sensitivity": {
        "fgsm": {
            "mean": 0.030943430085522212,
            "std": 0.019828466698527336
        }
    },
    "hyper_parameter": {
        "dataset": "mnist",
        "hidden_dim": 200,
        "training_noise": 0.0,
        "test_noise": 0.2,
        "batch_size": 32,
        "learning_rate": 2e-05,
        "weight_decay": 0.0001,
        "epochs": 100,
        "created_on": "2025_09_10_17_53_03",
        "seed": 6910786,
        "subset": 10000,
        "sigma": 0.4,
        "neurons": 4,
        "orientation": [
            -2,
            2
        ],
        "activation": "tuning_curve",
        "stimulus": "RAND_UNIFORM"
    }
}