{
    "network": "population",
    "avg_loss": 0.3099603650625795,
    "accuracy": 90.3,
    "sharpness_scores": {
        "layers.0.weight": 0.6891206840518862,
        "layers.0.bias": 0.01162843918427825,
        "layers.2.weight": 0.45765416068024933,
        "layers.2.bias": 0.0034404604230076075
    },
    "activation_scores": {
        "layers.0": {
            "std": 0.8304269313812256,
            "mean": 0.016451051458716393
        },
        "layers.1": {
            "std": 0.9416561126708984,
            "mean": -0.02873595803976059
        },
        "layers.2": {
            "std": 4.8911848068237305,
            "mean": -1.5965244770050049
        }
    },
    "ruby_scores": {
        "fsa_2": {
            "mean": 0.33447554893791676,
            "std": 0.07088152319192886
        },
        "fsa_inf": {
            "mean": 0.34734438732266426,
            "std": 0.11110890656709671
        },
        "fsd_2": {
            "mean": 0.46783877070993185,
            "std": 0.07250460982322693
        },
        "fsd_inf": {
            "mean": 0.8487369753420353,
            "std": 0.05756000801920891
        }
    },
    "noise_sensitivity": {
        "fgsm": {
            "mean": 0.027766813570639978,
            "std": 0.015518121421337128
        }
    },
    "hyper_parameter": {
        "dataset": "mnist",
        "hidden_dim": 200,
        "training_noise": 0.0,
        "test_noise": 0.2,
        "batch_size": 32,
        "learning_rate": 2e-05,
        "weight_decay": 0.0001,
        "epochs": 100,
        "created_on": "2025_09_10_17_53_03",
        "seed": 9079825,
        "subset": 10000,
        "sigma": 1.2,
        "neurons": 4,
        "orientation": [
            -3,
            3
        ],
        "activation": "tuning_curve",
        "stimulus": "LINEAR"
    }
}