{
    "network": "population",
    "avg_loss": 0.28259775624610484,
    "accuracy": 90.60000000000001,
    "sharpness_scores": {
        "layers.0.weight": 0.4341678104829043,
        "layers.0.bias": 0.005804956657811999,
        "layers.2.weight": 0.5123040035832673,
        "layers.2.bias": 0.006867981748655438
    },
    "activation_scores": {
        "layers.0": {
            "std": 1.499779224395752,
            "mean": -0.21066536009311676
        },
        "layers.1": {
            "std": 0.8408538103103638,
            "mean": -0.888228178024292
        },
        "layers.2": {
            "std": 3.894355535507202,
            "mean": -11.60683822631836
        }
    },
    "ruby_scores": {
        "fsa_2": {
            "mean": 0.32905402034521103,
            "std": 0.07319161295890808
        },
        "fsa_inf": {
            "mean": 0.34035254642367363,
            "std": 0.10409774631261826
        },
        "fsd_2": {
            "mean": 0.47473012935370207,
            "std": 0.07688874006271362
        },
        "fsd_inf": {
            "mean": 0.8532326277345419,
            "std": 0.057850200682878494
        }
    },
    "noise_sensitivity": {
        "fgsm": {
            "mean": 0.039665974817916005,
            "std": 0.02327476441860199
        }
    },
    "hyper_parameter": {
        "dataset": "mnist",
        "hidden_dim": 200,
        "training_noise": 0.0,
        "test_noise": 0.2,
        "batch_size": 32,
        "learning_rate": 2e-05,
        "weight_decay": 0.0001,
        "epochs": 100,
        "created_on": "2025_09_10_17_53_03",
        "seed": 6017155,
        "subset": 10000,
        "sigma": 1.2,
        "neurons": 4,
        "orientation": [
            -2,
            2
        ],
        "activation": "tuning_curve",
        "stimulus": "RAND_NORMAL"
    }
}