{
    "network": "population",
    "avg_loss": 0.3087015503551811,
    "accuracy": 90.3,
    "sharpness_scores": {
        "layers.0.weight": 0.6885987475980073,
        "layers.0.bias": 0.011729090008884668,
        "layers.2.weight": 0.523474246961996,
        "layers.2.bias": 0.0015328330919146538
    },
    "activation_scores": {
        "layers.0": {
            "std": 0.8387790322303772,
            "mean": 0.17969033122062683
        },
        "layers.1": {
            "std": 0.9101054072380066,
            "mean": 0.09902641922235489
        },
        "layers.2": {
            "std": 4.850124359130859,
            "mean": -5.409355640411377
        }
    },
    "ruby_scores": {
        "fsa_2": {
            "mean": 0.3332616984844208,
            "std": 0.0728253498673439
        },
        "fsa_inf": {
            "mean": 0.3395925108343363,
            "std": 0.10374278575181961
        },
        "fsd_2": {
            "mean": 0.4693075753748417,
            "std": 0.07348892837762833
        },
        "fsd_inf": {
            "mean": 0.8500698022544384,
            "std": 0.056485652923583984
        }
    },
    "noise_sensitivity": {
        "fgsm": {
            "mean": 0.028450514544382334,
            "std": 0.015789221972227097
        }
    },
    "hyper_parameter": {
        "dataset": "mnist",
        "hidden_dim": 200,
        "training_noise": 0.0,
        "test_noise": 0.2,
        "batch_size": 32,
        "learning_rate": 2e-05,
        "weight_decay": 0.0001,
        "epochs": 100,
        "created_on": "2025_09_10_17_53_03",
        "seed": 2537855,
        "subset": 10000,
        "sigma": 0.8,
        "neurons": 8,
        "orientation": [
            -3,
            3
        ],
        "activation": "tuning_curve",
        "stimulus": "LINEAR"
    }
}