{
    "network": "population",
    "avg_loss": 0.22039837308693677,
    "accuracy": 92.5,
    "sharpness_scores": {
        "layers.0.weight": 1.405984164099209,
        "layers.0.bias": 0.04572517180349678,
        "layers.2.weight": 0.555930349859409,
        "layers.2.bias": 0.001902030548080802
    },
    "activation_scores": {
        "layers.0": {
            "std": 0.7263123393058777,
            "mean": 0.04619181156158447
        },
        "layers.1": {
            "std": 1.0813006162643433,
            "mean": 0.032804906368255615
        },
        "layers.2": {
            "std": 4.571338176727295,
            "mean": 0.06685607135295868
        }
    },
    "ruby_scores": {
        "fsa_2": {
            "mean": 0.35272818990051746,
            "std": 0.08507027477025986
        },
        "fsa_inf": {
            "mean": 0.3640142120420933,
            "std": 0.11807834357023239
        },
        "fsd_2": {
            "mean": 0.4669705107808113,
            "std": 0.07635588943958282
        },
        "fsd_inf": {
            "mean": 0.8542495314031839,
            "std": 0.042225029319524765
        }
    },
    "noise_sensitivity": {
        "fgsm": {
            "mean": 0.027752520218585944,
            "std": 0.015895582735538483
        }
    },
    "hyper_parameter": {
        "dataset": "mnist",
        "hidden_dim": 200,
        "training_noise": 0.0,
        "test_noise": 0.2,
        "batch_size": 32,
        "learning_rate": 2e-05,
        "weight_decay": 0.0001,
        "epochs": 100,
        "created_on": "2025_09_10_17_53_03",
        "seed": 2747232,
        "subset": 10000,
        "sigma": 0.8,
        "neurons": 4,
        "orientation": [
            -4,
            4
        ],
        "activation": "tuning_curve",
        "stimulus": "LINEAR"
    }
}