{
    "network": "population",
    "avg_loss": 0.21190028300043195,
    "accuracy": 92.80000000000001,
    "sharpness_scores": {
        "layers.0.weight": 2.4919362399959937,
        "layers.0.bias": 0.12523137184325606,
        "layers.2.weight": 0.5249950889265165,
        "layers.2.bias": 0.00284050521440804
    },
    "activation_scores": {
        "layers.0": {
            "std": 0.5780602693557739,
            "mean": 0.010310174897313118
        },
        "layers.1": {
            "std": 1.2419393062591553,
            "mean": -0.14348921179771423
        },
        "layers.2": {
            "std": 4.691828727722168,
            "mean": -0.5405359268188477
        }
    },
    "ruby_scores": {
        "fsa_2": {
            "mean": 0.34862455539405346,
            "std": 0.08135893940925598
        },
        "fsa_inf": {
            "mean": 0.35512079671025276,
            "std": 0.115968257188797
        },
        "fsd_2": {
            "mean": 0.46688125003129244,
            "std": 0.07296857982873917
        },
        "fsd_inf": {
            "mean": 0.8582117408514023,
            "std": 0.036791443824768066
        }
    },
    "noise_sensitivity": {
        "fgsm": {
            "mean": 0.026075065542343134,
            "std": 0.015481088310480118
        }
    },
    "hyper_parameter": {
        "dataset": "mnist",
        "hidden_dim": 200,
        "training_noise": 0.0,
        "test_noise": 0.2,
        "batch_size": 32,
        "learning_rate": 2e-05,
        "weight_decay": 0.0001,
        "epochs": 100,
        "created_on": "2025_09_10_17_53_03",
        "seed": 6906698,
        "subset": 10000,
        "sigma": 0.4,
        "neurons": 4,
        "orientation": [
            -4,
            4
        ],
        "activation": "tuning_curve",
        "stimulus": "LINEAR"
    }
}