{
    "network": "population",
    "avg_loss": 0.23530953924637288,
    "accuracy": 92.30000000000001,
    "sharpness_scores": {
        "layers.0.weight": 1.0804524981649593,
        "layers.0.bias": 0.03646728035528213,
        "layers.2.weight": 0.21735435083974153,
        "layers.2.bias": 0.0029327808879315853
    },
    "activation_scores": {
        "layers.0": {
            "std": 0.8402538895606995,
            "mean": 0.3169820010662079
        },
        "layers.1": {
            "std": 0.6676271557807922,
            "mean": 0.3721047639846802
        },
        "layers.2": {
            "std": 3.832578659057617,
            "mean": -7.3437180519104
        }
    },
    "ruby_scores": {
        "fsa_2": {
            "mean": 0.34781187772750854,
            "std": 0.0666746199131012
        },
        "fsa_inf": {
            "mean": 0.3507816754281521,
            "std": 0.1010630801320076
        },
        "fsd_2": {
            "mean": 0.46523880306631327,
            "std": 0.061104435473680496
        },
        "fsd_inf": {
            "mean": 0.8518831226974726,
            "std": 0.058331750333309174
        }
    },
    "noise_sensitivity": {
        "fgsm": {
            "mean": 0.03355482919676951,
            "std": 0.021010983735322952
        }
    },
    "hyper_parameter": {
        "dataset": "mnist",
        "hidden_dim": 200,
        "training_noise": 0.0,
        "test_noise": 0.2,
        "batch_size": 32,
        "learning_rate": 2e-05,
        "weight_decay": 0.0001,
        "epochs": 100,
        "created_on": "2025_09_10_17_53_03",
        "seed": 3567061,
        "subset": 10000,
        "sigma": 0.4,
        "neurons": 8,
        "orientation": [
            -1,
            1
        ],
        "activation": "tuning_curve",
        "stimulus": "RAND_NORMAL"
    }
}