{
    "network": "population",
    "avg_loss": 0.2914346647448838,
    "accuracy": 91.0,
    "sharpness_scores": {
        "layers.0.weight": 0.23395657306537032,
        "layers.0.bias": -0.002098214579746127,
        "layers.2.weight": 0.19779701065272093,
        "layers.2.bias": 0.007672033738344908
    },
    "activation_scores": {
        "layers.0": {
            "std": 1.8157821893692017,
            "mean": -1.9388699531555176
        },
        "layers.1": {
            "std": 0.5333765745162964,
            "mean": -0.5761266350746155
        },
        "layers.2": {
            "std": 3.654603958129883,
            "mean": -4.950491428375244
        }
    },
    "ruby_scores": {
        "fsa_2": {
            "mean": 0.3304398600012064,
            "std": 0.06708770990371704
        },
        "fsa_inf": {
            "mean": 0.33018262684345245,
            "std": 0.09165716916322708
        },
        "fsd_2": {
            "mean": 0.46236639469861984,
            "std": 0.07515519857406616
        },
        "fsd_inf": {
            "mean": 0.847692871466279,
            "std": 0.05539868026971817
        }
    },
    "noise_sensitivity": {
        "fgsm": {
            "mean": 0.04523669906084651,
            "std": 0.02729625254869461
        }
    },
    "hyper_parameter": {
        "dataset": "mnist",
        "hidden_dim": 200,
        "training_noise": 0.0,
        "test_noise": 0.2,
        "batch_size": 32,
        "learning_rate": 2e-05,
        "weight_decay": 0.0001,
        "epochs": 100,
        "created_on": "2025_09_10_17_53_03",
        "seed": 6381566,
        "subset": 10000,
        "sigma": 1.2,
        "neurons": 4,
        "orientation": [
            -1,
            1
        ],
        "activation": "tuning_curve",
        "stimulus": "RAND_UNIFORM"
    }
}