{
    "network": "population",
    "avg_loss": 0.2889961439650506,
    "accuracy": 91.10000000000001,
    "sharpness_scores": {
        "layers.0.weight": 0.23819586471654475,
        "layers.0.bias": 0.0026044498663395643,
        "layers.2.weight": 0.21309614670462906,
        "layers.2.bias": -0.0014016071800142527
    },
    "activation_scores": {
        "layers.0": {
            "std": 1.8327016830444336,
            "mean": 2.5281436443328857
        },
        "layers.1": {
            "std": 0.5381835699081421,
            "mean": 0.8669143319129944
        },
        "layers.2": {
            "std": 3.591946840286255,
            "mean": -5.836874485015869
        }
    },
    "ruby_scores": {
        "fsa_2": {
            "mean": 0.3332452289760113,
            "std": 0.0675906166434288
        },
        "fsa_inf": {
            "mean": 0.33860501646995544,
            "std": 0.11100703477859497
        },
        "fsd_2": {
            "mean": 0.462024312466383,
            "std": 0.0771617442369461
        },
        "fsd_inf": {
            "mean": 0.8502541277557611,
            "std": 0.05621808022260666
        }
    },
    "noise_sensitivity": {
        "fgsm": {
            "mean": 0.045314376694287,
            "std": 0.028027862310409546
        }
    },
    "hyper_parameter": {
        "dataset": "mnist",
        "hidden_dim": 200,
        "training_noise": 0.0,
        "test_noise": 0.2,
        "batch_size": 32,
        "learning_rate": 2e-05,
        "weight_decay": 0.0001,
        "epochs": 100,
        "created_on": "2025_09_10_17_53_03",
        "seed": 7882087,
        "subset": 10000,
        "sigma": 1.2,
        "neurons": 4,
        "orientation": [
            -1,
            1
        ],
        "activation": "tuning_curve",
        "stimulus": "RAND_UNIFORM"
    }
}