{
    "network": "population",
    "avg_loss": 0.2931199511513114,
    "accuracy": 91.0,
    "sharpness_scores": {
        "layers.0.weight": 0.3368636639788747,
        "layers.0.bias": 0.006954862037673593,
        "layers.2.weight": 0.6042561922222376,
        "layers.2.bias": 0.0040163344237953424
    },
    "activation_scores": {
        "layers.0": {
            "std": 1.5007336139678955,
            "mean": 1.379899024963379
        },
        "layers.1": {
            "std": 0.8592297434806824,
            "mean": 1.2529178857803345
        },
        "layers.2": {
            "std": 4.250988483428955,
            "mean": -9.747069358825684
        }
    },
    "ruby_scores": {
        "fsa_2": {
            "mean": 0.32908632792532444,
            "std": 0.07735758274793625
        },
        "fsa_inf": {
            "mean": 0.3312292415648699,
            "std": 0.10652978718280792
        },
        "fsd_2": {
            "mean": 0.4744049049913883,
            "std": 0.07286906987428665
        },
        "fsd_inf": {
            "mean": 0.8506203908473253,
            "std": 0.05636094510555267
        }
    },
    "noise_sensitivity": {
        "fgsm": {
            "mean": 0.0358382642603109,
            "std": 0.02013997733592987
        }
    },
    "hyper_parameter": {
        "dataset": "mnist",
        "hidden_dim": 200,
        "training_noise": 0.0,
        "test_noise": 0.2,
        "batch_size": 32,
        "learning_rate": 2e-05,
        "weight_decay": 0.0001,
        "epochs": 100,
        "created_on": "2025_09_10_17_53_03",
        "seed": 2350466,
        "subset": 10000,
        "sigma": 1.2,
        "neurons": 8,
        "orientation": [
            -3,
            3
        ],
        "activation": "tuning_curve",
        "stimulus": "RAND_NORMAL"
    }
}