{
    "network": "population",
    "avg_loss": 0.2757762267719954,
    "accuracy": 91.4,
    "sharpness_scores": {
        "layers.0.weight": 0.5780236322898418,
        "layers.0.bias": 0.0041860167402774096,
        "layers.2.weight": 0.47399625764228404,
        "layers.2.bias": 0.005002805031836033
    },
    "activation_scores": {
        "layers.0": {
            "std": 1.1931967735290527,
            "mean": 0.8989797830581665
        },
        "layers.1": {
            "std": 0.8934457898139954,
            "mean": 0.4358882009983063
        },
        "layers.2": {
            "std": 4.224997043609619,
            "mean": -8.54122257232666
        }
    },
    "ruby_scores": {
        "fsa_2": {
            "mean": 0.33429654501378536,
            "std": 0.08343642950057983
        },
        "fsa_inf": {
            "mean": 0.3409780263900757,
            "std": 0.1205625832080841
        },
        "fsd_2": {
            "mean": 0.4672787105664611,
            "std": 0.08918772637844086
        },
        "fsd_inf": {
            "mean": 0.8529872074723244,
            "std": 0.03649740666151047
        }
    },
    "noise_sensitivity": {
        "fgsm": {
            "mean": 0.034142146688296016,
            "std": 0.01990782469511032
        }
    },
    "hyper_parameter": {
        "dataset": "mnist",
        "hidden_dim": 200,
        "training_noise": 0.0,
        "test_noise": 0.2,
        "batch_size": 32,
        "learning_rate": 2e-05,
        "weight_decay": 0.0001,
        "epochs": 100,
        "created_on": "2025_09_10_17_53_03",
        "seed": 3918277,
        "subset": 10000,
        "sigma": 0.8,
        "neurons": 8,
        "orientation": [
            -3,
            3
        ],
        "activation": "tuning_curve",
        "stimulus": "RAND_NORMAL"
    }
}