{
    "network": "population",
    "avg_loss": 0.23863315931521356,
    "accuracy": 92.60000000000001,
    "sharpness_scores": {
        "layers.0.weight": 0.951820075744763,
        "layers.0.bias": 0.018302521435543895,
        "layers.2.weight": 0.2012895557563752,
        "layers.2.bias": -0.0019440370379015803
    },
    "activation_scores": {
        "layers.0": {
            "std": 0.8818538188934326,
            "mean": 0.24939221143722534
        },
        "layers.1": {
            "std": 0.6040496826171875,
            "mean": 0.12674929201602936
        },
        "layers.2": {
            "std": 3.8690505027770996,
            "mean": -1.5871498584747314
        }
    },
    "ruby_scores": {
        "fsa_2": {
            "mean": 0.33893200755119324,
            "std": 0.0648391842842102
        },
        "fsa_inf": {
            "mean": 0.3433304615318775,
            "std": 0.0994606465101242
        },
        "fsd_2": {
            "mean": 0.46062104869633913,
            "std": 0.07151862233877182
        },
        "fsd_inf": {
            "mean": 0.8449880257248878,
            "std": 0.05776391178369522
        }
    },
    "noise_sensitivity": {
        "fgsm": {
            "mean": 0.034658439595227575,
            "std": 0.021437887102365494
        }
    },
    "hyper_parameter": {
        "dataset": "mnist",
        "hidden_dim": 200,
        "training_noise": 0.0,
        "test_noise": 0.2,
        "batch_size": 32,
        "learning_rate": 2e-05,
        "weight_decay": 0.0001,
        "epochs": 100,
        "created_on": "2025_09_10_17_53_03",
        "seed": 7881648,
        "subset": 10000,
        "sigma": 0.4,
        "neurons": 12,
        "orientation": [
            -1,
            1
        ],
        "activation": "tuning_curve",
        "stimulus": "LINEAR"
    }
}