{
    "network": "population",
    "avg_loss": 0.2241231682128273,
    "accuracy": 92.9,
    "sharpness_scores": {
        "layers.0.weight": 1.826662030594889,
        "layers.0.bias": 0.0672202201676555,
        "layers.2.weight": 0.7044418897130527,
        "layers.2.bias": 0.007502055319491774
    },
    "activation_scores": {
        "layers.0": {
            "std": 0.8934088945388794,
            "mean": -0.7066032886505127
        },
        "layers.1": {
            "std": 1.1166598796844482,
            "mean": -0.5037946701049805
        },
        "layers.2": {
            "std": 4.060703754425049,
            "mean": -9.391433715820312
        }
    },
    "ruby_scores": {
        "fsa_2": {
            "mean": 0.35105725936591625,
            "std": 0.08348704874515533
        },
        "fsa_inf": {
            "mean": 0.36272993683815,
            "std": 0.1231444776058197
        },
        "fsd_2": {
            "mean": 0.46935180854052305,
            "std": 0.08355415612459183
        },
        "fsd_inf": {
            "mean": 0.8578288815915585,
            "std": 0.04064228758215904
        }
    },
    "noise_sensitivity": {
        "fgsm": {
            "mean": 0.030722988275437957,
            "std": 0.020256103947758675
        }
    },
    "hyper_parameter": {
        "dataset": "mnist",
        "hidden_dim": 200,
        "training_noise": 0.0,
        "test_noise": 0.2,
        "batch_size": 32,
        "learning_rate": 2e-05,
        "weight_decay": 0.0001,
        "epochs": 100,
        "created_on": "2025_09_10_17_53_03",
        "seed": 8061779,
        "subset": 10000,
        "sigma": 0.4,
        "neurons": 4,
        "orientation": [
            -3,
            3
        ],
        "activation": "tuning_curve",
        "stimulus": "RAND_UNIFORM"
    }
}