{
    "network": "population",
    "avg_loss": 0.25500857667066157,
    "accuracy": 92.0,
    "sharpness_scores": {
        "layers.0.weight": 0.9194953290279955,
        "layers.0.bias": 0.022770703304558992,
        "layers.2.weight": 0.6625464258249849,
        "layers.2.bias": 0.006771911052055657
    },
    "activation_scores": {
        "layers.0": {
            "std": 1.0090250968933105,
            "mean": 0.34681588411331177
        },
        "layers.1": {
            "std": 1.0856120586395264,
            "mean": 0.661874532699585
        },
        "layers.2": {
            "std": 4.522916793823242,
            "mean": -9.792153358459473
        }
    },
    "ruby_scores": {
        "fsa_2": {
            "mean": 0.3466948587447405,
            "std": 0.08683179318904877
        },
        "fsa_inf": {
            "mean": 0.34530673176050186,
            "std": 0.11262258142232895
        },
        "fsd_2": {
            "mean": 0.46606656443327665,
            "std": 0.08833629637956619
        },
        "fsd_inf": {
            "mean": 0.8504842650145292,
            "std": 0.04030243307352066
        }
    },
    "noise_sensitivity": {
        "fgsm": {
            "mean": 0.030383105429214283,
            "std": 0.01784803904592991
        }
    },
    "hyper_parameter": {
        "dataset": "mnist",
        "hidden_dim": 200,
        "training_noise": 0.0,
        "test_noise": 0.2,
        "batch_size": 32,
        "learning_rate": 2e-05,
        "weight_decay": 0.0001,
        "epochs": 100,
        "created_on": "2025_09_10_17_53_03",
        "seed": 2785273,
        "subset": 10000,
        "sigma": 0.8,
        "neurons": 8,
        "orientation": [
            -3,
            3
        ],
        "activation": "tuning_curve",
        "stimulus": "RAND_UNIFORM"
    }
}