{
    "network": "population",
    "avg_loss": 0.2928188727237284,
    "accuracy": 90.8,
    "sharpness_scores": {
        "layers.0.weight": 0.5451753991656005,
        "layers.0.bias": 0.007939483039081097,
        "layers.2.weight": 0.32826198963448405,
        "layers.2.bias": 0.0015474231913685799
    },
    "activation_scores": {
        "layers.0": {
            "std": 0.8769922852516174,
            "mean": 0.27828696370124817
        },
        "layers.1": {
            "std": 0.8015021681785583,
            "mean": 0.22180959582328796
        },
        "layers.2": {
            "std": 4.575846195220947,
            "mean": -3.9256722927093506
        }
    },
    "ruby_scores": {
        "fsa_2": {
            "mean": 0.33467009477317333,
            "std": 0.06763741374015808
        },
        "fsa_inf": {
            "mean": 0.3401301074773073,
            "std": 0.1046595573425293
        },
        "fsd_2": {
            "mean": 0.4713703626766801,
            "std": 0.0729895830154419
        },
        "fsd_inf": {
            "mean": 0.8481190670281649,
            "std": 0.05688585713505745
        }
    },
    "noise_sensitivity": {
        "fgsm": {
            "mean": 0.029702670034687035,
            "std": 0.016814984381198883
        }
    },
    "hyper_parameter": {
        "dataset": "mnist",
        "hidden_dim": 200,
        "training_noise": 0.0,
        "test_noise": 0.2,
        "batch_size": 32,
        "learning_rate": 2e-05,
        "weight_decay": 0.0001,
        "epochs": 100,
        "created_on": "2025_09_10_17_53_03",
        "seed": 1743779,
        "subset": 10000,
        "sigma": 0.8,
        "neurons": 8,
        "orientation": [
            -2,
            2
        ],
        "activation": "tuning_curve",
        "stimulus": "LINEAR"
    }
}