{
    "network": "population",
    "avg_loss": 0.2450941123533994,
    "accuracy": 92.0,
    "sharpness_scores": {
        "layers.0.weight": 0.6858498740475625,
        "layers.0.bias": 0.01803067186847329,
        "layers.2.weight": 0.2349127745255828,
        "layers.2.bias": -0.0007379231974482536
    },
    "activation_scores": {
        "layers.0": {
            "std": 1.0778762102127075,
            "mean": 0.3164382576942444
        },
        "layers.1": {
            "std": 0.6562673449516296,
            "mean": 0.06366311758756638
        },
        "layers.2": {
            "std": 3.7258713245391846,
            "mean": -5.784679889678955
        }
    },
    "ruby_scores": {
        "fsa_2": {
            "mean": 0.340787285938859,
            "std": 0.06535878032445908
        },
        "fsa_inf": {
            "mean": 0.34707815386354923,
            "std": 0.10947299748659134
        },
        "fsd_2": {
            "mean": 0.46972774248570204,
            "std": 0.07220064103603363
        },
        "fsd_inf": {
            "mean": 0.8484387770295143,
            "std": 0.06046692654490471
        }
    },
    "noise_sensitivity": {
        "fgsm": {
            "mean": 0.03783449846264177,
            "std": 0.023733986541628838
        }
    },
    "hyper_parameter": {
        "dataset": "mnist",
        "hidden_dim": 200,
        "training_noise": 0.0,
        "test_noise": 0.2,
        "batch_size": 32,
        "learning_rate": 2e-05,
        "weight_decay": 0.0001,
        "epochs": 100,
        "created_on": "2025_09_10_17_53_03",
        "seed": 7264088,
        "subset": 10000,
        "sigma": 0.8,
        "neurons": 4,
        "orientation": [
            -1,
            1
        ],
        "activation": "tuning_curve",
        "stimulus": "RAND_NORMAL"
    }
}