{
    "network": "population",
    "avg_loss": 0.29244931519497186,
    "accuracy": 90.7,
    "sharpness_scores": {
        "layers.0.weight": 0.9129651029361412,
        "layers.0.bias": 0.014338214648887515,
        "layers.2.weight": 0.4887660666136071,
        "layers.2.bias": 0.00021865777671337128
    },
    "activation_scores": {
        "layers.0": {
            "std": 0.7891499400138855,
            "mean": 0.438634991645813
        },
        "layers.1": {
            "std": 1.0165693759918213,
            "mean": 0.5948448777198792
        },
        "layers.2": {
            "std": 4.935629367828369,
            "mean": -0.31790345907211304
        }
    },
    "ruby_scores": {
        "fsa_2": {
            "mean": 0.3327242713421583,
            "std": 0.06943608075380325
        },
        "fsa_inf": {
            "mean": 0.342330951243639,
            "std": 0.11181099712848663
        },
        "fsd_2": {
            "mean": 0.4712099740281701,
            "std": 0.06849534064531326
        },
        "fsd_inf": {
            "mean": 0.8488190732896328,
            "std": 0.05763997137546539
        }
    },
    "noise_sensitivity": {
        "fgsm": {
            "mean": 0.026658760880044548,
            "std": 0.015185752883553505
        }
    },
    "hyper_parameter": {
        "dataset": "mnist",
        "hidden_dim": 200,
        "training_noise": 0.0,
        "test_noise": 0.2,
        "batch_size": 32,
        "learning_rate": 2e-05,
        "weight_decay": 0.0001,
        "epochs": 100,
        "created_on": "2025_09_10_17_53_03",
        "seed": 5069355,
        "subset": 10000,
        "sigma": 1.2,
        "neurons": 4,
        "orientation": [
            -4,
            4
        ],
        "activation": "tuning_curve",
        "stimulus": "LINEAR"
    }
}