{
    "network": "population",
    "avg_loss": 0.23290537414141,
    "accuracy": 92.5,
    "sharpness_scores": {
        "layers.0.weight": 1.2070833526086062,
        "layers.0.bias": 0.03230204014107585,
        "layers.2.weight": 0.3156179266516119,
        "layers.2.bias": 0.001983463647775352
    },
    "activation_scores": {
        "layers.0": {
            "std": 0.8925936222076416,
            "mean": -0.2160017043352127
        },
        "layers.1": {
            "std": 0.8005579710006714,
            "mean": -0.23633097112178802
        },
        "layers.2": {
            "std": 4.026097297668457,
            "mean": -11.45488166809082
        }
    },
    "ruby_scores": {
        "fsa_2": {
            "mean": 0.34696531668305397,
            "std": 0.08361008763313293
        },
        "fsa_inf": {
            "mean": 0.34857286885380745,
            "std": 0.11751753091812134
        },
        "fsd_2": {
            "mean": 0.47085881140083075,
            "std": 0.08590371161699295
        },
        "fsd_inf": {
            "mean": 0.8579473532736301,
            "std": 0.0380992665886879
        }
    },
    "noise_sensitivity": {
        "fgsm": {
            "mean": 0.03404612975118751,
            "std": 0.021832175552845
        }
    },
    "hyper_parameter": {
        "dataset": "mnist",
        "hidden_dim": 200,
        "training_noise": 0.0,
        "test_noise": 0.2,
        "batch_size": 32,
        "learning_rate": 2e-05,
        "weight_decay": 0.0001,
        "epochs": 100,
        "created_on": "2025_09_10_17_53_03",
        "seed": 4319470,
        "subset": 10000,
        "sigma": 0.4,
        "neurons": 8,
        "orientation": [
            -3,
            3
        ],
        "activation": "tuning_curve",
        "stimulus": "RAND_NORMAL"
    }
}