{
    "network": "population",
    "avg_loss": 0.23108633630909026,
    "accuracy": 92.5,
    "sharpness_scores": {
        "layers.0.weight": 1.3645244499202818,
        "layers.0.bias": 0.05793416779488325,
        "layers.2.weight": 0.4205606251489371,
        "layers.2.bias": -0.0003764863358810544
    },
    "activation_scores": {
        "layers.0": {
            "std": 0.920435905456543,
            "mean": -0.8084939122200012
        },
        "layers.1": {
            "std": 0.8723841309547424,
            "mean": -0.7141925692558289
        },
        "layers.2": {
            "std": 3.921250104904175,
            "mean": -10.107213973999023
        }
    },
    "ruby_scores": {
        "fsa_2": {
            "mean": 0.3464370835572481,
            "std": 0.08623664081096649
        },
        "fsa_inf": {
            "mean": 0.3440394885838032,
            "std": 0.10912862420082092
        },
        "fsd_2": {
            "mean": 0.4698715340346098,
            "std": 0.07302309572696686
        },
        "fsd_inf": {
            "mean": 0.848269660025835,
            "std": 0.05973224341869354
        }
    },
    "noise_sensitivity": {
        "fgsm": {
            "mean": 0.03270121831981767,
            "std": 0.021568039432168007
        }
    },
    "hyper_parameter": {
        "dataset": "mnist",
        "hidden_dim": 200,
        "training_noise": 0.0,
        "test_noise": 0.2,
        "batch_size": 32,
        "learning_rate": 2e-05,
        "weight_decay": 0.0001,
        "epochs": 100,
        "created_on": "2025_09_10_17_53_03",
        "seed": 6059650,
        "subset": 10000,
        "sigma": 0.4,
        "neurons": 4,
        "orientation": [
            -4,
            4
        ],
        "activation": "tuning_curve",
        "stimulus": "RAND_NORMAL"
    }
}