{
    "network": "population",
    "avg_loss": 0.2356444433098659,
    "accuracy": 92.5,
    "sharpness_scores": {
        "layers.0.weight": 1.3934468865627423,
        "layers.0.bias": 0.03944388579111546,
        "layers.2.weight": 0.39050519990269095,
        "layers.2.bias": 0.007500924286432564
    },
    "activation_scores": {
        "layers.0": {
            "std": 0.9118899703025818,
            "mean": 0.4025733172893524
        },
        "layers.1": {
            "std": 0.8430193066596985,
            "mean": 0.04305889457464218
        },
        "layers.2": {
            "std": 3.903752088546753,
            "mean": -9.753034591674805
        }
    },
    "ruby_scores": {
        "fsa_2": {
            "mean": 0.36187359876930714,
            "std": 0.08053108304738998
        },
        "fsa_inf": {
            "mean": 0.3707432057708502,
            "std": 0.11085604131221771
        },
        "fsd_2": {
            "mean": 0.47285618633031845,
            "std": 0.0668308362364769
        },
        "fsd_inf": {
            "mean": 0.8479335121810436,
            "std": 0.0596475712954998
        }
    },
    "noise_sensitivity": {
        "fgsm": {
            "mean": 0.03353430351083532,
            "std": 0.02159968577325344
        }
    },
    "hyper_parameter": {
        "dataset": "mnist",
        "hidden_dim": 200,
        "training_noise": 0.0,
        "test_noise": 0.2,
        "batch_size": 32,
        "learning_rate": 2e-05,
        "weight_decay": 0.0001,
        "epochs": 100,
        "created_on": "2025_09_10_17_53_03",
        "seed": 6065456,
        "subset": 10000,
        "sigma": 0.4,
        "neurons": 4,
        "orientation": [
            -4,
            4
        ],
        "activation": "tuning_curve",
        "stimulus": "RAND_NORMAL"
    }
}