{
    "network": "population",
    "avg_loss": 0.278830096591264,
    "accuracy": 91.5,
    "sharpness_scores": {
        "layers.0.weight": 0.4604710009880364,
        "layers.0.bias": 0.005291972076520324,
        "layers.2.weight": 0.27431091805920005,
        "layers.2.bias": 0.004582384135574102
    },
    "activation_scores": {
        "layers.0": {
            "std": 1.2971601486206055,
            "mean": -0.3450809717178345
        },
        "layers.1": {
            "std": 0.6414344310760498,
            "mean": -0.03056550770998001
        },
        "layers.2": {
            "std": 3.741889238357544,
            "mean": -5.597969055175781
        }
    },
    "ruby_scores": {
        "fsa_2": {
            "mean": 0.33978571742773056,
            "std": 0.07953370362520218
        },
        "fsa_inf": {
            "mean": 0.34806748293340206,
            "std": 0.10810963809490204
        },
        "fsd_2": {
            "mean": 0.4697578623890877,
            "std": 0.07487605512142181
        },
        "fsd_inf": {
            "mean": 0.847389429807663,
            "std": 0.0557444766163826
        }
    },
    "noise_sensitivity": {
        "fgsm": {
            "mean": 0.040717468412694476,
            "std": 0.025071637704968452
        }
    },
    "hyper_parameter": {
        "dataset": "mnist",
        "hidden_dim": 200,
        "training_noise": 0.0,
        "test_noise": 0.2,
        "batch_size": 32,
        "learning_rate": 2e-05,
        "weight_decay": 0.0001,
        "epochs": 100,
        "created_on": "2025_09_10_17_53_03",
        "seed": 2441300,
        "subset": 10000,
        "sigma": 1.2,
        "neurons": 4,
        "orientation": [
            -1,
            1
        ],
        "activation": "tuning_curve",
        "stimulus": "RAND_NORMAL"
    }
}