{
    "network": "population",
    "avg_loss": 0.2554883639095351,
    "accuracy": 91.8,
    "sharpness_scores": {
        "layers.0.weight": 0.4366854523541406,
        "layers.0.bias": 0.009483822737820446,
        "layers.2.weight": 0.20893748349044472,
        "layers.2.bias": 0.005188124836422503
    },
    "activation_scores": {
        "layers.0": {
            "std": 1.2540510892868042,
            "mean": -1.3430914878845215
        },
        "layers.1": {
            "std": 0.5864630341529846,
            "mean": -0.6031644940376282
        },
        "layers.2": {
            "std": 3.84955096244812,
            "mean": -5.157623767852783
        }
    },
    "ruby_scores": {
        "fsa_2": {
            "mean": 0.33758612908422947,
            "std": 0.06976912170648575
        },
        "fsa_inf": {
            "mean": 0.33906809613108635,
            "std": 0.11144156008958817
        },
        "fsd_2": {
            "mean": 0.4692873936146498,
            "std": 0.07437891513109207
        },
        "fsd_inf": {
            "mean": 0.8470088560134172,
            "std": 0.05940951406955719
        }
    },
    "noise_sensitivity": {
        "fgsm": {
            "mean": 0.03858729278568451,
            "std": 0.023373683914542198
        }
    },
    "hyper_parameter": {
        "dataset": "mnist",
        "hidden_dim": 200,
        "training_noise": 0.0,
        "test_noise": 0.2,
        "batch_size": 32,
        "learning_rate": 2e-05,
        "weight_decay": 0.0001,
        "epochs": 100,
        "created_on": "2025_09_10_17_53_03",
        "seed": 1802444,
        "subset": 10000,
        "sigma": 0.8,
        "neurons": 8,
        "orientation": [
            -1,
            1
        ],
        "activation": "tuning_curve",
        "stimulus": "RAND_UNIFORM"
    }
}