{
    "network": "population",
    "avg_loss": 0.2039539138204418,
    "accuracy": 93.89999999999999,
    "sharpness_scores": {
        "layers.0.weight": 2.159318734484259,
        "layers.0.bias": 0.08368447871180251,
        "layers.2.weight": 0.9756812514388002,
        "layers.2.bias": 0.004449948552064598
    },
    "activation_scores": {
        "layers.0": {
            "std": 0.9626821875572205,
            "mean": -0.8653481006622314
        },
        "layers.1": {
            "std": 1.3716846704483032,
            "mean": -0.17216897010803223
        },
        "layers.2": {
            "std": 4.1813740730285645,
            "mean": -7.401494979858398
        }
    },
    "ruby_scores": {
        "fsa_2": {
            "mean": 0.34029312431812286,
            "std": 0.09852398931980133
        },
        "fsa_inf": {
            "mean": 0.3318797741085291,
            "std": 0.1080624908208847
        },
        "fsd_2": {
            "mean": 0.4675005944445729,
            "std": 0.08923043310642242
        },
        "fsd_inf": {
            "mean": 0.8601407296955585,
            "std": 0.034250326454639435
        }
    },
    "noise_sensitivity": {
        "fgsm": {
            "mean": 0.028850300459549994,
            "std": 0.01822246052324772
        }
    },
    "hyper_parameter": {
        "dataset": "mnist",
        "hidden_dim": 200,
        "training_noise": 0.0,
        "test_noise": 0.2,
        "batch_size": 32,
        "learning_rate": 2e-05,
        "weight_decay": 0.0001,
        "epochs": 100,
        "created_on": "2025_09_10_17_53_03",
        "seed": 3770120,
        "subset": 10000,
        "sigma": 0.4,
        "neurons": 4,
        "orientation": [
            -4,
            4
        ],
        "activation": "tuning_curve",
        "stimulus": "RAND_UNIFORM"
    }
}