{
    "network": "population",
    "avg_loss": 0.2893731214571744,
    "accuracy": 90.4,
    "sharpness_scores": {
        "layers.0.weight": 0.24666811409406364,
        "layers.0.bias": -0.0018353704363107681,
        "layers.2.weight": 0.20523967198096216,
        "layers.2.bias": 0.0020320205949246883
    },
    "activation_scores": {
        "layers.0": {
            "std": 1.8305948972702026,
            "mean": -2.1281237602233887
        },
        "layers.1": {
            "std": 0.5368087887763977,
            "mean": -0.9297827482223511
        },
        "layers.2": {
            "std": 3.6213433742523193,
            "mean": -7.781440734863281
        }
    },
    "ruby_scores": {
        "fsa_2": {
            "mean": 0.3319641761481762,
            "std": 0.07664670050144196
        },
        "fsa_inf": {
            "mean": 0.32237030006945133,
            "std": 0.08206401765346527
        },
        "fsd_2": {
            "mean": 0.4657619222998619,
            "std": 0.07542744278907776
        },
        "fsd_inf": {
            "mean": 0.8497173879295588,
            "std": 0.0559675507247448
        }
    },
    "noise_sensitivity": {
        "fgsm": {
            "mean": 0.04576347502959641,
            "std": 0.02806556038558483
        }
    },
    "hyper_parameter": {
        "dataset": "mnist",
        "hidden_dim": 200,
        "training_noise": 0.0,
        "test_noise": 0.2,
        "batch_size": 32,
        "learning_rate": 2e-05,
        "weight_decay": 0.0001,
        "epochs": 100,
        "created_on": "2025_09_10_17_53_03",
        "seed": 5623138,
        "subset": 10000,
        "sigma": 1.2,
        "neurons": 4,
        "orientation": [
            -1,
            1
        ],
        "activation": "tuning_curve",
        "stimulus": "RAND_UNIFORM"
    }
}