{
    "network": "population",
    "avg_loss": 0.22492332372348756,
    "accuracy": 92.7,
    "sharpness_scores": {
        "layers.0.weight": 1.0723378864349797,
        "layers.0.bias": 0.03412056982051581,
        "layers.2.weight": 0.20036220748443156,
        "layers.2.bias": -0.0019154093461111188
    },
    "activation_scores": {
        "layers.0": {
            "std": 0.7984548211097717,
            "mean": -0.11844043433666229
        },
        "layers.1": {
            "std": 0.6528465747833252,
            "mean": -0.12218581140041351
        },
        "layers.2": {
            "std": 3.9398152828216553,
            "mean": -1.2970854043960571
        }
    },
    "ruby_scores": {
        "fsa_2": {
            "mean": 0.3503691926598549,
            "std": 0.0876314789056778
        },
        "fsa_inf": {
            "mean": 0.3670351728796959,
            "std": 0.1225026473402977
        },
        "fsd_2": {
            "mean": 0.473377394489944,
            "std": 0.08426709473133087
        },
        "fsd_inf": {
            "mean": 0.8573738820850849,
            "std": 0.038597479462623596
        }
    },
    "noise_sensitivity": {
        "fgsm": {
            "mean": 0.034371336408108,
            "std": 0.021916493773460388
        }
    },
    "hyper_parameter": {
        "dataset": "mnist",
        "hidden_dim": 200,
        "training_noise": 0.0,
        "test_noise": 0.2,
        "batch_size": 32,
        "learning_rate": 2e-05,
        "weight_decay": 0.0001,
        "epochs": 100,
        "created_on": "2025_09_10_17_53_03",
        "seed": 8569042,
        "subset": 10000,
        "sigma": 0.4,
        "neurons": 4,
        "orientation": [
            -1,
            1
        ],
        "activation": "tuning_curve",
        "stimulus": "LINEAR"
    }
}