{
    "network": "population",
    "avg_loss": 0.3177871780935675,
    "accuracy": 90.10000000000001,
    "sharpness_scores": {
        "layers.0.weight": 0.572605550987646,
        "layers.0.bias": 0.009220803622156382,
        "layers.2.weight": 0.4351824994664639,
        "layers.2.bias": 0.006376811070367694
    },
    "activation_scores": {
        "layers.0": {
            "std": 0.8685669898986816,
            "mean": -0.5422510504722595
        },
        "layers.1": {
            "std": 0.8572976589202881,
            "mean": -0.5335879921913147
        },
        "layers.2": {
            "std": 4.9057230949401855,
            "mean": -4.469183921813965
        }
    },
    "ruby_scores": {
        "fsa_2": {
            "mean": 0.33431335538625717,
            "std": 0.07530028373003006
        },
        "fsa_inf": {
            "mean": 0.34285012632608414,
            "std": 0.11062165349721909
        },
        "fsd_2": {
            "mean": 0.469763002358377,
            "std": 0.0741242840886116
        },
        "fsd_inf": {
            "mean": 0.8463092483580112,
            "std": 0.05813295766711235
        }
    },
    "noise_sensitivity": {
        "fgsm": {
            "mean": 0.028772228350541055,
            "std": 0.0159586351364851
        }
    },
    "hyper_parameter": {
        "dataset": "mnist",
        "hidden_dim": 200,
        "training_noise": 0.0,
        "test_noise": 0.2,
        "batch_size": 32,
        "learning_rate": 2e-05,
        "weight_decay": 0.0001,
        "epochs": 100,
        "created_on": "2025_09_10_17_53_03",
        "seed": 8955569,
        "subset": 10000,
        "sigma": 1.2,
        "neurons": 8,
        "orientation": [
            -3,
            3
        ],
        "activation": "tuning_curve",
        "stimulus": "LINEAR"
    }
}