{
    "network": "population",
    "avg_loss": 0.21818494133185595,
    "accuracy": 93.10000000000001,
    "sharpness_scores": {
        "layers.0.weight": 1.385850879480131,
        "layers.0.bias": 0.03204338706564158,
        "layers.2.weight": 0.5059119338402525,
        "layers.2.bias": 0.0007481781067326665
    },
    "activation_scores": {
        "layers.0": {
            "std": 0.7290385961532593,
            "mean": -0.44939738512039185
        },
        "layers.1": {
            "std": 1.083258032798767,
            "mean": -0.6171870827674866
        },
        "layers.2": {
            "std": 4.536698341369629,
            "mean": -1.4125598669052124
        }
    },
    "ruby_scores": {
        "fsa_2": {
            "mean": 0.34399366937577724,
            "std": 0.08088017255067825
        },
        "fsa_inf": {
            "mean": 0.3465502243489027,
            "std": 0.109501414000988
        },
        "fsd_2": {
            "mean": 0.463761824183166,
            "std": 0.08129263669252396
        },
        "fsd_inf": {
            "mean": 0.8554461114108562,
            "std": 0.038402259349823
        }
    },
    "noise_sensitivity": {
        "fgsm": {
            "mean": 0.02753385684438446,
            "std": 0.016283206641674042
        }
    },
    "hyper_parameter": {
        "dataset": "mnist",
        "hidden_dim": 200,
        "training_noise": 0.0,
        "test_noise": 0.2,
        "batch_size": 32,
        "learning_rate": 2e-05,
        "weight_decay": 0.0001,
        "epochs": 100,
        "created_on": "2025_09_10_17_53_03",
        "seed": 2085810,
        "subset": 10000,
        "sigma": 0.8,
        "neurons": 4,
        "orientation": [
            -4,
            4
        ],
        "activation": "tuning_curve",
        "stimulus": "LINEAR"
    }
}