{
    "network": "population",
    "avg_loss": 0.2508111351635307,
    "accuracy": 92.10000000000001,
    "sharpness_scores": {
        "layers.0.weight": 0.951973300660029,
        "layers.0.bias": 0.020225950283929706,
        "layers.2.weight": 0.6433955722022802,
        "layers.2.bias": 0.004387978697195649
    },
    "activation_scores": {
        "layers.0": {
            "std": 0.9910153150558472,
            "mean": -0.008131621405482292
        },
        "layers.1": {
            "std": 1.1096527576446533,
            "mean": -0.1343245953321457
        },
        "layers.2": {
            "std": 4.465938568115234,
            "mean": -6.852806091308594
        }
    },
    "ruby_scores": {
        "fsa_2": {
            "mean": 0.3437979742884636,
            "std": 0.07057632505893707
        },
        "fsa_inf": {
            "mean": 0.3519697692245245,
            "std": 0.1085762232542038
        },
        "fsd_2": {
            "mean": 0.4684360893443227,
            "std": 0.0706293061375618
        },
        "fsd_inf": {
            "mean": 0.8436146024614573,
            "std": 0.06201520562171936
        }
    },
    "noise_sensitivity": {
        "fgsm": {
            "mean": 0.029971886770874333,
            "std": 0.017557719722390175
        }
    },
    "hyper_parameter": {
        "dataset": "mnist",
        "hidden_dim": 200,
        "training_noise": 0.0,
        "test_noise": 0.2,
        "batch_size": 32,
        "learning_rate": 2e-05,
        "weight_decay": 0.0001,
        "epochs": 100,
        "created_on": "2025_09_10_17_53_03",
        "seed": 1271507,
        "subset": 10000,
        "sigma": 0.8,
        "neurons": 8,
        "orientation": [
            -3,
            3
        ],
        "activation": "tuning_curve",
        "stimulus": "RAND_UNIFORM"
    }
}