{
    "network": "population",
    "avg_loss": 0.2961475864285603,
    "accuracy": 90.5,
    "sharpness_scores": {
        "layers.0.weight": 0.7652812529122457,
        "layers.0.bias": 0.012109757983125746,
        "layers.2.weight": 0.5148091552546248,
        "layers.2.bias": 0.0008730744011700153
    },
    "activation_scores": {
        "layers.0": {
            "std": 0.7868990302085876,
            "mean": 0.49202629923820496
        },
        "layers.1": {
            "std": 1.0122438669204712,
            "mean": 0.5741218328475952
        },
        "layers.2": {
            "std": 4.919743061065674,
            "mean": -2.1580331325531006
        }
    },
    "ruby_scores": {
        "fsa_2": {
            "mean": 0.33033390156924725,
            "std": 0.07257351279258728
        },
        "fsa_inf": {
            "mean": 0.3413007836788893,
            "std": 0.11102232336997986
        },
        "fsd_2": {
            "mean": 0.4647229975089431,
            "std": 0.07156246900558472
        },
        "fsd_inf": {
            "mean": 0.8456539381295443,
            "std": 0.05711888521909714
        }
    },
    "noise_sensitivity": {
        "fgsm": {
            "mean": 0.026801621555160984,
            "std": 0.015293496660888195
        }
    },
    "hyper_parameter": {
        "dataset": "mnist",
        "hidden_dim": 200,
        "training_noise": 0.0,
        "test_noise": 0.2,
        "batch_size": 32,
        "learning_rate": 2e-05,
        "weight_decay": 0.0001,
        "epochs": 100,
        "created_on": "2025_09_10_17_53_03",
        "seed": 7261379,
        "subset": 10000,
        "sigma": 1.2,
        "neurons": 4,
        "orientation": [
            -4,
            4
        ],
        "activation": "tuning_curve",
        "stimulus": "LINEAR"
    }
}