{
    "network": "population",
    "avg_loss": 0.31094472110271454,
    "accuracy": 90.3,
    "sharpness_scores": {
        "layers.0.weight": 0.4370784740895033,
        "layers.0.bias": 0.012326630298048258,
        "layers.2.weight": 0.3235377899836749,
        "layers.2.bias": 0.0028752570506185293
    },
    "activation_scores": {
        "layers.0": {
            "std": 0.9684193730354309,
            "mean": -0.07187025249004364
        },
        "layers.1": {
            "std": 0.7225208282470703,
            "mean": -0.02312462590634823
        },
        "layers.2": {
            "std": 4.591084003448486,
            "mean": -1.6874096393585205
        }
    },
    "ruby_scores": {
        "fsa_2": {
            "mean": 0.3333202190697193,
            "std": 0.07288133352994919
        },
        "fsa_inf": {
            "mean": 0.34051390551030636,
            "std": 0.10637731850147247
        },
        "fsd_2": {
            "mean": 0.4695686884224415,
            "std": 0.07347095012664795
        },
        "fsd_inf": {
            "mean": 0.8498138524591923,
            "std": 0.05639921873807907
        }
    },
    "noise_sensitivity": {
        "fgsm": {
            "mean": 0.03131267895395359,
            "std": 0.01743410900235176
        }
    },
    "hyper_parameter": {
        "dataset": "mnist",
        "hidden_dim": 200,
        "training_noise": 0.0,
        "test_noise": 0.2,
        "batch_size": 32,
        "learning_rate": 2e-05,
        "weight_decay": 0.0001,
        "epochs": 100,
        "created_on": "2025_09_10_17_53_03",
        "seed": 2699128,
        "subset": 10000,
        "sigma": 1.2,
        "neurons": 8,
        "orientation": [
            -2,
            2
        ],
        "activation": "tuning_curve",
        "stimulus": "LINEAR"
    }
}