{
    "network": "population",
    "avg_loss": 0.22076485864818096,
    "accuracy": 93.2,
    "sharpness_scores": {
        "layers.0.weight": 1.4175482038408518,
        "layers.0.bias": 0.03727594297379255,
        "layers.2.weight": 0.22959751216694713,
        "layers.2.bias": -0.002270965720526874
    },
    "activation_scores": {
        "layers.0": {
            "std": 0.8684564828872681,
            "mean": -1.027799129486084
        },
        "layers.1": {
            "std": 0.6311232447624207,
            "mean": -1.143847107887268
        },
        "layers.2": {
            "std": 3.6875412464141846,
            "mean": -8.107149124145508
        }
    },
    "ruby_scores": {
        "fsa_2": {
            "mean": 0.3383813351392746,
            "std": 0.07067863643169403
        },
        "fsa_inf": {
            "mean": 0.3422712776809931,
            "std": 0.10019420087337494
        },
        "fsd_2": {
            "mean": 0.46578374970704317,
            "std": 0.07181886583566666
        },
        "fsd_inf": {
            "mean": 0.8491596952080727,
            "std": 0.05973849818110466
        }
    },
    "noise_sensitivity": {
        "fgsm": {
            "mean": 0.036632353278450804,
            "std": 0.025646788999438286
        }
    },
    "hyper_parameter": {
        "dataset": "mnist",
        "hidden_dim": 200,
        "training_noise": 0.0,
        "test_noise": 0.2,
        "batch_size": 32,
        "learning_rate": 2e-05,
        "weight_decay": 0.0001,
        "epochs": 100,
        "created_on": "2025_09_10_17_53_03",
        "seed": 8609987,
        "subset": 10000,
        "sigma": 0.4,
        "neurons": 4,
        "orientation": [
            -1,
            1
        ],
        "activation": "tuning_curve",
        "stimulus": "RAND_UNIFORM"
    }
}