{
    "network": "population",
    "avg_loss": 0.28199830395169556,
    "accuracy": 90.9,
    "sharpness_scores": {
        "layers.0.weight": 0.3276502431835979,
        "layers.0.bias": 0.0016642543487250805,
        "layers.2.weight": 0.239863007562235,
        "layers.2.bias": -0.0010401683393865824
    },
    "activation_scores": {
        "layers.0": {
            "std": 1.3545259237289429,
            "mean": -1.3219950199127197
        },
        "layers.1": {
            "std": 0.6294479966163635,
            "mean": -0.2759820520877838
        },
        "layers.2": {
            "std": 3.8767287731170654,
            "mean": -8.089232444763184
        }
    },
    "ruby_scores": {
        "fsa_2": {
            "mean": 0.34191825799643993,
            "std": 0.07208757102489471
        },
        "fsa_inf": {
            "mean": 0.33813558891415596,
            "std": 0.10035771131515503
        },
        "fsd_2": {
            "mean": 0.4696743292734027,
            "std": 0.07076673954725266
        },
        "fsd_inf": {
            "mean": 0.8492278829216957,
            "std": 0.054784078150987625
        }
    },
    "noise_sensitivity": {
        "fgsm": {
            "mean": 0.03944101716534284,
            "std": 0.022647131234407425
        }
    },
    "hyper_parameter": {
        "dataset": "mnist",
        "hidden_dim": 200,
        "training_noise": 0.0,
        "test_noise": 0.2,
        "batch_size": 32,
        "learning_rate": 2e-05,
        "weight_decay": 0.0001,
        "epochs": 100,
        "created_on": "2025_09_10_17_53_03",
        "seed": 7578663,
        "subset": 10000,
        "sigma": 1.2,
        "neurons": 8,
        "orientation": [
            -1,
            1
        ],
        "activation": "tuning_curve",
        "stimulus": "RAND_NORMAL"
    }
}