{
    "network": "population",
    "avg_loss": 0.21565839188406244,
    "accuracy": 92.10000000000001,
    "sharpness_scores": {
        "layers.0.weight": 1.7357417949824594,
        "layers.0.bias": 0.06442221667384729,
        "layers.2.weight": 0.23770315101137385,
        "layers.2.bias": 0.00452132587088272
    },
    "activation_scores": {
        "layers.0": {
            "std": 0.6287290453910828,
            "mean": -0.2964338958263397
        },
        "layers.1": {
            "std": 0.7582505345344543,
            "mean": -0.3097095191478729
        },
        "layers.2": {
            "std": 4.074075222015381,
            "mean": 1.0465939044952393
        }
    },
    "ruby_scores": {
        "fsa_2": {
            "mean": 0.35733332112431526,
            "std": 0.06039073318243027
        },
        "fsa_inf": {
            "mean": 0.3677139151841402,
            "std": 0.10857067257165909
        },
        "fsd_2": {
            "mean": 0.4713380830362439,
            "std": 0.07031017541885376
        },
        "fsd_inf": {
            "mean": 0.8476859256625175,
            "std": 0.05818846821784973
        }
    },
    "noise_sensitivity": {
        "fgsm": {
            "mean": 0.030460302371518578,
            "std": 0.019532283768057823
        }
    },
    "hyper_parameter": {
        "dataset": "mnist",
        "hidden_dim": 200,
        "training_noise": 0.0,
        "test_noise": 0.2,
        "batch_size": 32,
        "learning_rate": 2e-05,
        "weight_decay": 0.0001,
        "epochs": 100,
        "created_on": "2025_09_10_17_53_03",
        "seed": 1693634,
        "subset": 10000,
        "sigma": 0.4,
        "neurons": 4,
        "orientation": [
            -2,
            2
        ],
        "activation": "tuning_curve",
        "stimulus": "LINEAR"
    }
}