{
    "network": "population",
    "avg_loss": 0.21861339907627553,
    "accuracy": 92.80000000000001,
    "sharpness_scores": {
        "layers.0.weight": 1.4040101618738845,
        "layers.0.bias": 0.06061154475901276,
        "layers.2.weight": 0.5100721648195758,
        "layers.2.bias": -0.0001649798359721899
    },
    "activation_scores": {
        "layers.0": {
            "std": 0.8680043816566467,
            "mean": 0.393407940864563
        },
        "layers.1": {
            "std": 0.9767735004425049,
            "mean": 0.37413397431373596
        },
        "layers.2": {
            "std": 4.178761959075928,
            "mean": -9.147011756896973
        }
    },
    "ruby_scores": {
        "fsa_2": {
            "mean": 0.3449902832508087,
            "std": 0.08202292770147324
        },
        "fsa_inf": {
            "mean": 0.350913155823946,
            "std": 0.11968529969453812
        },
        "fsd_2": {
            "mean": 0.4674182813614607,
            "std": 0.08052614331245422
        },
        "fsd_inf": {
            "mean": 0.8576481621712446,
            "std": 0.03815026581287384
        }
    },
    "noise_sensitivity": {
        "fgsm": {
            "mean": 0.029400573423051104,
            "std": 0.01764349453151226
        }
    },
    "hyper_parameter": {
        "dataset": "mnist",
        "hidden_dim": 200,
        "training_noise": 0.0,
        "test_noise": 0.2,
        "batch_size": 32,
        "learning_rate": 2e-05,
        "weight_decay": 0.0001,
        "epochs": 100,
        "created_on": "2025_09_10_17_53_03",
        "seed": 8437366,
        "subset": 10000,
        "sigma": 0.4,
        "neurons": 8,
        "orientation": [
            -3,
            3
        ],
        "activation": "tuning_curve",
        "stimulus": "RAND_UNIFORM"
    }
}