{
    "network": "population",
    "avg_loss": 0.27640747651457787,
    "accuracy": 91.2,
    "sharpness_scores": {
        "layers.0.weight": 0.7977321110665798,
        "layers.0.bias": 0.025381421903148293,
        "layers.2.weight": 0.3829090571962297,
        "layers.2.bias": 0.004629584029316902
    },
    "activation_scores": {
        "layers.0": {
            "std": 0.7958381772041321,
            "mean": 0.07949437201023102
        },
        "layers.1": {
            "std": 0.7883942127227783,
            "mean": 0.11677154898643494
        },
        "layers.2": {
            "std": 4.406215667724609,
            "mean": -3.274487018585205
        }
    },
    "ruby_scores": {
        "fsa_2": {
            "mean": 0.3333253972232342,
            "std": 0.06690047681331635
        },
        "fsa_inf": {
            "mean": 0.3360256478190422,
            "std": 0.11173389852046967
        },
        "fsd_2": {
            "mean": 0.4657898638397455,
            "std": 0.07296484708786011
        },
        "fsd_inf": {
            "mean": 0.8507214076817036,
            "std": 0.057792194187641144
        }
    },
    "noise_sensitivity": {
        "fgsm": {
            "mean": 0.030494084888124762,
            "std": 0.01776524819433689
        }
    },
    "hyper_parameter": {
        "dataset": "mnist",
        "hidden_dim": 200,
        "training_noise": 0.0,
        "test_noise": 0.2,
        "batch_size": 32,
        "learning_rate": 2e-05,
        "weight_decay": 0.0001,
        "epochs": 100,
        "created_on": "2025_09_10_17_53_03",
        "seed": 8771346,
        "subset": 10000,
        "sigma": 0.4,
        "neurons": 8,
        "orientation": [
            -2,
            2
        ],
        "activation": "tuning_curve",
        "stimulus": "LINEAR"
    }
}