{
    "network": "population",
    "avg_loss": 0.23511510237585753,
    "accuracy": 92.5,
    "sharpness_scores": {
        "layers.0.weight": 1.1757502324180678,
        "layers.0.bias": 0.030521224136464298,
        "layers.2.weight": 0.3784430568339303,
        "layers.2.bias": -0.0015960478922352195
    },
    "activation_scores": {
        "layers.0": {
            "std": 0.9016203284263611,
            "mean": 0.30326294898986816
        },
        "layers.1": {
            "std": 0.8086473941802979,
            "mean": 0.23691414296627045
        },
        "layers.2": {
            "std": 4.005527973175049,
            "mean": -8.68774700164795
        }
    },
    "ruby_scores": {
        "fsa_2": {
            "mean": 0.3505670502781868,
            "std": 0.08337484300136566
        },
        "fsa_inf": {
            "mean": 0.36170974746346474,
            "std": 0.11842101067304611
        },
        "fsd_2": {
            "mean": 0.4741752026602626,
            "std": 0.08646775037050247
        },
        "fsd_inf": {
            "mean": 0.8563540130853653,
            "std": 0.038123007863759995
        }
    },
    "noise_sensitivity": {
        "fgsm": {
            "mean": 0.0329262812766624,
            "std": 0.020449403673410416
        }
    },
    "hyper_parameter": {
        "dataset": "mnist",
        "hidden_dim": 200,
        "training_noise": 0.0,
        "test_noise": 0.2,
        "batch_size": 32,
        "learning_rate": 2e-05,
        "weight_decay": 0.0001,
        "epochs": 100,
        "created_on": "2025_09_10_17_53_03",
        "seed": 1654076,
        "subset": 10000,
        "sigma": 0.4,
        "neurons": 8,
        "orientation": [
            -4,
            4
        ],
        "activation": "tuning_curve",
        "stimulus": "RAND_NORMAL"
    }
}