{
    "network": "population",
    "avg_loss": 0.2205931117059663,
    "accuracy": 93.0,
    "sharpness_scores": {
        "layers.0.weight": 1.289581602322869,
        "layers.0.bias": 0.031070573371835053,
        "layers.2.weight": 0.20953236881177872,
        "layers.2.bias": 0.001605033059604466
    },
    "activation_scores": {
        "layers.0": {
            "std": 0.8350732326507568,
            "mean": 0.0017510750330984592
        },
        "layers.1": {
            "std": 0.6113947033882141,
            "mean": 0.19645845890045166
        },
        "layers.2": {
            "std": 3.6842432022094727,
            "mean": -6.4513936042785645
        }
    },
    "ruby_scores": {
        "fsa_2": {
            "mean": 0.3451031260192394,
            "std": 0.07585243880748749
        },
        "fsa_inf": {
            "mean": 0.3478048946708441,
            "std": 0.09588583558797836
        },
        "fsd_2": {
            "mean": 0.46270825434476137,
            "std": 0.07049825042486191
        },
        "fsd_inf": {
            "mean": 0.8429289627820253,
            "std": 0.06074469909071922
        }
    },
    "noise_sensitivity": {
        "fgsm": {
            "mean": 0.035134495477619584,
            "std": 0.024106493219733238
        }
    },
    "hyper_parameter": {
        "dataset": "mnist",
        "hidden_dim": 200,
        "training_noise": 0.0,
        "test_noise": 0.2,
        "batch_size": 32,
        "learning_rate": 2e-05,
        "weight_decay": 0.0001,
        "epochs": 100,
        "created_on": "2025_09_10_17_53_03",
        "seed": 6289468,
        "subset": 10000,
        "sigma": 0.4,
        "neurons": 4,
        "orientation": [
            -1,
            1
        ],
        "activation": "tuning_curve",
        "stimulus": "RAND_UNIFORM"
    }
}