{
    "network": "population",
    "avg_loss": 0.2385164659935981,
    "accuracy": 92.5,
    "sharpness_scores": {
        "layers.0.weight": 1.5329262565355748,
        "layers.0.bias": 0.04913181555457413,
        "layers.2.weight": 0.45451710536144674,
        "layers.2.bias": 0.006356239086017013
    },
    "activation_scores": {
        "layers.0": {
            "std": 0.8373643159866333,
            "mean": 0.14889828860759735
        },
        "layers.1": {
            "std": 0.9648600220680237,
            "mean": 0.13767486810684204
        },
        "layers.2": {
            "std": 4.157505512237549,
            "mean": -7.834914207458496
        }
    },
    "ruby_scores": {
        "fsa_2": {
            "mean": 0.34829004295170307,
            "std": 0.10774514079093933
        },
        "fsa_inf": {
            "mean": 0.3537498638033867,
            "std": 0.12354563921689987
        },
        "fsd_2": {
            "mean": 0.4774999124929309,
            "std": 0.08357025682926178
        },
        "fsd_inf": {
            "mean": 0.8519402835518122,
            "std": 0.036215487867593765
        }
    },
    "noise_sensitivity": {
        "fgsm": {
            "mean": 0.03075354714706427,
            "std": 0.020028743892908096
        }
    },
    "hyper_parameter": {
        "dataset": "mnist",
        "hidden_dim": 200,
        "training_noise": 0.0,
        "test_noise": 0.2,
        "batch_size": 32,
        "learning_rate": 2e-05,
        "weight_decay": 0.0001,
        "epochs": 100,
        "created_on": "2025_09_10_17_53_03",
        "seed": 9988619,
        "subset": 10000,
        "sigma": 0.4,
        "neurons": 8,
        "orientation": [
            -3,
            3
        ],
        "activation": "tuning_curve",
        "stimulus": "RAND_UNIFORM"
    }
}