{
    "network": "population",
    "avg_loss": 0.20673829223960638,
    "accuracy": 93.30000000000001,
    "sharpness_scores": {
        "layers.0.weight": 1.5696255499497056,
        "layers.0.bias": 0.04618415329605341,
        "layers.2.weight": 0.47923594200983644,
        "layers.2.bias": 8.476339280605316e-05
    },
    "activation_scores": {
        "layers.0": {
            "std": 0.8785626292228699,
            "mean": -0.04193572700023651
        },
        "layers.1": {
            "std": 0.9316405653953552,
            "mean": 0.21867148578166962
        },
        "layers.2": {
            "std": 3.9536192417144775,
            "mean": -9.564885139465332
        }
    },
    "ruby_scores": {
        "fsa_2": {
            "mean": 0.35344957187771797,
            "std": 0.0862349271774292
        },
        "fsa_inf": {
            "mean": 0.3599356357008219,
            "std": 0.11506766080856323
        },
        "fsd_2": {
            "mean": 0.46839519310742617,
            "std": 0.06393464654684067
        },
        "fsd_inf": {
            "mean": 0.8459741771221161,
            "std": 0.059481631964445114
        }
    },
    "noise_sensitivity": {
        "fgsm": {
            "mean": 0.030310108409779952,
            "std": 0.01973712630569935
        }
    },
    "hyper_parameter": {
        "dataset": "mnist",
        "hidden_dim": 200,
        "training_noise": 0.0,
        "test_noise": 0.2,
        "batch_size": 32,
        "learning_rate": 2e-05,
        "weight_decay": 0.0001,
        "epochs": 100,
        "created_on": "2025_09_10_17_53_03",
        "seed": 5250612,
        "subset": 10000,
        "sigma": 0.4,
        "neurons": 4,
        "orientation": [
            -2,
            2
        ],
        "activation": "tuning_curve",
        "stimulus": "RAND_UNIFORM"
    }
}