{
    "network": "population",
    "avg_loss": 0.22827583190519363,
    "accuracy": 92.9,
    "sharpness_scores": {
        "layers.0.weight": 1.3308777807978913,
        "layers.0.bias": 0.03957259806338698,
        "layers.2.weight": 0.3881467132596299,
        "layers.2.bias": -0.0019098421325907111
    },
    "activation_scores": {
        "layers.0": {
            "std": 0.8775866031646729,
            "mean": -0.018661703914403915
        },
        "layers.1": {
            "std": 0.8330641388893127,
            "mean": -0.15097400546073914
        },
        "layers.2": {
            "std": 3.867288589477539,
            "mean": -10.13110637664795
        }
    },
    "ruby_scores": {
        "fsa_2": {
            "mean": 0.34526894986629486,
            "std": 0.08128856867551804
        },
        "fsa_inf": {
            "mean": 0.34717466682195663,
            "std": 0.10372171550989151
        },
        "fsd_2": {
            "mean": 0.45666527189314365,
            "std": 0.0667772963643074
        },
        "fsd_inf": {
            "mean": 0.8434240464121103,
            "std": 0.05787862464785576
        }
    },
    "noise_sensitivity": {
        "fgsm": {
            "mean": 0.03331426606204267,
            "std": 0.02223236858844757
        }
    },
    "hyper_parameter": {
        "dataset": "mnist",
        "hidden_dim": 200,
        "training_noise": 0.0,
        "test_noise": 0.2,
        "batch_size": 32,
        "learning_rate": 2e-05,
        "weight_decay": 0.0001,
        "epochs": 100,
        "created_on": "2025_09_10_17_53_03",
        "seed": 9237637,
        "subset": 10000,
        "sigma": 0.4,
        "neurons": 4,
        "orientation": [
            -2,
            2
        ],
        "activation": "tuning_curve",
        "stimulus": "RAND_NORMAL"
    }
}