{
    "network": "population",
    "avg_loss": 0.20254167582606897,
    "accuracy": 93.7,
    "sharpness_scores": {
        "layers.0.weight": 2.1982432525255717,
        "layers.0.bias": 0.09006879880325869,
        "layers.2.weight": 0.2762102755368687,
        "layers.2.bias": 6.739888340234756e-05
    },
    "activation_scores": {
        "layers.0": {
            "std": 0.6047933101654053,
            "mean": 0.13122643530368805
        },
        "layers.1": {
            "std": 0.9778165817260742,
            "mean": 0.13281182944774628
        },
        "layers.2": {
            "std": 4.207845211029053,
            "mean": 1.6254091262817383
        }
    },
    "ruby_scores": {
        "fsa_2": {
            "mean": 0.3430265262722969,
            "std": 0.09747679531574249
        },
        "fsa_inf": {
            "mean": 0.3390060532838106,
            "std": 0.10632439702749252
        },
        "fsd_2": {
            "mean": 0.4663282558321953,
            "std": 0.08130836486816406
        },
        "fsd_inf": {
            "mean": 0.8525818008929491,
            "std": 0.03563213720917702
        }
    },
    "noise_sensitivity": {
        "fgsm": {
            "mean": 0.027552185679427528,
            "std": 0.017154840752482414
        }
    },
    "hyper_parameter": {
        "dataset": "mnist",
        "hidden_dim": 200,
        "training_noise": 0.0,
        "test_noise": 0.2,
        "batch_size": 32,
        "learning_rate": 2e-05,
        "weight_decay": 0.0001,
        "epochs": 100,
        "created_on": "2025_09_10_17_53_03",
        "seed": 6230816,
        "subset": 10000,
        "sigma": 0.4,
        "neurons": 4,
        "orientation": [
            -3,
            3
        ],
        "activation": "tuning_curve",
        "stimulus": "LINEAR"
    }
}