{
    "network": "population",
    "avg_loss": 0.2759519349783659,
    "accuracy": 91.2,
    "sharpness_scores": {
        "layers.0.weight": 0.39584977366030216,
        "layers.0.bias": 0.0066648663487285376,
        "layers.2.weight": 0.18428783863782883,
        "layers.2.bias": 0.0064007408218458295
    },
    "activation_scores": {
        "layers.0": {
            "std": 1.0981560945510864,
            "mean": 0.7772771716117859
        },
        "layers.1": {
            "std": 0.5927541255950928,
            "mean": 0.4221867620944977
        },
        "layers.2": {
            "std": 4.1492109298706055,
            "mean": -2.734224796295166
        }
    },
    "ruby_scores": {
        "fsa_2": {
            "mean": 0.3363410159945488,
            "std": 0.06756678223609924
        },
        "fsa_inf": {
            "mean": 0.33755291625857353,
            "std": 0.10796311497688293
        },
        "fsd_2": {
            "mean": 0.4667198210954666,
            "std": 0.07524377852678299
        },
        "fsd_inf": {
            "mean": 0.8488146476447582,
            "std": 0.05587644502520561
        }
    },
    "noise_sensitivity": {
        "fgsm": {
            "mean": 0.036144184418158705,
            "std": 0.020733730867505074
        }
    },
    "hyper_parameter": {
        "dataset": "mnist",
        "hidden_dim": 200,
        "training_noise": 0.0,
        "test_noise": 0.2,
        "batch_size": 32,
        "learning_rate": 2e-05,
        "weight_decay": 0.0001,
        "epochs": 100,
        "created_on": "2025_09_10_17_53_03",
        "seed": 3918014,
        "subset": 10000,
        "sigma": 0.8,
        "neurons": 8,
        "orientation": [
            -1,
            1
        ],
        "activation": "tuning_curve",
        "stimulus": "LINEAR"
    }
}