{
    "network": "population",
    "avg_loss": 0.22680984472390264,
    "accuracy": 92.9,
    "sharpness_scores": {
        "layers.0.weight": 1.2659556024009362,
        "layers.0.bias": 0.03346854366827756,
        "layers.2.weight": 0.4864795064786449,
        "layers.2.bias": 0.0024988268269225955
    },
    "activation_scores": {
        "layers.0": {
            "std": 0.7293425798416138,
            "mean": 0.16016250848770142
        },
        "layers.1": {
            "std": 1.0813941955566406,
            "mean": 0.12039223313331604
        },
        "layers.2": {
            "std": 4.523997783660889,
            "mean": 3.0451531410217285
        }
    },
    "ruby_scores": {
        "fsa_2": {
            "mean": 0.3498155567795038,
            "std": 0.06222072243690491
        },
        "fsa_inf": {
            "mean": 0.35686239413917065,
            "std": 0.10170689970254898
        },
        "fsd_2": {
            "mean": 0.46780211478471756,
            "std": 0.06624995917081833
        },
        "fsd_inf": {
            "mean": 0.8445634488016367,
            "std": 0.062286026775836945
        }
    },
    "noise_sensitivity": {
        "fgsm": {
            "mean": 0.027704215000113632,
            "std": 0.016279932111501694
        }
    },
    "hyper_parameter": {
        "dataset": "mnist",
        "hidden_dim": 200,
        "training_noise": 0.0,
        "test_noise": 0.2,
        "batch_size": 32,
        "learning_rate": 2e-05,
        "weight_decay": 0.0001,
        "epochs": 100,
        "created_on": "2025_09_10_17_53_03",
        "seed": 7080526,
        "subset": 10000,
        "sigma": 0.8,
        "neurons": 4,
        "orientation": [
            -4,
            4
        ],
        "activation": "tuning_curve",
        "stimulus": "LINEAR"
    }
}