{
    "network": "linear",
    "avg_loss": 0.3135187462903559,
    "accuracy": 90.8,
    "sharpness_scores": {
        "layers.0.weight": 0.5351894400082529,
        "layers.0.bias": 0.008769416250288486,
        "layers.2.weight": 1.039171242620796,
        "layers.2.bias": 0.0024825388099998236
    },
    "activation_scores": {
        "layers.0": {
            "std": 0.9628006219863892,
            "mean": 12.993485450744629
        },
        "layers.1": {
            "std": 0.8067401647567749,
            "mean": 14.423129081726074
        },
        "layers.2": {
            "std": 3.741281270980835,
            "mean": -33.21329879760742
        }
    },
    "ruby_scores": {
        "fsa_2": {
            "mean": 0.33332076109945774,
            "std": 0.06540597975254059
        },
        "fsa_inf": {
            "mean": 0.33536006323993206,
            "std": 0.08263024687767029
        },
        "fsd_2": {
            "mean": 0.46062894258648157,
            "std": 0.06392008066177368
        },
        "fsd_inf": {
            "mean": 0.8500674925744534,
            "std": 0.05824805796146393
        }
    },
    "noise_sensitivity": {
        "fgsm": {
            "mean": 0.04538844675111418,
            "std": 0.024796616286039352
        }
    },
    "hyper_parameter": {
        "dataset": "mnist",
        "hidden_dim": 200,
        "training_noise": 0.0,
        "test_noise": 0.2,
        "batch_size": 32,
        "learning_rate": 1e-05,
        "weight_decay": 0.0001,
        "epochs": 100,
        "created_on": "2025_09_10_17_53_03",
        "seed": 1473421,
        "subset": 10000
    }
}