{
    "network": "population",
    "avg_loss": 0.3167953493539244,
    "accuracy": 90.10000000000001,
    "sharpness_scores": {
        "layers.0.weight": 0.560343120014295,
        "layers.0.bias": 0.005228488007560372,
        "layers.2.weight": 0.42449473193846643,
        "layers.2.bias": 0.003828647779300809
    },
    "activation_scores": {
        "layers.0": {
            "std": 0.8667079210281372,
            "mean": 0.40412211418151855
        },
        "layers.1": {
            "std": 0.8595463037490845,
            "mean": 0.48258352279663086
        },
        "layers.2": {
            "std": 4.878601551055908,
            "mean": -1.92257821559906
        }
    },
    "ruby_scores": {
        "fsa_2": {
            "mean": 0.33544405922293663,
            "std": 0.07215304672718048
        },
        "fsa_inf": {
            "mean": 0.3404445741325617,
            "std": 0.1061265841126442
        },
        "fsd_2": {
            "mean": 0.47194745764136314,
            "std": 0.0758494958281517
        },
        "fsd_inf": {
            "mean": 0.8507291208952665,
            "std": 0.05656614899635315
        }
    },
    "noise_sensitivity": {
        "fgsm": {
            "mean": 0.02882335682635018,
            "std": 0.016080418601632118
        }
    },
    "hyper_parameter": {
        "dataset": "mnist",
        "hidden_dim": 200,
        "training_noise": 0.0,
        "test_noise": 0.2,
        "batch_size": 32,
        "learning_rate": 2e-05,
        "weight_decay": 0.0001,
        "epochs": 100,
        "created_on": "2025_09_10_17_53_03",
        "seed": 6166193,
        "subset": 10000,
        "sigma": 1.2,
        "neurons": 8,
        "orientation": [
            -3,
            3
        ],
        "activation": "tuning_curve",
        "stimulus": "LINEAR"
    }
}