{
    "network": "population",
    "avg_loss": 0.29755014181137085,
    "accuracy": 90.7,
    "sharpness_scores": {
        "layers.0.weight": 0.19940450182184577,
        "layers.0.bias": 0.0017189972568303347,
        "layers.2.weight": 0.14740814873948693,
        "layers.2.bias": 0.0016142651438713074
    },
    "activation_scores": {
        "layers.0": {
            "std": 1.72096848487854,
            "mean": -0.8044330477714539
        },
        "layers.1": {
            "std": 0.5205261707305908,
            "mean": -0.25810739398002625
        },
        "layers.2": {
            "std": 3.8549890518188477,
            "mean": -3.6324048042297363
        }
    },
    "ruby_scores": {
        "fsa_2": {
            "mean": 0.32818837091326714,
            "std": 0.06357952952384949
        },
        "fsa_inf": {
            "mean": 0.3326509017497301,
            "std": 0.08908602595329285
        },
        "fsd_2": {
            "mean": 0.46443371940404177,
            "std": 0.07436099648475647
        },
        "fsd_inf": {
            "mean": 0.848761148750782,
            "std": 0.05537538602948189
        }
    },
    "noise_sensitivity": {
        "fgsm": {
            "mean": 0.04194606583944882,
            "std": 0.024812929332256317
        }
    },
    "hyper_parameter": {
        "dataset": "mnist",
        "hidden_dim": 200,
        "training_noise": 0.0,
        "test_noise": 0.2,
        "batch_size": 32,
        "learning_rate": 2e-05,
        "weight_decay": 0.0001,
        "epochs": 100,
        "created_on": "2025_09_10_17_53_03",
        "seed": 4857531,
        "subset": 10000,
        "sigma": 1.2,
        "neurons": 8,
        "orientation": [
            -1,
            1
        ],
        "activation": "tuning_curve",
        "stimulus": "RAND_UNIFORM"
    }
}