{
    "network": "population",
    "avg_loss": 0.28115149680525064,
    "accuracy": 90.8,
    "sharpness_scores": {
        "layers.0.weight": 0.41817173268646,
        "layers.0.bias": -0.00010593142360448837,
        "layers.2.weight": 0.20319748995825648,
        "layers.2.bias": 0.0028054608264937997
    },
    "activation_scores": {
        "layers.0": {
            "std": 1.1143828630447388,
            "mean": -0.6541348099708557
        },
        "layers.1": {
            "std": 0.5926708579063416,
            "mean": -0.26979127526283264
        },
        "layers.2": {
            "std": 4.111913204193115,
            "mean": -2.1583681106567383
        }
    },
    "ruby_scores": {
        "fsa_2": {
            "mean": 0.32781975343823433,
            "std": 0.06893555819988251
        },
        "fsa_inf": {
            "mean": 0.3316287137567997,
            "std": 0.10911836475133896
        },
        "fsd_2": {
            "mean": 0.4657314047217369,
            "std": 0.07748045027256012
        },
        "fsd_inf": {
            "mean": 0.8478307332843542,
            "std": 0.05605599284172058
        }
    },
    "noise_sensitivity": {
        "fgsm": {
            "mean": 0.03575659067574295,
            "std": 0.020752213895320892
        }
    },
    "hyper_parameter": {
        "dataset": "mnist",
        "hidden_dim": 200,
        "training_noise": 0.0,
        "test_noise": 0.2,
        "batch_size": 32,
        "learning_rate": 2e-05,
        "weight_decay": 0.0001,
        "epochs": 100,
        "created_on": "2025_09_10_17_53_03",
        "seed": 3924832,
        "subset": 10000,
        "sigma": 0.8,
        "neurons": 8,
        "orientation": [
            -1,
            1
        ],
        "activation": "tuning_curve",
        "stimulus": "LINEAR"
    }
}