{
    "network": "population",
    "avg_loss": 0.24609315488487482,
    "accuracy": 92.7,
    "sharpness_scores": {
        "layers.0.weight": 1.0990740386769176,
        "layers.0.bias": 0.02647001901641488,
        "layers.2.weight": 0.95260124001652,
        "layers.2.bias": 0.0017340258928015828
    },
    "activation_scores": {
        "layers.0": {
            "std": 1.0229358673095703,
            "mean": -0.12904717028141022
        },
        "layers.1": {
            "std": 1.2377572059631348,
            "mean": -0.507656455039978
        },
        "layers.2": {
            "std": 4.534418106079102,
            "mean": -11.758386611938477
        }
    },
    "ruby_scores": {
        "fsa_2": {
            "mean": 0.3453729525208473,
            "std": 0.0727611631155014
        },
        "fsa_inf": {
            "mean": 0.3517644237726927,
            "std": 0.107994943857193
        },
        "fsd_2": {
            "mean": 0.4692825488746166,
            "std": 0.0663493201136589
        },
        "fsd_inf": {
            "mean": 0.844946751371026,
            "std": 0.05847503989934921
        }
    },
    "noise_sensitivity": {
        "fgsm": {
            "mean": 0.029245653333848615,
            "std": 0.01683366298675537
        }
    },
    "hyper_parameter": {
        "dataset": "mnist",
        "hidden_dim": 200,
        "training_noise": 0.0,
        "test_noise": 0.2,
        "batch_size": 32,
        "learning_rate": 2e-05,
        "weight_decay": 0.0001,
        "epochs": 100,
        "created_on": "2025_09_10_17_53_03",
        "seed": 3585659,
        "subset": 10000,
        "sigma": 0.8,
        "neurons": 8,
        "orientation": [
            -4,
            4
        ],
        "activation": "tuning_curve",
        "stimulus": "RAND_UNIFORM"
    }
}