{
    "network": "linear",
    "avg_loss": 0.47560044890269637,
    "accuracy": 84.2,
    "sharpness_scores": {
        "layers.0.weight": 0.4528924166224897,
        "layers.0.bias": 0.009372822474688292,
        "layers.2.weight": 1.2149835382588208,
        "layers.2.bias": 0.013238241896033287
    },
    "activation_scores": {
        "layers.0": {
            "std": 0.9749616384506226,
            "mean": 10.170220375061035
        },
        "layers.1": {
            "std": 0.7878628373146057,
            "mean": 12.247756958007812
        },
        "layers.2": {
            "std": 3.876878261566162,
            "mean": -20.015708923339844
        }
    },
    "ruby_scores": {
        "fsa_2": {
            "mean": 0.35429460369050503,
            "std": 0.06822992116212845
        },
        "fsa_inf": {
            "mean": 0.3637849297374487,
            "std": 0.14246535301208496
        },
        "fsd_2": {
            "mean": 0.4654520498588681,
            "std": 0.07028403878211975
        },
        "fsd_inf": {
            "mean": 0.8475180445238948,
            "std": 0.08570518344640732
        }
    },
    "noise_sensitivity": {
        "fgsm": {
            "mean": 0.05815080164458103,
            "std": 0.0368017740547657
        }
    },
    "hyper_parameter": {
        "dataset": "mnist",
        "hidden_dim": 200,
        "training_noise": 0.3,
        "test_noise": 0.2,
        "batch_size": 32,
        "learning_rate": 1e-05,
        "weight_decay": 0.0001,
        "epochs": 100,
        "created_on": "2025_09_10_17_53_03",
        "seed": 6022843,
        "subset": 10000
    }
}