{
    "network": "population",
    "avg_loss": 0.2815644908696413,
    "accuracy": 91.0,
    "sharpness_scores": {
        "layers.0.weight": 0.41170697193592787,
        "layers.0.bias": 0.007830222137272358,
        "layers.2.weight": 0.4054674608632922,
        "layers.2.bias": 0.0032041361555457115
    },
    "activation_scores": {
        "layers.0": {
            "std": 1.4293968677520752,
            "mean": 1.867102026939392
        },
        "layers.1": {
            "std": 0.8179677128791809,
            "mean": 1.565926194190979
        },
        "layers.2": {
            "std": 4.018887996673584,
            "mean": -12.835382461547852
        }
    },
    "ruby_scores": {
        "fsa_2": {
            "mean": 0.33622048422694206,
            "std": 0.07562031596899033
        },
        "fsa_inf": {
            "mean": 0.3410862013697624,
            "std": 0.10825561732053757
        },
        "fsd_2": {
            "mean": 0.4722684361040592,
            "std": 0.07183270901441574
        },
        "fsd_inf": {
            "mean": 0.8521598745137453,
            "std": 0.05651859566569328
        }
    },
    "noise_sensitivity": {
        "fgsm": {
            "mean": 0.03859142233098752,
            "std": 0.022611258551478386
        }
    },
    "hyper_parameter": {
        "dataset": "mnist",
        "hidden_dim": 200,
        "training_noise": 0.0,
        "test_noise": 0.2,
        "batch_size": 32,
        "learning_rate": 2e-05,
        "weight_decay": 0.0001,
        "epochs": 100,
        "created_on": "2025_09_10_17_53_03",
        "seed": 9435010,
        "subset": 10000,
        "sigma": 1.2,
        "neurons": 4,
        "orientation": [
            -2,
            2
        ],
        "activation": "tuning_curve",
        "stimulus": "RAND_NORMAL"
    }
}