{
    "network": "population",
    "avg_loss": 0.2349773998139426,
    "accuracy": 93.30000000000001,
    "sharpness_scores": {
        "layers.0.weight": 1.0474766494007781,
        "layers.0.bias": 0.03661526890937239,
        "layers.2.weight": 0.26534571044612676,
        "layers.2.bias": 0.007901611854322255
    },
    "activation_scores": {
        "layers.0": {
            "std": 0.9106012582778931,
            "mean": -0.3860922157764435
        },
        "layers.1": {
            "std": 0.7889308333396912,
            "mean": -0.29479146003723145
        },
        "layers.2": {
            "std": 4.086322784423828,
            "mean": -11.23050308227539
        }
    },
    "ruby_scores": {
        "fsa_2": {
            "mean": 0.35330031998455524,
            "std": 0.08680550009012222
        },
        "fsa_inf": {
            "mean": 0.3600248359143734,
            "std": 0.11202393472194672
        },
        "fsd_2": {
            "mean": 0.4676195280626416,
            "std": 0.08491206169128418
        },
        "fsd_inf": {
            "mean": 0.8538854010403156,
            "std": 0.038236577063798904
        }
    },
    "noise_sensitivity": {
        "fgsm": {
            "mean": 0.03342465223665404,
            "std": 0.021731579676270485
        }
    },
    "hyper_parameter": {
        "dataset": "mnist",
        "hidden_dim": 200,
        "training_noise": 0.0,
        "test_noise": 0.2,
        "batch_size": 32,
        "learning_rate": 2e-05,
        "weight_decay": 0.0001,
        "epochs": 100,
        "created_on": "2025_09_10_17_53_03",
        "seed": 1233591,
        "subset": 10000,
        "sigma": 0.4,
        "neurons": 8,
        "orientation": [
            -3,
            3
        ],
        "activation": "tuning_curve",
        "stimulus": "RAND_NORMAL"
    }
}