{
    "network": "population",
    "avg_loss": 0.28620562772266567,
    "accuracy": 91.0,
    "sharpness_scores": {
        "layers.0.weight": 0.8511527732480317,
        "layers.0.bias": 0.01731086801737547,
        "layers.2.weight": 0.34843689226545393,
        "layers.2.bias": 0.004626819514669478
    },
    "activation_scores": {
        "layers.0": {
            "std": 0.7843443155288696,
            "mean": -0.11342796683311462
        },
        "layers.1": {
            "std": 0.7840391993522644,
            "mean": -0.1343986541032791
        },
        "layers.2": {
            "std": 4.407468318939209,
            "mean": -3.2504124641418457
        }
    },
    "ruby_scores": {
        "fsa_2": {
            "mean": 0.3298211544752121,
            "std": 0.07115653902292252
        },
        "fsa_inf": {
            "mean": 0.341908847913146,
            "std": 0.11617977917194366
        },
        "fsd_2": {
            "mean": 0.4642516179010272,
            "std": 0.07308423519134521
        },
        "fsd_inf": {
            "mean": 0.8480060268193483,
            "std": 0.058252621442079544
        }
    },
    "noise_sensitivity": {
        "fgsm": {
            "mean": 0.02996377490539549,
            "std": 0.01771671324968338
        }
    },
    "hyper_parameter": {
        "dataset": "mnist",
        "hidden_dim": 200,
        "training_noise": 0.0,
        "test_noise": 0.2,
        "batch_size": 32,
        "learning_rate": 2e-05,
        "weight_decay": 0.0001,
        "epochs": 100,
        "created_on": "2025_09_10_17_53_03",
        "seed": 5484057,
        "subset": 10000,
        "sigma": 0.4,
        "neurons": 8,
        "orientation": [
            -2,
            2
        ],
        "activation": "tuning_curve",
        "stimulus": "LINEAR"
    }
}