{
    "network": "population",
    "avg_loss": 0.2328594714635983,
    "accuracy": 92.80000000000001,
    "sharpness_scores": {
        "layers.0.weight": 1.5882664680248126,
        "layers.0.bias": 0.05611053865868598,
        "layers.2.weight": 0.20767753559630364,
        "layers.2.bias": 0.008204319863580167
    },
    "activation_scores": {
        "layers.0": {
            "std": 0.6322826743125916,
            "mean": 0.1933593899011612
        },
        "layers.1": {
            "std": 0.8002731800079346,
            "mean": 0.2946658134460449
        },
        "layers.2": {
            "std": 4.234429359436035,
            "mean": -0.6192209124565125
        }
    },
    "ruby_scores": {
        "fsa_2": {
            "mean": 0.34178426302969456,
            "std": 0.06754528731107712
        },
        "fsa_inf": {
            "mean": 0.3437616787850857,
            "std": 0.08400151133537292
        },
        "fsd_2": {
            "mean": 0.4639696190133691,
            "std": 0.06336729228496552
        },
        "fsd_inf": {
            "mean": 0.8488363213837147,
            "std": 0.06041862070560455
        }
    },
    "noise_sensitivity": {
        "fgsm": {
            "mean": 0.028406462166724943,
            "std": 0.01800747588276863
        }
    },
    "hyper_parameter": {
        "dataset": "mnist",
        "hidden_dim": 200,
        "training_noise": 0.0,
        "test_noise": 0.2,
        "batch_size": 32,
        "learning_rate": 2e-05,
        "weight_decay": 0.0001,
        "epochs": 100,
        "created_on": "2025_09_10_17_53_03",
        "seed": 8305851,
        "subset": 10000,
        "sigma": 0.4,
        "neurons": 8,
        "orientation": [
            -4,
            4
        ],
        "activation": "tuning_curve",
        "stimulus": "LINEAR"
    }
}