{
    "network": "population",
    "avg_loss": 0.2181369255995378,
    "accuracy": 93.60000000000001,
    "sharpness_scores": {
        "layers.0.weight": 1.507741041132249,
        "layers.0.bias": 0.04740990430582315,
        "layers.2.weight": 1.4034152809763327,
        "layers.2.bias": 0.0013439435278996825
    },
    "activation_scores": {
        "layers.0": {
            "std": 1.1025110483169556,
            "mean": -0.6764190196990967
        },
        "layers.1": {
            "std": 1.4637755155563354,
            "mean": -0.6792385578155518
        },
        "layers.2": {
            "std": 4.348878860473633,
            "mean": -6.895119667053223
        }
    },
    "ruby_scores": {
        "fsa_2": {
            "mean": 0.3349491562694311,
            "std": 0.0853235051035881
        },
        "fsa_inf": {
            "mean": 0.34617249108850956,
            "std": 0.11864152550697327
        },
        "fsd_2": {
            "mean": 0.46283022221177816,
            "std": 0.08169391006231308
        },
        "fsd_inf": {
            "mean": 0.8580897189676762,
            "std": 0.03471177816390991
        }
    },
    "noise_sensitivity": {
        "fgsm": {
            "mean": 0.02957545814008407,
            "std": 0.017440730705857277
        }
    },
    "hyper_parameter": {
        "dataset": "mnist",
        "hidden_dim": 200,
        "training_noise": 0.0,
        "test_noise": 0.2,
        "batch_size": 32,
        "learning_rate": 2e-05,
        "weight_decay": 0.0001,
        "epochs": 100,
        "created_on": "2025_09_10_17_53_03",
        "seed": 6821516,
        "subset": 10000,
        "sigma": 0.8,
        "neurons": 4,
        "orientation": [
            -4,
            4
        ],
        "activation": "tuning_curve",
        "stimulus": "RAND_UNIFORM"
    }
}