{
    "network": "population",
    "avg_loss": 0.26712465728633106,
    "accuracy": 91.4,
    "sharpness_scores": {
        "layers.0.weight": 0.5490235679317266,
        "layers.0.bias": 0.007565747480839491,
        "layers.2.weight": 0.4484776291064918,
        "layers.2.bias": 0.0030276429606601596
    },
    "activation_scores": {
        "layers.0": {
            "std": 1.2163735628128052,
            "mean": -0.2037528157234192
        },
        "layers.1": {
            "std": 0.8672479391098022,
            "mean": 0.07114779949188232
        },
        "layers.2": {
            "std": 4.199810028076172,
            "mean": -10.216629981994629
        }
    },
    "ruby_scores": {
        "fsa_2": {
            "mean": 0.3313309792429209,
            "std": 0.06381972134113312
        },
        "fsa_inf": {
            "mean": 0.331172700971365,
            "std": 0.10746720433235168
        },
        "fsd_2": {
            "mean": 0.4625187339261174,
            "std": 0.07703611999750137
        },
        "fsd_inf": {
            "mean": 0.8450582940131426,
            "std": 0.055667851120233536
        }
    },
    "noise_sensitivity": {
        "fgsm": {
            "mean": 0.03500645882142448,
            "std": 0.020589470863342285
        }
    },
    "hyper_parameter": {
        "dataset": "mnist",
        "hidden_dim": 200,
        "training_noise": 0.0,
        "test_noise": 0.2,
        "batch_size": 32,
        "learning_rate": 2e-05,
        "weight_decay": 0.0001,
        "epochs": 100,
        "created_on": "2025_09_10_17_53_03",
        "seed": 1658225,
        "subset": 10000,
        "sigma": 0.8,
        "neurons": 8,
        "orientation": [
            -4,
            4
        ],
        "activation": "tuning_curve",
        "stimulus": "RAND_NORMAL"
    }
}