{
    "network": "population",
    "avg_loss": 0.27897024736739695,
    "accuracy": 91.0,
    "sharpness_scores": {
        "layers.0.weight": 0.7111938416492194,
        "layers.0.bias": 0.00588135770522058,
        "layers.2.weight": 0.40562077914364636,
        "layers.2.bias": 0.0016845297068357468
    },
    "activation_scores": {
        "layers.0": {
            "std": 0.8261783719062805,
            "mean": 0.30682018399238586
        },
        "layers.1": {
            "std": 0.8700718283653259,
            "mean": 0.5159764885902405
        },
        "layers.2": {
            "std": 4.584662914276123,
            "mean": -0.5601291656494141
        }
    },
    "ruby_scores": {
        "fsa_2": {
            "mean": 0.3324234690517187,
            "std": 0.06828555464744568
        },
        "fsa_inf": {
            "mean": 0.3400408234447241,
            "std": 0.1135929524898529
        },
        "fsd_2": {
            "mean": 0.46463270019739866,
            "std": 0.07292188704013824
        },
        "fsd_inf": {
            "mean": 0.8474628459662199,
            "std": 0.05921671539545059
        }
    },
    "noise_sensitivity": {
        "fgsm": {
            "mean": 0.029091359145176892,
            "std": 0.016985945403575897
        }
    },
    "hyper_parameter": {
        "dataset": "mnist",
        "hidden_dim": 200,
        "training_noise": 0.0,
        "test_noise": 0.2,
        "batch_size": 32,
        "learning_rate": 2e-05,
        "weight_decay": 0.0001,
        "epochs": 100,
        "created_on": "2025_09_10_17_53_03",
        "seed": 4405204,
        "subset": 10000,
        "sigma": 0.8,
        "neurons": 4,
        "orientation": [
            -2,
            2
        ],
        "activation": "tuning_curve",
        "stimulus": "LINEAR"
    }
}