{
    "network": "population",
    "avg_loss": 0.291597125120461,
    "accuracy": 90.9,
    "sharpness_scores": {
        "layers.0.weight": 0.3271654201671481,
        "layers.0.bias": 0.004988113883882761,
        "layers.2.weight": 0.4319072924554348,
        "layers.2.bias": 0.005988480290398002
    },
    "activation_scores": {
        "layers.0": {
            "std": 1.5100853443145752,
            "mean": -2.104323625564575
        },
        "layers.1": {
            "std": 0.8282822370529175,
            "mean": -0.6308093070983887
        },
        "layers.2": {
            "std": 4.133116245269775,
            "mean": -10.6516752243042
        }
    },
    "ruby_scores": {
        "fsa_2": {
            "mean": 0.33691016770899296,
            "std": 0.07004987448453903
        },
        "fsa_inf": {
            "mean": 0.3462182618677616,
            "std": 0.10590345412492752
        },
        "fsd_2": {
            "mean": 0.4663526229560375,
            "std": 0.07527106255292892
        },
        "fsd_inf": {
            "mean": 0.8469229880720377,
            "std": 0.05595974624156952
        }
    },
    "noise_sensitivity": {
        "fgsm": {
            "mean": 0.03710347421342308,
            "std": 0.02104022540152073
        }
    },
    "hyper_parameter": {
        "dataset": "mnist",
        "hidden_dim": 200,
        "training_noise": 0.0,
        "test_noise": 0.2,
        "batch_size": 32,
        "learning_rate": 2e-05,
        "weight_decay": 0.0001,
        "epochs": 100,
        "created_on": "2025_09_10_17_53_03",
        "seed": 8480546,
        "subset": 10000,
        "sigma": 1.2,
        "neurons": 8,
        "orientation": [
            -2,
            2
        ],
        "activation": "tuning_curve",
        "stimulus": "RAND_NORMAL"
    }
}