{
    "network": "population",
    "avg_loss": 0.23032678081654012,
    "accuracy": 92.5,
    "sharpness_scores": {
        "layers.0.weight": 1.3692740222904831,
        "layers.0.bias": 0.015805184608325362,
        "layers.2.weight": 0.34632007661275566,
        "layers.2.bias": 0.0027884304290637374
    },
    "activation_scores": {
        "layers.0": {
            "std": 0.8891952633857727,
            "mean": -0.46484267711639404
        },
        "layers.1": {
            "std": 0.8259993195533752,
            "mean": -0.4287063181400299
        },
        "layers.2": {
            "std": 3.836249828338623,
            "mean": -10.025978088378906
        }
    },
    "ruby_scores": {
        "fsa_2": {
            "mean": 0.35146839544177055,
            "std": 0.09412314742803574
        },
        "fsa_inf": {
            "mean": 0.3516895677894354,
            "std": 0.1065271869301796
        },
        "fsd_2": {
            "mean": 0.46915612928569317,
            "std": 0.06823848187923431
        },
        "fsd_inf": {
            "mean": 0.8506094347685575,
            "std": 0.05980049818754196
        }
    },
    "noise_sensitivity": {
        "fgsm": {
            "mean": 0.032634734011489606,
            "std": 0.021911170333623886
        }
    },
    "hyper_parameter": {
        "dataset": "mnist",
        "hidden_dim": 200,
        "training_noise": 0.0,
        "test_noise": 0.2,
        "batch_size": 32,
        "learning_rate": 2e-05,
        "weight_decay": 0.0001,
        "epochs": 100,
        "created_on": "2025_09_10_17_53_03",
        "seed": 5649698,
        "subset": 10000,
        "sigma": 0.4,
        "neurons": 4,
        "orientation": [
            -3,
            3
        ],
        "activation": "tuning_curve",
        "stimulus": "RAND_NORMAL"
    }
}