{
    "network": "population",
    "avg_loss": 0.3228133819065988,
    "accuracy": 90.10000000000001,
    "sharpness_scores": {
        "layers.0.weight": 0.6836483138613403,
        "layers.0.bias": 0.010312817990779877,
        "layers.2.weight": 0.42365790298208594,
        "layers.2.bias": 0.004963717190548778
    },
    "activation_scores": {
        "layers.0": {
            "std": 0.8356567621231079,
            "mean": 0.3364306092262268
        },
        "layers.1": {
            "std": 0.9150686264038086,
            "mean": 0.34586700797080994
        },
        "layers.2": {
            "std": 5.047795295715332,
            "mean": -4.771683692932129
        }
    },
    "ruby_scores": {
        "fsa_2": {
            "mean": 0.33642893098294735,
            "std": 0.07358139008283615
        },
        "fsa_inf": {
            "mean": 0.34328375943005085,
            "std": 0.10875973850488663
        },
        "fsd_2": {
            "mean": 0.4690584149211645,
            "std": 0.0725751742720604
        },
        "fsd_inf": {
            "mean": 0.8481924049556255,
            "std": 0.056844815611839294
        }
    },
    "noise_sensitivity": {
        "fgsm": {
            "mean": 0.028298701768333104,
            "std": 0.015718670561909676
        }
    },
    "hyper_parameter": {
        "dataset": "mnist",
        "hidden_dim": 200,
        "training_noise": 0.0,
        "test_noise": 0.2,
        "batch_size": 32,
        "learning_rate": 2e-05,
        "weight_decay": 0.0001,
        "epochs": 100,
        "created_on": "2025_09_10_17_53_03",
        "seed": 2192030,
        "subset": 10000,
        "sigma": 1.2,
        "neurons": 8,
        "orientation": [
            -4,
            4
        ],
        "activation": "tuning_curve",
        "stimulus": "LINEAR"
    }
}