{
    "network": "population",
    "avg_loss": 0.21485117165138945,
    "accuracy": 93.4,
    "sharpness_scores": {
        "layers.0.weight": 1.4961292027146555,
        "layers.0.bias": 0.06015097541967407,
        "layers.2.weight": 0.47261483274633065,
        "layers.2.bias": 0.006192656815983355
    },
    "activation_scores": {
        "layers.0": {
            "std": 0.8783609867095947,
            "mean": 1.3430644273757935
        },
        "layers.1": {
            "std": 1.0599236488342285,
            "mean": 1.0462161302566528
        },
        "layers.2": {
            "std": 4.123827934265137,
            "mean": -6.959487438201904
        }
    },
    "ruby_scores": {
        "fsa_2": {
            "mean": 0.35999894328415394,
            "std": 0.08494812250137329
        },
        "fsa_inf": {
            "mean": 0.3618673775345087,
            "std": 0.11165308207273483
        },
        "fsd_2": {
            "mean": 0.47012899722903967,
            "std": 0.06921073794364929
        },
        "fsd_inf": {
            "mean": 0.8470312859863043,
            "std": 0.05764351785182953
        }
    },
    "noise_sensitivity": {
        "fgsm": {
            "mean": 0.030081791153257827,
            "std": 0.018196631222963333
        }
    },
    "hyper_parameter": {
        "dataset": "mnist",
        "hidden_dim": 200,
        "training_noise": 0.0,
        "test_noise": 0.2,
        "batch_size": 32,
        "learning_rate": 2e-05,
        "weight_decay": 0.0001,
        "epochs": 100,
        "created_on": "2025_09_10_17_53_03",
        "seed": 1388731,
        "subset": 10000,
        "sigma": 0.4,
        "neurons": 8,
        "orientation": [
            -4,
            4
        ],
        "activation": "tuning_curve",
        "stimulus": "RAND_UNIFORM"
    }
}