{
    "network": "population",
    "avg_loss": 0.3144566882401705,
    "accuracy": 90.3,
    "sharpness_scores": {
        "layers.0.weight": 0.652140618301928,
        "layers.0.bias": 0.010340152541175485,
        "layers.2.weight": 0.4663165551610291,
        "layers.2.bias": 0.004286446375772357
    },
    "activation_scores": {
        "layers.0": {
            "std": 0.8335195779800415,
            "mean": 0.1665145754814148
        },
        "layers.1": {
            "std": 0.9423479437828064,
            "mean": 0.16473272442817688
        },
        "layers.2": {
            "std": 4.856797695159912,
            "mean": -0.3748612701892853
        }
    },
    "ruby_scores": {
        "fsa_2": {
            "mean": 0.33416554518043995,
            "std": 0.07549754530191422
        },
        "fsa_inf": {
            "mean": 0.34121220372617245,
            "std": 0.109771229326725
        },
        "fsd_2": {
            "mean": 0.4684770982712507,
            "std": 0.07251725345849991
        },
        "fsd_inf": {
            "mean": 0.8477495722472668,
            "std": 0.05720982700586319
        }
    },
    "noise_sensitivity": {
        "fgsm": {
            "mean": 0.02760115269789612,
            "std": 0.015543191693723202
        }
    },
    "hyper_parameter": {
        "dataset": "mnist",
        "hidden_dim": 200,
        "training_noise": 0.0,
        "test_noise": 0.2,
        "batch_size": 32,
        "learning_rate": 2e-05,
        "weight_decay": 0.0001,
        "epochs": 100,
        "created_on": "2025_09_10_17_53_03",
        "seed": 4671601,
        "subset": 10000,
        "sigma": 1.2,
        "neurons": 4,
        "orientation": [
            -3,
            3
        ],
        "activation": "tuning_curve",
        "stimulus": "LINEAR"
    }
}