{
    "network": "population",
    "avg_loss": 0.2676551837939769,
    "accuracy": 91.5,
    "sharpness_scores": {
        "layers.0.weight": 0.5541533443611115,
        "layers.0.bias": 0.004923176718875766,
        "layers.2.weight": 0.6096416923683137,
        "layers.2.bias": 0.0053244795417413116
    },
    "activation_scores": {
        "layers.0": {
            "std": 1.2043761014938354,
            "mean": -1.5316238403320312
        },
        "layers.1": {
            "std": 0.9061420559883118,
            "mean": -1.272299885749817
        },
        "layers.2": {
            "std": 4.245981216430664,
            "mean": -12.159714698791504
        }
    },
    "ruby_scores": {
        "fsa_2": {
            "mean": 0.33847126364707947,
            "std": 0.0692792683839798
        },
        "fsa_inf": {
            "mean": 0.3373607490211725,
            "std": 0.1052691861987114
        },
        "fsd_2": {
            "mean": 0.4751409962773323,
            "std": 0.07235962152481079
        },
        "fsd_inf": {
            "mean": 0.8493723049759865,
            "std": 0.05734732374548912
        }
    },
    "noise_sensitivity": {
        "fgsm": {
            "mean": 0.03422765745277214,
            "std": 0.020138956606388092
        }
    },
    "hyper_parameter": {
        "dataset": "mnist",
        "hidden_dim": 200,
        "training_noise": 0.0,
        "test_noise": 0.2,
        "batch_size": 32,
        "learning_rate": 2e-05,
        "weight_decay": 0.0001,
        "epochs": 100,
        "created_on": "2025_09_10_17_53_03",
        "seed": 4290274,
        "subset": 10000,
        "sigma": 0.8,
        "neurons": 8,
        "orientation": [
            -4,
            4
        ],
        "activation": "tuning_curve",
        "stimulus": "RAND_NORMAL"
    }
}