{
    "network": "population",
    "avg_loss": 0.3019501210656017,
    "accuracy": 90.5,
    "sharpness_scores": {
        "layers.0.weight": 0.7258711101021618,
        "layers.0.bias": 0.011467054020613432,
        "layers.2.weight": 0.3864788084756583,
        "layers.2.bias": -0.0002575323451310396
    },
    "activation_scores": {
        "layers.0": {
            "std": 0.8072402477264404,
            "mean": 0.907711386680603
        },
        "layers.1": {
            "std": 0.9332587718963623,
            "mean": 1.0067594051361084
        },
        "layers.2": {
            "std": 4.880387306213379,
            "mean": -4.3557586669921875
        }
    },
    "ruby_scores": {
        "fsa_2": {
            "mean": 0.33472384326159954,
            "std": 0.07504207640886307
        },
        "fsa_inf": {
            "mean": 0.34480262733995914,
            "std": 0.10657984018325806
        },
        "fsd_2": {
            "mean": 0.4711781991645694,
            "std": 0.07585921138525009
        },
        "fsd_inf": {
            "mean": 0.851677356287837,
            "std": 0.05587335303425789
        }
    },
    "noise_sensitivity": {
        "fgsm": {
            "mean": 0.02812087152560707,
            "std": 0.015863774344325066
        }
    },
    "hyper_parameter": {
        "dataset": "mnist",
        "hidden_dim": 200,
        "training_noise": 0.0,
        "test_noise": 0.2,
        "batch_size": 32,
        "learning_rate": 2e-05,
        "weight_decay": 0.0001,
        "epochs": 100,
        "created_on": "2025_09_10_17_53_03",
        "seed": 2592491,
        "subset": 10000,
        "sigma": 0.8,
        "neurons": 8,
        "orientation": [
            -4,
            4
        ],
        "activation": "tuning_curve",
        "stimulus": "LINEAR"
    }
}