{
    "network": "population",
    "avg_loss": 0.277747756568715,
    "accuracy": 91.60000000000001,
    "sharpness_scores": {
        "layers.0.weight": 0.5472426733467728,
        "layers.0.bias": 0.007566251093521714,
        "layers.2.weight": 0.4625110242050141,
        "layers.2.bias": 0.0074043371714651585
    },
    "activation_scores": {
        "layers.0": {
            "std": 1.1743334531784058,
            "mean": 1.1367290019989014
        },
        "layers.1": {
            "std": 0.8404118418693542,
            "mean": 0.6929157376289368
        },
        "layers.2": {
            "std": 4.1807475090026855,
            "mean": -9.736540794372559
        }
    },
    "ruby_scores": {
        "fsa_2": {
            "mean": 0.3281015045940876,
            "std": 0.06845511496067047
        },
        "fsa_inf": {
            "mean": 0.3319517411291599,
            "std": 0.10448632389307022
        },
        "fsd_2": {
            "mean": 0.4635279420763254,
            "std": 0.07655961811542511
        },
        "fsd_inf": {
            "mean": 0.8489629328250885,
            "std": 0.05751965194940567
        }
    },
    "noise_sensitivity": {
        "fgsm": {
            "mean": 0.034197583727251485,
            "std": 0.020220275968313217
        }
    },
    "hyper_parameter": {
        "dataset": "mnist",
        "hidden_dim": 200,
        "training_noise": 0.0,
        "test_noise": 0.2,
        "batch_size": 32,
        "learning_rate": 2e-05,
        "weight_decay": 0.0001,
        "epochs": 100,
        "created_on": "2025_09_10_17_53_03",
        "seed": 2904475,
        "subset": 10000,
        "sigma": 0.8,
        "neurons": 8,
        "orientation": [
            -2,
            2
        ],
        "activation": "tuning_curve",
        "stimulus": "RAND_NORMAL"
    }
}