{
    "network": "population",
    "avg_loss": 0.27491555735468864,
    "accuracy": 91.2,
    "sharpness_scores": {
        "layers.0.weight": 0.4350102599710226,
        "layers.0.bias": 0.008401814615353942,
        "layers.2.weight": 0.26220998214557767,
        "layers.2.bias": 0.00369076244533062
    },
    "activation_scores": {
        "layers.0": {
            "std": 1.3454713821411133,
            "mean": 0.55633145570755
        },
        "layers.1": {
            "std": 0.6546880006790161,
            "mean": 0.3449486196041107
        },
        "layers.2": {
            "std": 3.684964418411255,
            "mean": -4.539133071899414
        }
    },
    "ruby_scores": {
        "fsa_2": {
            "mean": 0.3396602403372526,
            "std": 0.07040184736251831
        },
        "fsa_inf": {
            "mean": 0.3405693266540766,
            "std": 0.10217414051294327
        },
        "fsd_2": {
            "mean": 0.4644908355548978,
            "std": 0.07022183388471603
        },
        "fsd_inf": {
            "mean": 0.846820767968893,
            "std": 0.05655670538544655
        }
    },
    "noise_sensitivity": {
        "fgsm": {
            "mean": 0.041119572488672644,
            "std": 0.025727394968271255
        }
    },
    "hyper_parameter": {
        "dataset": "mnist",
        "hidden_dim": 200,
        "training_noise": 0.0,
        "test_noise": 0.2,
        "batch_size": 32,
        "learning_rate": 2e-05,
        "weight_decay": 0.0001,
        "epochs": 100,
        "created_on": "2025_09_10_17_53_03",
        "seed": 3215549,
        "subset": 10000,
        "sigma": 1.2,
        "neurons": 4,
        "orientation": [
            -1,
            1
        ],
        "activation": "tuning_curve",
        "stimulus": "RAND_NORMAL"
    }
}