{
    "network": "population",
    "avg_loss": 0.2267794612562284,
    "accuracy": 92.30000000000001,
    "sharpness_scores": {
        "layers.0.weight": 1.4386296175653115,
        "layers.0.bias": 0.05220818368252367,
        "layers.2.weight": 0.402323363465257,
        "layers.2.bias": 0.003060766030102968
    },
    "activation_scores": {
        "layers.0": {
            "std": 0.847674548625946,
            "mean": 0.5642116069793701
        },
        "layers.1": {
            "std": 0.9762882590293884,
            "mean": 0.7496387958526611
        },
        "layers.2": {
            "std": 4.143894195556641,
            "mean": -10.06602954864502
        }
    },
    "ruby_scores": {
        "fsa_2": {
            "mean": 0.3318159617483616,
            "std": 0.0696449726819992
        },
        "fsa_inf": {
            "mean": 0.3346007950603962,
            "std": 0.09753608703613281
        },
        "fsd_2": {
            "mean": 0.46494182106107473,
            "std": 0.07122818380594254
        },
        "fsd_inf": {
            "mean": 0.8500182274729013,
            "std": 0.05876358225941658
        }
    },
    "noise_sensitivity": {
        "fgsm": {
            "mean": 0.030581540511087742,
            "std": 0.018988052383065224
        }
    },
    "hyper_parameter": {
        "dataset": "mnist",
        "hidden_dim": 200,
        "training_noise": 0.0,
        "test_noise": 0.2,
        "batch_size": 32,
        "learning_rate": 2e-05,
        "weight_decay": 0.0001,
        "epochs": 100,
        "created_on": "2025_09_10_17_53_03",
        "seed": 4997796,
        "subset": 10000,
        "sigma": 0.4,
        "neurons": 8,
        "orientation": [
            -3,
            3
        ],
        "activation": "tuning_curve",
        "stimulus": "RAND_UNIFORM"
    }
}