{
    "network": "population",
    "avg_loss": 0.28491781279444695,
    "accuracy": 90.9,
    "sharpness_scores": {
        "layers.0.weight": 0.37276184745132923,
        "layers.0.bias": 0.0017488631419837475,
        "layers.2.weight": 0.7136226780712605,
        "layers.2.bias": 0.0040432910900563
    },
    "activation_scores": {
        "layers.0": {
            "std": 1.562308669090271,
            "mean": 1.3285053968429565
        },
        "layers.1": {
            "std": 0.8851747512817383,
            "mean": 0.37299132347106934
        },
        "layers.2": {
            "std": 3.961998224258423,
            "mean": -9.565427780151367
        }
    },
    "ruby_scores": {
        "fsa_2": {
            "mean": 0.3280383199453354,
            "std": 0.06864339113235474
        },
        "fsa_inf": {
            "mean": 0.3359510377049446,
            "std": 0.10978704690933228
        },
        "fsd_2": {
            "mean": 0.4674473758786917,
            "std": 0.0799470990896225
        },
        "fsd_inf": {
            "mean": 0.8446049820631742,
            "std": 0.056080907583236694
        }
    },
    "noise_sensitivity": {
        "fgsm": {
            "mean": 0.039539520672724746,
            "std": 0.02335561066865921
        }
    },
    "hyper_parameter": {
        "dataset": "mnist",
        "hidden_dim": 200,
        "training_noise": 0.0,
        "test_noise": 0.2,
        "batch_size": 32,
        "learning_rate": 2e-05,
        "weight_decay": 0.0001,
        "epochs": 100,
        "created_on": "2025_09_10_17_53_03",
        "seed": 8808737,
        "subset": 10000,
        "sigma": 1.2,
        "neurons": 4,
        "orientation": [
            -3,
            3
        ],
        "activation": "tuning_curve",
        "stimulus": "RAND_NORMAL"
    }
}