{
    "network": "population",
    "avg_loss": 0.2954066921956837,
    "accuracy": 90.60000000000001,
    "sharpness_scores": {
        "layers.0.weight": 0.1966108065098524,
        "layers.0.bias": 0.0025618309155106544,
        "layers.2.weight": 0.14053860260173678,
        "layers.2.bias": 0.004153221845626831
    },
    "activation_scores": {
        "layers.0": {
            "std": 1.780498743057251,
            "mean": -1.4992295503616333
        },
        "layers.1": {
            "std": 0.5255641341209412,
            "mean": -0.38101837038993835
        },
        "layers.2": {
            "std": 3.855475902557373,
            "mean": -5.804438591003418
        }
    },
    "ruby_scores": {
        "fsa_2": {
            "mean": 0.32342653535306454,
            "std": 0.06982946395874023
        },
        "fsa_inf": {
            "mean": 0.32659486308693886,
            "std": 0.09955767542123795
        },
        "fsd_2": {
            "mean": 0.4664520528167486,
            "std": 0.08015710115432739
        },
        "fsd_inf": {
            "mean": 0.851925803348422,
            "std": 0.057091087102890015
        }
    },
    "noise_sensitivity": {
        "fgsm": {
            "mean": 0.04341816024357316,
            "std": 0.025065504014492035
        }
    },
    "hyper_parameter": {
        "dataset": "mnist",
        "hidden_dim": 200,
        "training_noise": 0.0,
        "test_noise": 0.2,
        "batch_size": 32,
        "learning_rate": 2e-05,
        "weight_decay": 0.0001,
        "epochs": 100,
        "created_on": "2025_09_10_17_53_03",
        "seed": 2457178,
        "subset": 10000,
        "sigma": 1.2,
        "neurons": 8,
        "orientation": [
            -1,
            1
        ],
        "activation": "tuning_curve",
        "stimulus": "RAND_UNIFORM"
    }
}