{
    "network": "population",
    "avg_loss": 0.2973717956338078,
    "accuracy": 90.60000000000001,
    "sharpness_scores": {
        "layers.0.weight": 0.5861745101865381,
        "layers.0.bias": 0.0055220965296030045,
        "layers.2.weight": 0.36073138914071023,
        "layers.2.bias": 0.007697809371165931
    },
    "activation_scores": {
        "layers.0": {
            "std": 0.883464515209198,
            "mean": 0.37701141834259033
        },
        "layers.1": {
            "std": 0.8062949180603027,
            "mean": 0.2810254991054535
        },
        "layers.2": {
            "std": 4.577094078063965,
            "mean": -2.830878973007202
        }
    },
    "ruby_scores": {
        "fsa_2": {
            "mean": 0.33608988113701344,
            "std": 0.07199650257825851
        },
        "fsa_inf": {
            "mean": 0.34214627742767334,
            "std": 0.10886486619710922
        },
        "fsd_2": {
            "mean": 0.4655617652460933,
            "std": 0.07170657813549042
        },
        "fsd_inf": {
            "mean": 0.8484043683856726,
            "std": 0.056091684848070145
        }
    },
    "noise_sensitivity": {
        "fgsm": {
            "mean": 0.02981943047503415,
            "std": 0.016858559101819992
        }
    },
    "hyper_parameter": {
        "dataset": "mnist",
        "hidden_dim": 200,
        "training_noise": 0.0,
        "test_noise": 0.2,
        "batch_size": 32,
        "learning_rate": 2e-05,
        "weight_decay": 0.0001,
        "epochs": 100,
        "created_on": "2025_09_10_17_53_03",
        "seed": 9809935,
        "subset": 10000,
        "sigma": 0.8,
        "neurons": 8,
        "orientation": [
            -2,
            2
        ],
        "activation": "tuning_curve",
        "stimulus": "LINEAR"
    }
}