{
    "network": "population",
    "avg_loss": 0.2802383282687515,
    "accuracy": 91.0,
    "sharpness_scores": {
        "layers.0.weight": 0.8412162272725254,
        "layers.0.bias": 0.01653938088566065,
        "layers.2.weight": 1.1203249527607113,
        "layers.2.bias": 0.0017259994056075811
    },
    "activation_scores": {
        "layers.0": {
            "std": 1.143066644668579,
            "mean": -0.41305938363075256
        },
        "layers.1": {
            "std": 1.2521812915802002,
            "mean": -1.0968493223190308
        },
        "layers.2": {
            "std": 4.718201160430908,
            "mean": -3.6683249473571777
        }
    },
    "ruby_scores": {
        "fsa_2": {
            "mean": 0.328814709559083,
            "std": 0.0725170448422432
        },
        "fsa_inf": {
            "mean": 0.33945745415985584,
            "std": 0.11079759150743484
        },
        "fsd_2": {
            "mean": 0.4657033244147897,
            "std": 0.07434798032045364
        },
        "fsd_inf": {
            "mean": 0.8435579910874367,
            "std": 0.055625755339860916
        }
    },
    "noise_sensitivity": {
        "fgsm": {
            "mean": 0.029426120811687006,
            "std": 0.01621982268989086
        }
    },
    "hyper_parameter": {
        "dataset": "mnist",
        "hidden_dim": 200,
        "training_noise": 0.0,
        "test_noise": 0.2,
        "batch_size": 32,
        "learning_rate": 2e-05,
        "weight_decay": 0.0001,
        "epochs": 100,
        "created_on": "2025_09_10_17_53_03",
        "seed": 3241750,
        "subset": 10000,
        "sigma": 1.2,
        "neurons": 8,
        "orientation": [
            -4,
            4
        ],
        "activation": "tuning_curve",
        "stimulus": "RAND_UNIFORM"
    }
}