{
    "network": "population",
    "avg_loss": 0.27729966561309993,
    "accuracy": 91.60000000000001,
    "sharpness_scores": {
        "layers.0.weight": 0.4378235435578972,
        "layers.0.bias": 0.0023377209436148405,
        "layers.2.weight": 0.2624674669932574,
        "layers.2.bias": 0.0022890539839863777
    },
    "activation_scores": {
        "layers.0": {
            "std": 1.3673595190048218,
            "mean": 0.03770868480205536
        },
        "layers.1": {
            "std": 0.6384472250938416,
            "mean": -0.14171819388866425
        },
        "layers.2": {
            "std": 3.6968533992767334,
            "mean": -5.901734828948975
        }
    },
    "ruby_scores": {
        "fsa_2": {
            "mean": 0.3326115906238556,
            "std": 0.06468691676855087
        },
        "fsa_inf": {
            "mean": 0.33640866354107857,
            "std": 0.10143015533685684
        },
        "fsd_2": {
            "mean": 0.4618783099576831,
            "std": 0.07646714895963669
        },
        "fsd_inf": {
            "mean": 0.8457307238131762,
            "std": 0.05564244091510773
        }
    },
    "noise_sensitivity": {
        "fgsm": {
            "mean": 0.040519128025203036,
            "std": 0.024902693927288055
        }
    },
    "hyper_parameter": {
        "dataset": "mnist",
        "hidden_dim": 200,
        "training_noise": 0.0,
        "test_noise": 0.2,
        "batch_size": 32,
        "learning_rate": 2e-05,
        "weight_decay": 0.0001,
        "epochs": 100,
        "created_on": "2025_09_10_17_53_03",
        "seed": 9744048,
        "subset": 10000,
        "sigma": 1.2,
        "neurons": 4,
        "orientation": [
            -1,
            1
        ],
        "activation": "tuning_curve",
        "stimulus": "RAND_NORMAL"
    }
}