{
    "network": "population",
    "avg_loss": 0.3058389616198838,
    "accuracy": 89.9,
    "sharpness_scores": {
        "layers.0.weight": 0.26795917050912976,
        "layers.0.bias": 0.002400503493845463,
        "layers.2.weight": 0.14429281279444695,
        "layers.2.bias": 0.0044878164771944284
    },
    "activation_scores": {
        "layers.0": {
            "std": 1.241086483001709,
            "mean": 0.44463807344436646
        },
        "layers.1": {
            "std": 0.5385618209838867,
            "mean": 0.1739945262670517
        },
        "layers.2": {
            "std": 4.195292949676514,
            "mean": -1.7490736246109009
        }
    },
    "ruby_scores": {
        "fsa_2": {
            "mean": 0.3393067196011543,
            "std": 0.06579729169607162
        },
        "fsa_inf": {
            "mean": 0.34740070812404156,
            "std": 0.10749570280313492
        },
        "fsd_2": {
            "mean": 0.4729761406779289,
            "std": 0.0749390721321106
        },
        "fsd_inf": {
            "mean": 0.8476431537419558,
            "std": 0.056552331894636154
        }
    },
    "noise_sensitivity": {
        "fgsm": {
            "mean": 0.036765326707906776,
            "std": 0.020350905135273933
        }
    },
    "hyper_parameter": {
        "dataset": "mnist",
        "hidden_dim": 200,
        "training_noise": 0.0,
        "test_noise": 0.2,
        "batch_size": 32,
        "learning_rate": 2e-05,
        "weight_decay": 0.0001,
        "epochs": 100,
        "created_on": "2025_09_10_17_53_03",
        "seed": 2545469,
        "subset": 10000,
        "sigma": 1.2,
        "neurons": 4,
        "orientation": [
            -1,
            1
        ],
        "activation": "tuning_curve",
        "stimulus": "LINEAR"
    }
}