{
    "network": "population",
    "avg_loss": 0.2398355887271464,
    "accuracy": 92.10000000000001,
    "sharpness_scores": {
        "layers.0.weight": 1.0144495866261423,
        "layers.0.bias": 0.036513447063043714,
        "layers.2.weight": 0.26477252738550305,
        "layers.2.bias": -0.002376843011006713
    },
    "activation_scores": {
        "layers.0": {
            "std": 0.851012647151947,
            "mean": -0.22308802604675293
        },
        "layers.1": {
            "std": 0.6724218130111694,
            "mean": -0.07001086324453354
        },
        "layers.2": {
            "std": 3.860870838165283,
            "mean": -6.018378734588623
        }
    },
    "ruby_scores": {
        "fsa_2": {
            "mean": 0.34638125263154507,
            "std": 0.06715390086174011
        },
        "fsa_inf": {
            "mean": 0.35344755835831165,
            "std": 0.11100440472364426
        },
        "fsd_2": {
            "mean": 0.4685990884900093,
            "std": 0.07099145650863647
        },
        "fsd_inf": {
            "mean": 0.8503780718892813,
            "std": 0.060490209609270096
        }
    },
    "noise_sensitivity": {
        "fgsm": {
            "mean": 0.034288004315529655,
            "std": 0.021349376067519188
        }
    },
    "hyper_parameter": {
        "dataset": "mnist",
        "hidden_dim": 200,
        "training_noise": 0.0,
        "test_noise": 0.2,
        "batch_size": 32,
        "learning_rate": 2e-05,
        "weight_decay": 0.0001,
        "epochs": 100,
        "created_on": "2025_09_10_17_53_03",
        "seed": 7281762,
        "subset": 10000,
        "sigma": 0.4,
        "neurons": 12,
        "orientation": [
            -1,
            1
        ],
        "activation": "tuning_curve",
        "stimulus": "RAND_NORMAL"
    }
}