{
    "network": "population",
    "avg_loss": 0.24555066251195967,
    "accuracy": 92.10000000000001,
    "sharpness_scores": {
        "layers.0.weight": 1.2003764209803194,
        "layers.0.bias": 0.02579996082931757,
        "layers.2.weight": 0.2901588052045554,
        "layers.2.bias": -0.0002811047015711665
    },
    "activation_scores": {
        "layers.0": {
            "std": 0.8760777711868286,
            "mean": 0.05965801700949669
        },
        "layers.1": {
            "std": 0.790698766708374,
            "mean": 0.07451513409614563
        },
        "layers.2": {
            "std": 4.055988788604736,
            "mean": -8.363480567932129
        }
    },
    "ruby_scores": {
        "fsa_2": {
            "mean": 0.3472520224750042,
            "std": 0.06572186201810837
        },
        "fsa_inf": {
            "mean": 0.35231417790055275,
            "std": 0.10298381745815277
        },
        "fsd_2": {
            "mean": 0.4586794776841998,
            "std": 0.06773179769515991
        },
        "fsd_inf": {
            "mean": 0.8466764148324728,
            "std": 0.05804625526070595
        }
    },
    "noise_sensitivity": {
        "fgsm": {
            "mean": 0.03284055610437246,
            "std": 0.020289629697799683
        }
    },
    "hyper_parameter": {
        "dataset": "mnist",
        "hidden_dim": 200,
        "training_noise": 0.0,
        "test_noise": 0.2,
        "batch_size": 32,
        "learning_rate": 2e-05,
        "weight_decay": 0.0001,
        "epochs": 100,
        "created_on": "2025_09_10_17_53_03",
        "seed": 1877640,
        "subset": 10000,
        "sigma": 0.4,
        "neurons": 8,
        "orientation": [
            -3,
            3
        ],
        "activation": "tuning_curve",
        "stimulus": "RAND_NORMAL"
    }
}