{
    "network": "population",
    "avg_loss": 0.23372483352432027,
    "accuracy": 92.9,
    "sharpness_scores": {
        "layers.0.weight": 1.495710554474499,
        "layers.0.bias": 0.04823922453215346,
        "layers.2.weight": 0.48583311535185203,
        "layers.2.bias": 0.002311696531251073
    },
    "activation_scores": {
        "layers.0": {
            "std": 0.8549492955207825,
            "mean": -0.7233699560165405
        },
        "layers.1": {
            "std": 0.9869049191474915,
            "mean": -0.7327963709831238
        },
        "layers.2": {
            "std": 4.175632953643799,
            "mean": -8.767898559570312
        }
    },
    "ruby_scores": {
        "fsa_2": {
            "mean": 0.34397101402282715,
            "std": 0.06428012251853943
        },
        "fsa_inf": {
            "mean": 0.3497021421790123,
            "std": 0.10931532084941864
        },
        "fsd_2": {
            "mean": 0.4660342987626791,
            "std": 0.07015934586524963
        },
        "fsd_inf": {
            "mean": 0.8509029932320118,
            "std": 0.05865342915058136
        }
    },
    "noise_sensitivity": {
        "fgsm": {
            "mean": 0.030040474941715172,
            "std": 0.01855691336095333
        }
    },
    "hyper_parameter": {
        "dataset": "mnist",
        "hidden_dim": 200,
        "training_noise": 0.0,
        "test_noise": 0.2,
        "batch_size": 32,
        "learning_rate": 2e-05,
        "weight_decay": 0.0001,
        "epochs": 100,
        "created_on": "2025_09_10_17_53_03",
        "seed": 7581187,
        "subset": 10000,
        "sigma": 0.4,
        "neurons": 8,
        "orientation": [
            -3,
            3
        ],
        "activation": "tuning_curve",
        "stimulus": "RAND_UNIFORM"
    }
}