{
    "network": "population",
    "avg_loss": 0.2402593366568908,
    "accuracy": 92.30000000000001,
    "sharpness_scores": {
        "layers.0.weight": 1.1996429056162015,
        "layers.0.bias": 0.042132763541303575,
        "layers.2.weight": 0.3367747134761885,
        "layers.2.bias": 0.004950977279804647
    },
    "activation_scores": {
        "layers.0": {
            "std": 0.8481484651565552,
            "mean": -0.918046772480011
        },
        "layers.1": {
            "std": 0.8487077355384827,
            "mean": -0.8946847319602966
        },
        "layers.2": {
            "std": 4.091996669769287,
            "mean": -10.702348709106445
        }
    },
    "ruby_scores": {
        "fsa_2": {
            "mean": 0.34564957208931446,
            "std": 0.06731769442558289
        },
        "fsa_inf": {
            "mean": 0.3506601136177778,
            "std": 0.11221994459629059
        },
        "fsd_2": {
            "mean": 0.4651103559881449,
            "std": 0.07484171539545059
        },
        "fsd_inf": {
            "mean": 0.8447984643280506,
            "std": 0.05954819917678833
        }
    },
    "noise_sensitivity": {
        "fgsm": {
            "mean": 0.03150875033017009,
            "std": 0.019827719777822495
        }
    },
    "hyper_parameter": {
        "dataset": "mnist",
        "hidden_dim": 200,
        "training_noise": 0.0,
        "test_noise": 0.2,
        "batch_size": 32,
        "learning_rate": 2e-05,
        "weight_decay": 0.0001,
        "epochs": 100,
        "created_on": "2025_09_10_17_53_03",
        "seed": 9979011,
        "subset": 10000,
        "sigma": 0.4,
        "neurons": 8,
        "orientation": [
            -2,
            2
        ],
        "activation": "tuning_curve",
        "stimulus": "RAND_UNIFORM"
    }
}