{
    "network": "population",
    "avg_loss": 0.24806417769286782,
    "accuracy": 92.30000000000001,
    "sharpness_scores": {
        "layers.0.weight": 1.1581900598248467,
        "layers.0.bias": 0.043313430971466005,
        "layers.2.weight": 0.31989479914773256,
        "layers.2.bias": 0.002035741228610277
    },
    "activation_scores": {
        "layers.0": {
            "std": 0.7170879244804382,
            "mean": 0.10744748264551163
        },
        "layers.1": {
            "std": 0.8160362839698792,
            "mean": 0.11459580063819885
        },
        "layers.2": {
            "std": 4.316770076751709,
            "mean": -0.054315268993377686
        }
    },
    "ruby_scores": {
        "fsa_2": {
            "mean": 0.35193431191146374,
            "std": 0.06920413672924042
        },
        "fsa_inf": {
            "mean": 0.366310840472579,
            "std": 0.11419451236724854
        },
        "fsd_2": {
            "mean": 0.4691741857677698,
            "std": 0.07069196552038193
        },
        "fsd_inf": {
            "mean": 0.8459655828773975,
            "std": 0.060574740171432495
        }
    },
    "noise_sensitivity": {
        "fgsm": {
            "mean": 0.03037634890148688,
            "std": 0.01886025443673134
        }
    },
    "hyper_parameter": {
        "dataset": "mnist",
        "hidden_dim": 200,
        "training_noise": 0.0,
        "test_noise": 0.2,
        "batch_size": 32,
        "learning_rate": 2e-05,
        "weight_decay": 0.0001,
        "epochs": 100,
        "created_on": "2025_09_10_17_53_03",
        "seed": 5300780,
        "subset": 10000,
        "sigma": 0.4,
        "neurons": 8,
        "orientation": [
            -3,
            3
        ],
        "activation": "tuning_curve",
        "stimulus": "LINEAR"
    }
}