{
    "network": "population",
    "avg_loss": 0.2256307282950729,
    "accuracy": 93.10000000000001,
    "sharpness_scores": {
        "layers.0.weight": 1.513591310242191,
        "layers.0.bias": 0.0679765036329627,
        "layers.2.weight": 0.42937859357334673,
        "layers.2.bias": 0.002242275048047304
    },
    "activation_scores": {
        "layers.0": {
            "std": 0.8353795409202576,
            "mean": 0.010817650705575943
        },
        "layers.1": {
            "std": 0.9748972058296204,
            "mean": 0.20464184880256653
        },
        "layers.2": {
            "std": 4.162210941314697,
            "mean": -6.970138072967529
        }
    },
    "ruby_scores": {
        "fsa_2": {
            "mean": 0.35087393783032894,
            "std": 0.08568619936704636
        },
        "fsa_inf": {
            "mean": 0.3615929204970598,
            "std": 0.1180296391248703
        },
        "fsd_2": {
            "mean": 0.4736003754660487,
            "std": 0.07966239750385284
        },
        "fsd_inf": {
            "mean": 0.8599452152848244,
            "std": 0.03904128447175026
        }
    },
    "noise_sensitivity": {
        "fgsm": {
            "mean": 0.029274178680360606,
            "std": 0.01839449070394039
        }
    },
    "hyper_parameter": {
        "dataset": "mnist",
        "hidden_dim": 200,
        "training_noise": 0.0,
        "test_noise": 0.2,
        "batch_size": 32,
        "learning_rate": 2e-05,
        "weight_decay": 0.0001,
        "epochs": 100,
        "created_on": "2025_09_10_17_53_03",
        "seed": 5646368,
        "subset": 10000,
        "sigma": 0.4,
        "neurons": 8,
        "orientation": [
            -3,
            3
        ],
        "activation": "tuning_curve",
        "stimulus": "RAND_UNIFORM"
    }
}