{
    "network": "population",
    "avg_loss": 0.2505148424534127,
    "accuracy": 91.60000000000001,
    "sharpness_scores": {
        "layers.0.weight": 0.5167533253552392,
        "layers.0.bias": 0.002659281832166016,
        "layers.2.weight": 0.20607630035374314,
        "layers.2.bias": -2.9489165171980858e-05
    },
    "activation_scores": {
        "layers.0": {
            "std": 1.3167065382003784,
            "mean": -0.3771061599254608
        },
        "layers.1": {
            "std": 0.5868804454803467,
            "mean": -0.4411880075931549
        },
        "layers.2": {
            "std": 3.6416311264038086,
            "mean": -5.547741413116455
        }
    },
    "ruby_scores": {
        "fsa_2": {
            "mean": 0.33612808398902416,
            "std": 0.06589726358652115
        },
        "fsa_inf": {
            "mean": 0.3444953467696905,
            "std": 0.11834214627742767
        },
        "fsd_2": {
            "mean": 0.4692239072173834,
            "std": 0.07255171984434128
        },
        "fsd_inf": {
            "mean": 0.8486118707805872,
            "std": 0.05936243012547493
        }
    },
    "noise_sensitivity": {
        "fgsm": {
            "mean": 0.04154402241228202,
            "std": 0.02580527774989605
        }
    },
    "hyper_parameter": {
        "dataset": "mnist",
        "hidden_dim": 200,
        "training_noise": 0.0,
        "test_noise": 0.2,
        "batch_size": 32,
        "learning_rate": 2e-05,
        "weight_decay": 0.0001,
        "epochs": 100,
        "created_on": "2025_09_10_17_53_03",
        "seed": 4842486,
        "subset": 10000,
        "sigma": 0.8,
        "neurons": 4,
        "orientation": [
            -1,
            1
        ],
        "activation": "tuning_curve",
        "stimulus": "RAND_UNIFORM"
    }
}