{
    "network": "population",
    "avg_loss": 0.2991217733360827,
    "accuracy": 90.8,
    "sharpness_scores": {
        "layers.0.weight": 0.31093033170327544,
        "layers.0.bias": 0.0048221934121102095,
        "layers.2.weight": 0.47659775288775563,
        "layers.2.bias": 0.005243306281045079
    },
    "activation_scores": {
        "layers.0": {
            "std": 1.4843887090682983,
            "mean": -0.48366114497184753
        },
        "layers.1": {
            "std": 0.8337122797966003,
            "mean": -0.669575572013855
        },
        "layers.2": {
            "std": 4.192221641540527,
            "mean": -11.889082908630371
        }
    },
    "ruby_scores": {
        "fsa_2": {
            "mean": 0.33418871462345123,
            "std": 0.0661698654294014
        },
        "fsa_inf": {
            "mean": 0.34073695726692677,
            "std": 0.1042453944683075
        },
        "fsd_2": {
            "mean": 0.4700081357732415,
            "std": 0.0737227350473404
        },
        "fsd_inf": {
            "mean": 0.8464701268821955,
            "std": 0.05666055902838707
        }
    },
    "noise_sensitivity": {
        "fgsm": {
            "mean": 0.03657743009738432,
            "std": 0.020765308290719986
        }
    },
    "hyper_parameter": {
        "dataset": "mnist",
        "hidden_dim": 200,
        "training_noise": 0.0,
        "test_noise": 0.2,
        "batch_size": 32,
        "learning_rate": 2e-05,
        "weight_decay": 0.0001,
        "epochs": 100,
        "created_on": "2025_09_10_17_53_03",
        "seed": 1754466,
        "subset": 10000,
        "sigma": 1.2,
        "neurons": 8,
        "orientation": [
            -4,
            4
        ],
        "activation": "tuning_curve",
        "stimulus": "RAND_NORMAL"
    }
}