{
    "network": "population",
    "avg_loss": 0.21556533995317295,
    "accuracy": 94.0,
    "sharpness_scores": {
        "layers.0.weight": 1.9217028680141084,
        "layers.0.bias": 0.0799339436343871,
        "layers.2.weight": 0.6582621007109992,
        "layers.2.bias": 0.0035754721029661596
    },
    "activation_scores": {
        "layers.0": {
            "std": 0.8886101245880127,
            "mean": 0.2562088370323181
        },
        "layers.1": {
            "std": 1.1510865688323975,
            "mean": 0.4165137708187103
        },
        "layers.2": {
            "std": 4.193780899047852,
            "mean": -8.377275466918945
        }
    },
    "ruby_scores": {
        "fsa_2": {
            "mean": 0.33880970254540443,
            "std": 0.10223648697137833
        },
        "fsa_inf": {
            "mean": 0.3423285037279129,
            "std": 0.11466379463672638
        },
        "fsd_2": {
            "mean": 0.4630793035030365,
            "std": 0.07735905051231384
        },
        "fsd_inf": {
            "mean": 0.8560624681413174,
            "std": 0.03639069199562073
        }
    },
    "noise_sensitivity": {
        "fgsm": {
            "mean": 0.028583069782383817,
            "std": 0.018509460613131523
        }
    },
    "hyper_parameter": {
        "dataset": "mnist",
        "hidden_dim": 200,
        "training_noise": 0.0,
        "test_noise": 0.2,
        "batch_size": 32,
        "learning_rate": 2e-05,
        "weight_decay": 0.0001,
        "epochs": 100,
        "created_on": "2025_09_10_17_53_03",
        "seed": 2386095,
        "subset": 10000,
        "sigma": 0.4,
        "neurons": 4,
        "orientation": [
            -3,
            3
        ],
        "activation": "tuning_curve",
        "stimulus": "RAND_UNIFORM"
    }
}