{
    "network": "population",
    "avg_loss": 0.21570236945990473,
    "accuracy": 93.10000000000001,
    "sharpness_scores": {
        "layers.0.weight": 1.312668688944541,
        "layers.0.bias": 0.037299465271644294,
        "layers.2.weight": 0.14875319960992783,
        "layers.2.bias": 0.0037141398061066866
    },
    "activation_scores": {
        "layers.0": {
            "std": 0.8498302102088928,
            "mean": 0.6178462505340576
        },
        "layers.1": {
            "std": 0.6220085024833679,
            "mean": 0.5351763367652893
        },
        "layers.2": {
            "std": 3.671849250793457,
            "mean": -5.41508150100708
        }
    },
    "ruby_scores": {
        "fsa_2": {
            "mean": 0.34467940777540207,
            "std": 0.06559476256370544
        },
        "fsa_inf": {
            "mean": 0.35214802622795105,
            "std": 0.09993919730186462
        },
        "fsd_2": {
            "mean": 0.4575586998835206,
            "std": 0.0656110867857933
        },
        "fsd_inf": {
            "mean": 0.8473300747573376,
            "std": 0.05776575580239296
        }
    },
    "noise_sensitivity": {
        "fgsm": {
            "mean": 0.03767755427592542,
            "std": 0.026920802891254425
        }
    },
    "hyper_parameter": {
        "dataset": "mnist",
        "hidden_dim": 200,
        "training_noise": 0.0,
        "test_noise": 0.2,
        "batch_size": 32,
        "learning_rate": 2e-05,
        "weight_decay": 0.0001,
        "epochs": 100,
        "created_on": "2025_09_10_17_53_03",
        "seed": 2015122,
        "subset": 10000,
        "sigma": 0.4,
        "neurons": 4,
        "orientation": [
            -1,
            1
        ],
        "activation": "tuning_curve",
        "stimulus": "RAND_UNIFORM"
    }
}