{
    "network": "population",
    "avg_loss": 0.20581560663413256,
    "accuracy": 93.10000000000001,
    "sharpness_scores": {
        "layers.0.weight": 2.0738338000373915,
        "layers.0.bias": 0.07550741429440677,
        "layers.2.weight": 0.8640434314729646,
        "layers.2.bias": 0.002261266461573541
    },
    "activation_scores": {
        "layers.0": {
            "std": 0.913468599319458,
            "mean": 0.8764342069625854
        },
        "layers.1": {
            "std": 1.3398116827011108,
            "mean": 0.4043355882167816
        },
        "layers.2": {
            "std": 4.173497676849365,
            "mean": -1.8367606401443481
        }
    },
    "ruby_scores": {
        "fsa_2": {
            "mean": 0.35273113660514355,
            "std": 0.10211696475744247
        },
        "fsa_inf": {
            "mean": 0.36635672859847546,
            "std": 0.1168651431798935
        },
        "fsd_2": {
            "mean": 0.4757781596854329,
            "std": 0.08377654105424881
        },
        "fsd_inf": {
            "mean": 0.8551504202187061,
            "std": 0.03641984984278679
        }
    },
    "noise_sensitivity": {
        "fgsm": {
            "mean": 0.02913229044752878,
            "std": 0.01864578016102314
        }
    },
    "hyper_parameter": {
        "dataset": "mnist",
        "hidden_dim": 200,
        "training_noise": 0.0,
        "test_noise": 0.2,
        "batch_size": 32,
        "learning_rate": 2e-05,
        "weight_decay": 0.0001,
        "epochs": 100,
        "created_on": "2025_09_10_17_53_03",
        "seed": 8256671,
        "subset": 10000,
        "sigma": 0.4,
        "neurons": 4,
        "orientation": [
            -4,
            4
        ],
        "activation": "tuning_curve",
        "stimulus": "RAND_UNIFORM"
    }
}