{
    "network": "population",
    "avg_loss": 0.2727595563046634,
    "accuracy": 91.3,
    "sharpness_scores": {
        "layers.0.weight": 0.8820717171765864,
        "layers.0.bias": 0.026187792886048555,
        "layers.2.weight": 0.3436208129860461,
        "layers.2.bias": 0.006818163208663464
    },
    "activation_scores": {
        "layers.0": {
            "std": 0.7918841242790222,
            "mean": -0.15095633268356323
        },
        "layers.1": {
            "std": 0.7887351512908936,
            "mean": -0.1657055765390396
        },
        "layers.2": {
            "std": 4.393943786621094,
            "mean": -3.1850500106811523
        }
    },
    "ruby_scores": {
        "fsa_2": {
            "mean": 0.3370615653693676,
            "std": 0.06741009652614594
        },
        "fsa_inf": {
            "mean": 0.33655096031725407,
            "std": 0.11394153535366058
        },
        "fsd_2": {
            "mean": 0.4651779728010297,
            "std": 0.07361986488103867
        },
        "fsd_inf": {
            "mean": 0.8467804286628962,
            "std": 0.05904716998338699
        }
    },
    "noise_sensitivity": {
        "fgsm": {
            "mean": 0.030210209440916246,
            "std": 0.017429761588573456
        }
    },
    "hyper_parameter": {
        "dataset": "mnist",
        "hidden_dim": 200,
        "training_noise": 0.0,
        "test_noise": 0.2,
        "batch_size": 32,
        "learning_rate": 2e-05,
        "weight_decay": 0.0001,
        "epochs": 100,
        "created_on": "2025_09_10_17_53_03",
        "seed": 9142693,
        "subset": 10000,
        "sigma": 0.4,
        "neurons": 8,
        "orientation": [
            -2,
            2
        ],
        "activation": "tuning_curve",
        "stimulus": "LINEAR"
    }
}