{
    "network": "population",
    "avg_loss": 0.2769379218807444,
    "accuracy": 91.3,
    "sharpness_scores": {
        "layers.0.weight": 0.5585130179533735,
        "layers.0.bias": 0.002301356173120439,
        "layers.2.weight": 0.6783615961903706,
        "layers.2.bias": 0.005996714113280177
    },
    "activation_scores": {
        "layers.0": {
            "std": 1.274549961090088,
            "mean": 0.023921417072415352
        },
        "layers.1": {
            "std": 0.9079831838607788,
            "mean": -0.2198701947927475
        },
        "layers.2": {
            "std": 4.175744533538818,
            "mean": -4.978326320648193
        }
    },
    "ruby_scores": {
        "fsa_2": {
            "mean": 0.34333001635968685,
            "std": 0.0705181211233139
        },
        "fsa_inf": {
            "mean": 0.34887079522013664,
            "std": 0.10512129962444305
        },
        "fsd_2": {
            "mean": 0.4712323509156704,
            "std": 0.07369986921548843
        },
        "fsd_inf": {
            "mean": 0.8482796754688025,
            "std": 0.0561031810939312
        }
    },
    "noise_sensitivity": {
        "fgsm": {
            "mean": 0.03611221655993742,
            "std": 0.02129969373345375
        }
    },
    "hyper_parameter": {
        "dataset": "mnist",
        "hidden_dim": 200,
        "training_noise": 0.0,
        "test_noise": 0.2,
        "batch_size": 32,
        "learning_rate": 2e-05,
        "weight_decay": 0.0001,
        "epochs": 100,
        "created_on": "2025_09_10_17_53_03",
        "seed": 4204981,
        "subset": 10000,
        "sigma": 1.2,
        "neurons": 4,
        "orientation": [
            -2,
            2
        ],
        "activation": "tuning_curve",
        "stimulus": "RAND_UNIFORM"
    }
}