{
    "network": "population",
    "avg_loss": 0.2964294239645824,
    "accuracy": 90.7,
    "sharpness_scores": {
        "layers.0.weight": 0.9001649577403441,
        "layers.0.bias": 0.0007694513769820333,
        "layers.2.weight": 0.4889857486123219,
        "layers.2.bias": 0.008139890269376338
    },
    "activation_scores": {
        "layers.0": {
            "std": 0.7958688139915466,
            "mean": 0.0749923512339592
        },
        "layers.1": {
            "std": 1.0198416709899902,
            "mean": 0.11256059259176254
        },
        "layers.2": {
            "std": 4.934217929840088,
            "mean": -2.5312983989715576
        }
    },
    "ruby_scores": {
        "fsa_2": {
            "mean": 0.3346212487667799,
            "std": 0.06752713024616241
        },
        "fsa_inf": {
            "mean": 0.3433249909430742,
            "std": 0.10968166589736938
        },
        "fsd_2": {
            "mean": 0.46884076949208975,
            "std": 0.07134672999382019
        },
        "fsd_inf": {
            "mean": 0.8439493048936129,
            "std": 0.05631515756249428
        }
    },
    "noise_sensitivity": {
        "fgsm": {
            "mean": 0.026947016275655725,
            "std": 0.015497078187763691
        }
    },
    "hyper_parameter": {
        "dataset": "mnist",
        "hidden_dim": 200,
        "training_noise": 0.0,
        "test_noise": 0.2,
        "batch_size": 32,
        "learning_rate": 2e-05,
        "weight_decay": 0.0001,
        "epochs": 100,
        "created_on": "2025_09_10_17_53_03",
        "seed": 6284120,
        "subset": 10000,
        "sigma": 1.2,
        "neurons": 4,
        "orientation": [
            -4,
            4
        ],
        "activation": "tuning_curve",
        "stimulus": "LINEAR"
    }
}