{
    "network": "population",
    "avg_loss": 0.30417173577006906,
    "accuracy": 90.60000000000001,
    "sharpness_scores": {
        "layers.0.weight": 0.8686336070531979,
        "layers.0.bias": 0.007290403940714896,
        "layers.2.weight": 0.4476322956616059,
        "layers.2.bias": 0.003617609036155045
    },
    "activation_scores": {
        "layers.0": {
            "std": 0.7997848391532898,
            "mean": 0.5485569834709167
        },
        "layers.1": {
            "std": 0.9265316128730774,
            "mean": 0.7239705920219421
        },
        "layers.2": {
            "std": 4.9184651374816895,
            "mean": -5.391564846038818
        }
    },
    "ruby_scores": {
        "fsa_2": {
            "mean": 0.3339664191007614,
            "std": 0.07358472049236298
        },
        "fsa_inf": {
            "mean": 0.34469252824783325,
            "std": 0.11226760596036911
        },
        "fsd_2": {
            "mean": 0.47009081207215786,
            "std": 0.07124856859445572
        },
        "fsd_inf": {
            "mean": 0.8484443258494139,
            "std": 0.05613254755735397
        }
    },
    "noise_sensitivity": {
        "fgsm": {
            "mean": 0.027818581048958093,
            "std": 0.015767917037010193
        }
    },
    "hyper_parameter": {
        "dataset": "mnist",
        "hidden_dim": 200,
        "training_noise": 0.0,
        "test_noise": 0.2,
        "batch_size": 32,
        "learning_rate": 2e-05,
        "weight_decay": 0.0001,
        "epochs": 100,
        "created_on": "2025_09_10_17_53_03",
        "seed": 1279662,
        "subset": 10000,
        "sigma": 0.8,
        "neurons": 8,
        "orientation": [
            -4,
            4
        ],
        "activation": "tuning_curve",
        "stimulus": "LINEAR"
    }
}