{
    "network": "population",
    "avg_loss": 0.28470112872309983,
    "accuracy": 91.0,
    "sharpness_scores": {
        "layers.0.weight": 0.6076681555714458,
        "layers.0.bias": 0.0026715623680502176,
        "layers.2.weight": 0.758290650555864,
        "layers.2.bias": 0.003555274335667491
    },
    "activation_scores": {
        "layers.0": {
            "std": 1.1265424489974976,
            "mean": 0.8330050706863403
        },
        "layers.1": {
            "std": 1.053608775138855,
            "mean": 0.3054743707180023
        },
        "layers.2": {
            "std": 4.574361801147461,
            "mean": -5.654012680053711
        }
    },
    "ruby_scores": {
        "fsa_2": {
            "mean": 0.3444451130926609,
            "std": 0.07749874889850616
        },
        "fsa_inf": {
            "mean": 0.3481049258261919,
            "std": 0.10560436546802521
        },
        "fsd_2": {
            "mean": 0.469479663297534,
            "std": 0.07249010354280472
        },
        "fsd_inf": {
            "mean": 0.8485922534018755,
            "std": 0.05613815784454346
        }
    },
    "noise_sensitivity": {
        "fgsm": {
            "mean": 0.031040318986972803,
            "std": 0.01744672656059265
        }
    },
    "hyper_parameter": {
        "dataset": "mnist",
        "hidden_dim": 200,
        "training_noise": 0.0,
        "test_noise": 0.2,
        "batch_size": 32,
        "learning_rate": 2e-05,
        "weight_decay": 0.0001,
        "epochs": 100,
        "created_on": "2025_09_10_17_53_03",
        "seed": 4888887,
        "subset": 10000,
        "sigma": 1.2,
        "neurons": 8,
        "orientation": [
            -3,
            3
        ],
        "activation": "tuning_curve",
        "stimulus": "RAND_UNIFORM"
    }
}