{
    "network": "population",
    "avg_loss": 0.25723231863230467,
    "accuracy": 91.4,
    "sharpness_scores": {
        "layers.0.weight": 0.6566172344610095,
        "layers.0.bias": 0.014729243353940547,
        "layers.2.weight": 0.41296512819826603,
        "layers.2.bias": 0.005453919875435531
    },
    "activation_scores": {
        "layers.0": {
            "std": 1.208556056022644,
            "mean": -0.7647033929824829
        },
        "layers.1": {
            "std": 0.8964294791221619,
            "mean": -0.4330208897590637
        },
        "layers.2": {
            "std": 3.99124813079834,
            "mean": -11.340072631835938
        }
    },
    "ruby_scores": {
        "fsa_2": {
            "mean": 0.3443207871168852,
            "std": 0.0703020691871643
        },
        "fsa_inf": {
            "mean": 0.3526804093271494,
            "std": 0.1124468445777893
        },
        "fsd_2": {
            "mean": 0.4648313159123063,
            "std": 0.07119932025671005
        },
        "fsd_inf": {
            "mean": 0.8466734457761049,
            "std": 0.05786524713039398
        }
    },
    "noise_sensitivity": {
        "fgsm": {
            "mean": 0.036277947619312065,
            "std": 0.02157946489751339
        }
    },
    "hyper_parameter": {
        "dataset": "mnist",
        "hidden_dim": 200,
        "training_noise": 0.0,
        "test_noise": 0.2,
        "batch_size": 32,
        "learning_rate": 2e-05,
        "weight_decay": 0.0001,
        "epochs": 100,
        "created_on": "2025_09_10_17_53_03",
        "seed": 2676453,
        "subset": 10000,
        "sigma": 0.8,
        "neurons": 4,
        "orientation": [
            -2,
            2
        ],
        "activation": "tuning_curve",
        "stimulus": "RAND_NORMAL"
    }
}