{
    "network": "population",
    "avg_loss": 0.2239902353612706,
    "accuracy": 92.80000000000001,
    "sharpness_scores": {
        "layers.0.weight": 1.219743121531792,
        "layers.0.bias": 0.02073938527610153,
        "layers.2.weight": 0.1449747303267941,
        "layers.2.bias": 0.004162149387411773
    },
    "activation_scores": {
        "layers.0": {
            "std": 0.8568429946899414,
            "mean": -0.14684632420539856
        },
        "layers.1": {
            "std": 0.6151658892631531,
            "mean": 0.007365379482507706
        },
        "layers.2": {
            "std": 3.7764551639556885,
            "mean": -4.447588920593262
        }
    },
    "ruby_scores": {
        "fsa_2": {
            "mean": 0.34295573830604553,
            "std": 0.06937897205352783
        },
        "fsa_inf": {
            "mean": 0.353574538603425,
            "std": 0.09935880452394485
        },
        "fsd_2": {
            "mean": 0.4680862994864583,
            "std": 0.05694061890244484
        },
        "fsd_inf": {
            "mean": 0.8541660364717245,
            "std": 0.05857955291867256
        }
    },
    "noise_sensitivity": {
        "fgsm": {
            "mean": 0.03632862397483317,
            "std": 0.023311151191592216
        }
    },
    "hyper_parameter": {
        "dataset": "mnist",
        "hidden_dim": 200,
        "training_noise": 0.0,
        "test_noise": 0.2,
        "batch_size": 32,
        "learning_rate": 2e-05,
        "weight_decay": 0.0001,
        "epochs": 100,
        "created_on": "2025_09_10_17_53_03",
        "seed": 3634490,
        "subset": 10000,
        "sigma": 0.4,
        "neurons": 8,
        "orientation": [
            -1,
            1
        ],
        "activation": "tuning_curve",
        "stimulus": "RAND_UNIFORM"
    }
}