{
    "network": "population",
    "avg_loss": 0.2618959213141352,
    "accuracy": 91.60000000000001,
    "sharpness_scores": {
        "layers.0.weight": 0.5396016284357756,
        "layers.0.bias": 0.019404141698032618,
        "layers.2.weight": 0.2985178113449365,
        "layers.2.bias": 0.007716715801507235
    },
    "activation_scores": {
        "layers.0": {
            "std": 1.0645068883895874,
            "mean": -0.916327178478241
        },
        "layers.1": {
            "std": 0.6535531878471375,
            "mean": -0.4316475987434387
        },
        "layers.2": {
            "std": 3.8909173011779785,
            "mean": -6.390041828155518
        }
    },
    "ruby_scores": {
        "fsa_2": {
            "mean": 0.34167322143912315,
            "std": 0.06672266870737076
        },
        "fsa_inf": {
            "mean": 0.34531416930258274,
            "std": 0.10149477422237396
        },
        "fsd_2": {
            "mean": 0.4645722769200802,
            "std": 0.07503647357225418
        },
        "fsd_inf": {
            "mean": 0.8480201922357082,
            "std": 0.056081563234329224
        }
    },
    "noise_sensitivity": {
        "fgsm": {
            "mean": 0.03626653511884785,
            "std": 0.02183457650244236
        }
    },
    "hyper_parameter": {
        "dataset": "mnist",
        "hidden_dim": 200,
        "training_noise": 0.0,
        "test_noise": 0.2,
        "batch_size": 32,
        "learning_rate": 2e-05,
        "weight_decay": 0.0001,
        "epochs": 100,
        "created_on": "2025_09_10_17_53_03",
        "seed": 1659430,
        "subset": 10000,
        "sigma": 0.8,
        "neurons": 8,
        "orientation": [
            -1,
            1
        ],
        "activation": "tuning_curve",
        "stimulus": "RAND_NORMAL"
    }
}