{
    "network": "population",
    "avg_loss": 0.2555343136191368,
    "accuracy": 91.5,
    "sharpness_scores": {
        "layers.0.weight": 1.0070872362703085,
        "layers.0.bias": 0.024498088750988245,
        "layers.2.weight": 1.4851482082158327,
        "layers.2.bias": 0.005044095683842897
    },
    "activation_scores": {
        "layers.0": {
            "std": 1.1642937660217285,
            "mean": -1.0327049493789673
        },
        "layers.1": {
            "std": 1.448622703552246,
            "mean": -1.2789946794509888
        },
        "layers.2": {
            "std": 4.510056495666504,
            "mean": -1.8325663805007935
        }
    },
    "ruby_scores": {
        "fsa_2": {
            "mean": 0.34417138434946537,
            "std": 0.08425752818584442
        },
        "fsa_inf": {
            "mean": 0.354665145277977,
            "std": 0.12665821611881256
        },
        "fsd_2": {
            "mean": 0.47103727236390114,
            "std": 0.08313629031181335
        },
        "fsd_inf": {
            "mean": 0.8553427960723639,
            "std": 0.03840857744216919
        }
    },
    "noise_sensitivity": {
        "fgsm": {
            "mean": 0.029543610702490158,
            "std": 0.01664196513593197
        }
    },
    "hyper_parameter": {
        "dataset": "mnist",
        "hidden_dim": 200,
        "training_noise": 0.0,
        "test_noise": 0.2,
        "batch_size": 32,
        "learning_rate": 2e-05,
        "weight_decay": 0.0001,
        "epochs": 100,
        "created_on": "2025_09_10_17_53_03",
        "seed": 9451491,
        "subset": 10000,
        "sigma": 1.2,
        "neurons": 4,
        "orientation": [
            -4,
            4
        ],
        "activation": "tuning_curve",
        "stimulus": "RAND_UNIFORM"
    }
}