{
    "network": "population",
    "avg_loss": 0.23166351683903486,
    "accuracy": 92.5,
    "sharpness_scores": {
        "layers.0.weight": 1.1210739937378094,
        "layers.0.bias": 0.02711623872164637,
        "layers.2.weight": 0.32869407383259386,
        "layers.2.bias": 0.001731604221276939
    },
    "activation_scores": {
        "layers.0": {
            "std": 0.909181535243988,
            "mean": 0.41998255252838135
        },
        "layers.1": {
            "std": 0.8180285096168518,
            "mean": 0.35448023676872253
        },
        "layers.2": {
            "std": 4.020419597625732,
            "mean": -10.827821731567383
        }
    },
    "ruby_scores": {
        "fsa_2": {
            "mean": 0.341797087341547,
            "std": 0.08024416863918304
        },
        "fsa_inf": {
            "mean": 0.3456994779407978,
            "std": 0.11350473761558533
        },
        "fsd_2": {
            "mean": 0.4630572833120823,
            "std": 0.08442123234272003
        },
        "fsd_inf": {
            "mean": 0.8517549652606249,
            "std": 0.03933682292699814
        }
    },
    "noise_sensitivity": {
        "fgsm": {
            "mean": 0.03338491281382016,
            "std": 0.020530149340629578
        }
    },
    "hyper_parameter": {
        "dataset": "mnist",
        "hidden_dim": 200,
        "training_noise": 0.0,
        "test_noise": 0.2,
        "batch_size": 32,
        "learning_rate": 2e-05,
        "weight_decay": 0.0001,
        "epochs": 100,
        "created_on": "2025_09_10_17_53_03",
        "seed": 7341423,
        "subset": 10000,
        "sigma": 0.4,
        "neurons": 8,
        "orientation": [
            -4,
            4
        ],
        "activation": "tuning_curve",
        "stimulus": "RAND_NORMAL"
    }
}