{
    "network": "population",
    "avg_loss": 0.23509097273927182,
    "accuracy": 92.2,
    "sharpness_scores": {
        "layers.0.weight": 1.231118576717563,
        "layers.0.bias": 0.01560509658884257,
        "layers.2.weight": 0.9124399163993075,
        "layers.2.bias": 0.003641034825704992
    },
    "activation_scores": {
        "layers.0": {
            "std": 1.0095356702804565,
            "mean": -0.4580712914466858
        },
        "layers.1": {
            "std": 1.2053123712539673,
            "mean": -0.4173280596733093
        },
        "layers.2": {
            "std": 4.4110612869262695,
            "mean": -10.851347923278809
        }
    },
    "ruby_scores": {
        "fsa_2": {
            "mean": 0.34414570592343807,
            "std": 0.0700594112277031
        },
        "fsa_inf": {
            "mean": 0.3506480176001787,
            "std": 0.10139486938714981
        },
        "fsd_2": {
            "mean": 0.4590928154066205,
            "std": 0.0738803818821907
        },
        "fsd_inf": {
            "mean": 0.8420099280774593,
            "std": 0.058220937848091125
        }
    },
    "noise_sensitivity": {
        "fgsm": {
            "mean": 0.02992468420188447,
            "std": 0.017384082078933716
        }
    },
    "hyper_parameter": {
        "dataset": "mnist",
        "hidden_dim": 200,
        "training_noise": 0.0,
        "test_noise": 0.2,
        "batch_size": 32,
        "learning_rate": 2e-05,
        "weight_decay": 0.0001,
        "epochs": 100,
        "created_on": "2025_09_10_17_53_03",
        "seed": 2425092,
        "subset": 10000,
        "sigma": 0.8,
        "neurons": 4,
        "orientation": [
            -3,
            3
        ],
        "activation": "tuning_curve",
        "stimulus": "RAND_UNIFORM"
    }
}