{
    "network": "population",
    "avg_loss": 0.30107104731723666,
    "accuracy": 90.2,
    "sharpness_scores": {
        "layers.0.weight": 0.2600570977665484,
        "layers.0.bias": 0.0024772188626229763,
        "layers.2.weight": 0.18203287944197655,
        "layers.2.bias": 0.0053281772416085005
    },
    "activation_scores": {
        "layers.0": {
            "std": 1.249566674232483,
            "mean": -0.20253942906856537
        },
        "layers.1": {
            "std": 0.5403715968132019,
            "mean": -0.05376647412776947
        },
        "layers.2": {
            "std": 4.2116594314575195,
            "mean": -2.3413636684417725
        }
    },
    "ruby_scores": {
        "fsa_2": {
            "mean": 0.33963529765605927,
            "std": 0.06483343988656998
        },
        "fsa_inf": {
            "mean": 0.3462888840585947,
            "std": 0.1069565936923027
        },
        "fsd_2": {
            "mean": 0.4724165191873908,
            "std": 0.07497192919254303
        },
        "fsd_inf": {
            "mean": 0.8507465440779924,
            "std": 0.055257201194763184
        }
    },
    "noise_sensitivity": {
        "fgsm": {
            "mean": 0.03698897128585129,
            "std": 0.0205862857401371
        }
    },
    "hyper_parameter": {
        "dataset": "mnist",
        "hidden_dim": 200,
        "training_noise": 0.0,
        "test_noise": 0.2,
        "batch_size": 32,
        "learning_rate": 2e-05,
        "weight_decay": 0.0001,
        "epochs": 100,
        "created_on": "2025_09_10_17_53_03",
        "seed": 8997937,
        "subset": 10000,
        "sigma": 1.2,
        "neurons": 4,
        "orientation": [
            -1,
            1
        ],
        "activation": "tuning_curve",
        "stimulus": "LINEAR"
    }
}