{
    "network": "population",
    "avg_loss": 0.29495879798196256,
    "accuracy": 90.7,
    "sharpness_scores": {
        "layers.0.weight": 0.33740999759174883,
        "layers.0.bias": -0.0005750025156885386,
        "layers.2.weight": 0.4353337080683559,
        "layers.2.bias": 0.0015513096004724503
    },
    "activation_scores": {
        "layers.0": {
            "std": 1.5498974323272705,
            "mean": -1.302377462387085
        },
        "layers.1": {
            "std": 0.8736322522163391,
            "mean": -1.0297266244888306
        },
        "layers.2": {
            "std": 4.187819480895996,
            "mean": -9.146672248840332
        }
    },
    "ruby_scores": {
        "fsa_2": {
            "mean": 0.3296253867447376,
            "std": 0.0701756402850151
        },
        "fsa_inf": {
            "mean": 0.3238518610596657,
            "std": 0.09214872121810913
        },
        "fsd_2": {
            "mean": 0.4681785684078932,
            "std": 0.07486817240715027
        },
        "fsd_inf": {
            "mean": 0.8480165284126997,
            "std": 0.056010760366916656
        }
    },
    "noise_sensitivity": {
        "fgsm": {
            "mean": 0.036807804392919495,
            "std": 0.020697571337223053
        }
    },
    "hyper_parameter": {
        "dataset": "mnist",
        "hidden_dim": 200,
        "training_noise": 0.0,
        "test_noise": 0.2,
        "batch_size": 32,
        "learning_rate": 2e-05,
        "weight_decay": 0.0001,
        "epochs": 100,
        "created_on": "2025_09_10_17_53_03",
        "seed": 4197791,
        "subset": 10000,
        "sigma": 1.2,
        "neurons": 8,
        "orientation": [
            -4,
            4
        ],
        "activation": "tuning_curve",
        "stimulus": "RAND_NORMAL"
    }
}