{
    "network": "population",
    "avg_loss": 0.27917686686851084,
    "accuracy": 91.10000000000001,
    "sharpness_scores": {
        "layers.0.weight": 0.8048118760343641,
        "layers.0.bias": 0.006205695681273937,
        "layers.2.weight": 1.193814750527963,
        "layers.2.bias": 0.005340987583622336
    },
    "activation_scores": {
        "layers.0": {
            "std": 1.1152334213256836,
            "mean": 1.516010046005249
        },
        "layers.1": {
            "std": 1.252318024635315,
            "mean": 1.2239826917648315
        },
        "layers.2": {
            "std": 4.704946994781494,
            "mean": -6.519646644592285
        }
    },
    "ruby_scores": {
        "fsa_2": {
            "mean": 0.3351739402860403,
            "std": 0.06645072996616364
        },
        "fsa_inf": {
            "mean": 0.3394647929817438,
            "std": 0.1097232922911644
        },
        "fsd_2": {
            "mean": 0.4682831596583128,
            "std": 0.07433997839689255
        },
        "fsd_inf": {
            "mean": 0.8496709410101175,
            "std": 0.056843385100364685
        }
    },
    "noise_sensitivity": {
        "fgsm": {
            "mean": 0.029389524689164913,
            "std": 0.01631036214530468
        }
    },
    "hyper_parameter": {
        "dataset": "mnist",
        "hidden_dim": 200,
        "training_noise": 0.0,
        "test_noise": 0.2,
        "batch_size": 32,
        "learning_rate": 2e-05,
        "weight_decay": 0.0001,
        "epochs": 100,
        "created_on": "2025_09_10_17_53_03",
        "seed": 4932860,
        "subset": 10000,
        "sigma": 1.2,
        "neurons": 8,
        "orientation": [
            -4,
            4
        ],
        "activation": "tuning_curve",
        "stimulus": "RAND_UNIFORM"
    }
}