{
    "network": "population",
    "avg_loss": 0.21936848782934248,
    "accuracy": 92.7,
    "sharpness_scores": {
        "layers.0.weight": 1.3182214645203203,
        "layers.0.bias": 0.050362736568786204,
        "layers.2.weight": 0.357941031223163,
        "layers.2.bias": 0.0021181798074394464
    },
    "activation_scores": {
        "layers.0": {
            "std": 0.8731564283370972,
            "mean": -0.8460394144058228
        },
        "layers.1": {
            "std": 0.8039821982383728,
            "mean": -0.5863907933235168
        },
        "layers.2": {
            "std": 3.895359992980957,
            "mean": -10.060193061828613
        }
    },
    "ruby_scores": {
        "fsa_2": {
            "mean": 0.3510182648897171,
            "std": 0.09192381054162979
        },
        "fsa_inf": {
            "mean": 0.3600421156734228,
            "std": 0.12610188126564026
        },
        "fsd_2": {
            "mean": 0.46918072551488876,
            "std": 0.08126480877399445
        },
        "fsd_inf": {
            "mean": 0.8600214961916208,
            "std": 0.041302237659692764
        }
    },
    "noise_sensitivity": {
        "fgsm": {
            "mean": 0.03283793098185746,
            "std": 0.021054841578006744
        }
    },
    "hyper_parameter": {
        "dataset": "mnist",
        "hidden_dim": 200,
        "training_noise": 0.0,
        "test_noise": 0.2,
        "batch_size": 32,
        "learning_rate": 2e-05,
        "weight_decay": 0.0001,
        "epochs": 100,
        "created_on": "2025_09_10_17_53_03",
        "seed": 6671597,
        "subset": 10000,
        "sigma": 0.4,
        "neurons": 4,
        "orientation": [
            -4,
            4
        ],
        "activation": "tuning_curve",
        "stimulus": "RAND_NORMAL"
    }
}