{
    "network": "population",
    "avg_loss": 0.24387351470068097,
    "accuracy": 92.30000000000001,
    "sharpness_scores": {
        "layers.0.weight": 0.8638592972420156,
        "layers.0.bias": 0.012883147690445185,
        "layers.2.weight": 0.5774282515048981,
        "layers.2.bias": 0.0010932316072285175
    },
    "activation_scores": {
        "layers.0": {
            "std": 1.0729280710220337,
            "mean": 0.7155057787895203
        },
        "layers.1": {
            "std": 0.9714710116386414,
            "mean": 0.3779807984828949
        },
        "layers.2": {
            "std": 4.1436944007873535,
            "mean": -7.884173393249512
        }
    },
    "ruby_scores": {
        "fsa_2": {
            "mean": 0.34853664971888065,
            "std": 0.08820994943380356
        },
        "fsa_inf": {
            "mean": 0.35710570961236954,
            "std": 0.12166839092969894
        },
        "fsd_2": {
            "mean": 0.46821441873908043,
            "std": 0.08680769801139832
        },
        "fsd_inf": {
            "mean": 0.84962840937078,
            "std": 0.0364052839577198
        }
    },
    "noise_sensitivity": {
        "fgsm": {
            "mean": 0.03331415879015756,
            "std": 0.01991168223321438
        }
    },
    "hyper_parameter": {
        "dataset": "mnist",
        "hidden_dim": 200,
        "training_noise": 0.0,
        "test_noise": 0.2,
        "batch_size": 32,
        "learning_rate": 2e-05,
        "weight_decay": 0.0001,
        "epochs": 100,
        "created_on": "2025_09_10_17_53_03",
        "seed": 7801583,
        "subset": 10000,
        "sigma": 0.8,
        "neurons": 4,
        "orientation": [
            -2,
            2
        ],
        "activation": "tuning_curve",
        "stimulus": "RAND_UNIFORM"
    }
}