{
    "network": "population",
    "avg_loss": 0.2809611625270918,
    "accuracy": 91.0,
    "sharpness_scores": {
        "layers.0.weight": 0.7545940455747768,
        "layers.0.bias": 0.021492962609045208,
        "layers.2.weight": 0.3233973429305479,
        "layers.2.bias": 0.0023400388890877366
    },
    "activation_scores": {
        "layers.0": {
            "std": 0.8242778182029724,
            "mean": -0.020694054663181305
        },
        "layers.1": {
            "std": 0.8692203760147095,
            "mean": 0.1362563669681549
        },
        "layers.2": {
            "std": 4.591184616088867,
            "mean": -2.3803863525390625
        }
    },
    "ruby_scores": {
        "fsa_2": {
            "mean": 0.3316609114408493,
            "std": 0.07066647708415985
        },
        "fsa_inf": {
            "mean": 0.33541274443268776,
            "std": 0.10971122980117798
        },
        "fsd_2": {
            "mean": 0.4715745756402612,
            "std": 0.08101827651262283
        },
        "fsd_inf": {
            "mean": 0.8530688975006342,
            "std": 0.05673665180802345
        }
    },
    "noise_sensitivity": {
        "fgsm": {
            "mean": 0.028803739499394746,
            "std": 0.016779117286205292
        }
    },
    "hyper_parameter": {
        "dataset": "mnist",
        "hidden_dim": 200,
        "training_noise": 0.0,
        "test_noise": 0.2,
        "batch_size": 32,
        "learning_rate": 2e-05,
        "weight_decay": 0.0001,
        "epochs": 100,
        "created_on": "2025_09_10_17_53_03",
        "seed": 1401444,
        "subset": 10000,
        "sigma": 0.8,
        "neurons": 4,
        "orientation": [
            -2,
            2
        ],
        "activation": "tuning_curve",
        "stimulus": "LINEAR"
    }
}