{
    "network": "population",
    "avg_loss": 0.23653258406557143,
    "accuracy": 92.30000000000001,
    "sharpness_scores": {
        "layers.0.weight": 1.100229507079348,
        "layers.0.bias": 0.026018026983365417,
        "layers.2.weight": 0.18655762332491577,
        "layers.2.bias": 0.0036415038630366325
    },
    "activation_scores": {
        "layers.0": {
            "std": 0.8310965895652771,
            "mean": -0.22739741206169128
        },
        "layers.1": {
            "std": 0.6582326292991638,
            "mean": -0.04359772428870201
        },
        "layers.2": {
            "std": 3.811148166656494,
            "mean": -5.271076202392578
        }
    },
    "ruby_scores": {
        "fsa_2": {
            "mean": 0.3522694315761328,
            "std": 0.070590540766716
        },
        "fsa_inf": {
            "mean": 0.3601182568818331,
            "std": 0.10564212501049042
        },
        "fsd_2": {
            "mean": 0.4680668944492936,
            "std": 0.07108414173126221
        },
        "fsd_inf": {
            "mean": 0.8457660675048828,
            "std": 0.06006893888115883
        }
    },
    "noise_sensitivity": {
        "fgsm": {
            "mean": 0.03452211182087319,
            "std": 0.021879682317376137
        }
    },
    "hyper_parameter": {
        "dataset": "mnist",
        "hidden_dim": 200,
        "training_noise": 0.0,
        "test_noise": 0.2,
        "batch_size": 32,
        "learning_rate": 2e-05,
        "weight_decay": 0.0001,
        "epochs": 100,
        "created_on": "2025_09_10_17_53_03",
        "seed": 5041095,
        "subset": 10000,
        "sigma": 0.4,
        "neurons": 8,
        "orientation": [
            -1,
            1
        ],
        "activation": "tuning_curve",
        "stimulus": "RAND_NORMAL"
    }
}