{
    "network": "population",
    "avg_loss": 0.22528426977805793,
    "accuracy": 92.7,
    "sharpness_scores": {
        "layers.0.weight": 1.032992509426549,
        "layers.0.bias": 0.018344572512432933,
        "layers.2.weight": 0.12723397836089134,
        "layers.2.bias": 0.0006192338187247515
    },
    "activation_scores": {
        "layers.0": {
            "std": 0.8711798787117004,
            "mean": -0.2704436480998993
        },
        "layers.1": {
            "std": 0.6099336743354797,
            "mean": -0.20464707911014557
        },
        "layers.2": {
            "std": 3.7879137992858887,
            "mean": -2.9107418060302734
        }
    },
    "ruby_scores": {
        "fsa_2": {
            "mean": 0.3481582198292017,
            "std": 0.08359937369823456
        },
        "fsa_inf": {
            "mean": 0.3619536906480789,
            "std": 0.1159668117761612
        },
        "fsd_2": {
            "mean": 0.47095538675785065,
            "std": 0.0817432627081871
        },
        "fsd_inf": {
            "mean": 0.8558011893182993,
            "std": 0.03952204808592796
        }
    },
    "noise_sensitivity": {
        "fgsm": {
            "mean": 0.0353977197421787,
            "std": 0.022889424115419388
        }
    },
    "hyper_parameter": {
        "dataset": "mnist",
        "hidden_dim": 200,
        "training_noise": 0.0,
        "test_noise": 0.2,
        "batch_size": 32,
        "learning_rate": 2e-05,
        "weight_decay": 0.0001,
        "epochs": 100,
        "created_on": "2025_09_10_17_53_03",
        "seed": 7517722,
        "subset": 10000,
        "sigma": 0.4,
        "neurons": 12,
        "orientation": [
            -1,
            1
        ],
        "activation": "tuning_curve",
        "stimulus": "RAND_UNIFORM"
    }
}