{
    "network": "population",
    "avg_loss": 0.2827290375716984,
    "accuracy": 91.0,
    "sharpness_scores": {
        "layers.0.weight": 0.3702068901620805,
        "layers.0.bias": 0.010719243669882417,
        "layers.2.weight": 0.6536272210069001,
        "layers.2.bias": -0.0037225873675197363
    },
    "activation_scores": {
        "layers.0": {
            "std": 1.4945591688156128,
            "mean": 0.5989125370979309
        },
        "layers.1": {
            "std": 0.8763567805290222,
            "mean": 0.727447509765625
        },
        "layers.2": {
            "std": 3.9643611907958984,
            "mean": -13.383774757385254
        }
    },
    "ruby_scores": {
        "fsa_2": {
            "mean": 0.3397562298923731,
            "std": 0.0733180120587349
        },
        "fsa_inf": {
            "mean": 0.3484129998832941,
            "std": 0.10625587403774261
        },
        "fsd_2": {
            "mean": 0.4738091705366969,
            "std": 0.06970787048339844
        },
        "fsd_inf": {
            "mean": 0.8493071608245373,
            "std": 0.056770436465740204
        }
    },
    "noise_sensitivity": {
        "fgsm": {
            "mean": 0.03908746188464427,
            "std": 0.023255355656147003
        }
    },
    "hyper_parameter": {
        "dataset": "mnist",
        "hidden_dim": 200,
        "training_noise": 0.0,
        "test_noise": 0.2,
        "batch_size": 32,
        "learning_rate": 2e-05,
        "weight_decay": 0.0001,
        "epochs": 100,
        "created_on": "2025_09_10_17_53_03",
        "seed": 3305381,
        "subset": 10000,
        "sigma": 1.2,
        "neurons": 4,
        "orientation": [
            -4,
            4
        ],
        "activation": "tuning_curve",
        "stimulus": "RAND_NORMAL"
    }
}