{
    "network": "population",
    "avg_loss": 0.2295480266911909,
    "accuracy": 92.5,
    "sharpness_scores": {
        "layers.0.weight": 1.4024013160960749,
        "layers.0.bias": 0.0455738086020574,
        "layers.2.weight": 0.33885090064723045,
        "layers.2.bias": -0.005120616871863604
    },
    "activation_scores": {
        "layers.0": {
            "std": 0.8873522281646729,
            "mean": 0.18592877686023712
        },
        "layers.1": {
            "std": 0.8015334010124207,
            "mean": 0.20502564311027527
        },
        "layers.2": {
            "std": 3.920607566833496,
            "mean": -11.609527587890625
        }
    },
    "ruby_scores": {
        "fsa_2": {
            "mean": 0.3603304475545883,
            "std": 0.08565767109394073
        },
        "fsa_inf": {
            "mean": 0.36249237693846226,
            "std": 0.1195572167634964
        },
        "fsd_2": {
            "mean": 0.4657216817140579,
            "std": 0.08411440253257751
        },
        "fsd_inf": {
            "mean": 0.8549795839935541,
            "std": 0.039892639964818954
        }
    },
    "noise_sensitivity": {
        "fgsm": {
            "mean": 0.033761596022161174,
            "std": 0.021906472742557526
        }
    },
    "hyper_parameter": {
        "dataset": "mnist",
        "hidden_dim": 200,
        "training_noise": 0.0,
        "test_noise": 0.2,
        "batch_size": 32,
        "learning_rate": 2e-05,
        "weight_decay": 0.0001,
        "epochs": 100,
        "created_on": "2025_09_10_17_53_03",
        "seed": 7086960,
        "subset": 10000,
        "sigma": 0.4,
        "neurons": 4,
        "orientation": [
            -2,
            2
        ],
        "activation": "tuning_curve",
        "stimulus": "RAND_NORMAL"
    }
}