{
    "network": "population",
    "avg_loss": 0.29375410615466535,
    "accuracy": 90.8,
    "sharpness_scores": {
        "layers.0.weight": 0.6245498436037451,
        "layers.0.bias": 0.013758605113252997,
        "layers.2.weight": 0.379648377886042,
        "layers.2.bias": -0.00014012446627020836
    },
    "activation_scores": {
        "layers.0": {
            "std": 0.9149236083030701,
            "mean": -0.028953688219189644
        },
        "layers.1": {
            "std": 0.8187400102615356,
            "mean": -0.012386512011289597
        },
        "layers.2": {
            "std": 4.572081565856934,
            "mean": -2.2119457721710205
        }
    },
    "ruby_scores": {
        "fsa_2": {
            "mean": 0.3386717960238457,
            "std": 0.06546064466238022
        },
        "fsa_inf": {
            "mean": 0.3414200656116009,
            "std": 0.10505495220422745
        },
        "fsd_2": {
            "mean": 0.47462867200374603,
            "std": 0.07507336884737015
        },
        "fsd_inf": {
            "mean": 0.8489896487444639,
            "std": 0.056248512119054794
        }
    },
    "noise_sensitivity": {
        "fgsm": {
            "mean": 0.03028146305195299,
            "std": 0.017218558117747307
        }
    },
    "hyper_parameter": {
        "dataset": "mnist",
        "hidden_dim": 200,
        "training_noise": 0.0,
        "test_noise": 0.2,
        "batch_size": 32,
        "learning_rate": 2e-05,
        "weight_decay": 0.0001,
        "epochs": 100,
        "created_on": "2025_09_10_17_53_03",
        "seed": 4397644,
        "subset": 10000,
        "sigma": 0.8,
        "neurons": 8,
        "orientation": [
            -2,
            2
        ],
        "activation": "tuning_curve",
        "stimulus": "LINEAR"
    }
}