{
    "network": "population",
    "avg_loss": 0.2785499657038599,
    "accuracy": 90.60000000000001,
    "sharpness_scores": {
        "layers.0.weight": 0.4382363136392087,
        "layers.0.bias": 0.005384396528825164,
        "layers.2.weight": 0.20580241619609296,
        "layers.2.bias": 0.0016677258536219597
    },
    "activation_scores": {
        "layers.0": {
            "std": 1.0809839963912964,
            "mean": -1.4049513339996338
        },
        "layers.1": {
            "std": 0.5860352516174316,
            "mean": -0.7925652861595154
        },
        "layers.2": {
            "std": 4.129344463348389,
            "mean": -1.4511606693267822
        }
    },
    "ruby_scores": {
        "fsa_2": {
            "mean": 0.3300689272582531,
            "std": 0.06825067847967148
        },
        "fsa_inf": {
            "mean": 0.33802115358412266,
            "std": 0.11078867316246033
        },
        "fsd_2": {
            "mean": 0.470347979106009,
            "std": 0.07799697667360306
        },
        "fsd_inf": {
            "mean": 0.8508631475269794,
            "std": 0.056106630712747574
        }
    },
    "noise_sensitivity": {
        "fgsm": {
            "mean": 0.035250638670673635,
            "std": 0.020252538844943047
        }
    },
    "hyper_parameter": {
        "dataset": "mnist",
        "hidden_dim": 200,
        "training_noise": 0.0,
        "test_noise": 0.2,
        "batch_size": 32,
        "learning_rate": 2e-05,
        "weight_decay": 0.0001,
        "epochs": 100,
        "created_on": "2025_09_10_17_53_03",
        "seed": 6353043,
        "subset": 10000,
        "sigma": 0.8,
        "neurons": 8,
        "orientation": [
            -1,
            1
        ],
        "activation": "tuning_curve",
        "stimulus": "LINEAR"
    }
}