{
    "network": "population",
    "avg_loss": 0.30673197959549725,
    "accuracy": 90.3,
    "sharpness_scores": {
        "layers.0.weight": 0.20070236339233816,
        "layers.0.bias": 0.004154357593506575,
        "layers.2.weight": 0.1465388664510101,
        "layers.2.bias": 0.008259861031547189
    },
    "activation_scores": {
        "layers.0": {
            "std": 1.3461593389511108,
            "mean": 0.7319515347480774
        },
        "layers.1": {
            "std": 0.49989211559295654,
            "mean": 0.21947835385799408
        },
        "layers.2": {
            "std": 4.14686393737793,
            "mean": -3.3994970321655273
        }
    },
    "ruby_scores": {
        "fsa_2": {
            "mean": 0.33048015646636486,
            "std": 0.06633038818836212
        },
        "fsa_inf": {
            "mean": 0.33581059239804745,
            "std": 0.10820501297712326
        },
        "fsd_2": {
            "mean": 0.4669218501076102,
            "std": 0.07375138252973557
        },
        "fsd_inf": {
            "mean": 0.8521772716194391,
            "std": 0.05684153363108635
        }
    },
    "noise_sensitivity": {
        "fgsm": {
            "mean": 0.03843606467122714,
            "std": 0.02130003459751606
        }
    },
    "hyper_parameter": {
        "dataset": "mnist",
        "hidden_dim": 200,
        "training_noise": 0.0,
        "test_noise": 0.2,
        "batch_size": 32,
        "learning_rate": 2e-05,
        "weight_decay": 0.0001,
        "epochs": 100,
        "created_on": "2025_09_10_17_53_03",
        "seed": 5614139,
        "subset": 10000,
        "sigma": 1.2,
        "neurons": 8,
        "orientation": [
            -1,
            1
        ],
        "activation": "tuning_curve",
        "stimulus": "LINEAR"
    }
}