{
    "network": "population",
    "avg_loss": 0.24369946401566267,
    "accuracy": 92.60000000000001,
    "sharpness_scores": {
        "layers.0.weight": 1.1527612125501037,
        "layers.0.bias": 0.03182276338338852,
        "layers.2.weight": 0.3019033782184124,
        "layers.2.bias": 0.0005471857730299234
    },
    "activation_scores": {
        "layers.0": {
            "std": 0.8849749565124512,
            "mean": 0.22879339754581451
        },
        "layers.1": {
            "std": 0.795728325843811,
            "mean": -0.09311623126268387
        },
        "layers.2": {
            "std": 4.047532081604004,
            "mean": -8.985300064086914
        }
    },
    "ruby_scores": {
        "fsa_2": {
            "mean": 0.36722434870898724,
            "std": 0.08622456341981888
        },
        "fsa_inf": {
            "mean": 0.3710777312517166,
            "std": 0.12019756436347961
        },
        "fsd_2": {
            "mean": 0.47198136802762747,
            "std": 0.08685602992773056
        },
        "fsd_inf": {
            "mean": 0.8535340502858162,
            "std": 0.038308802992105484
        }
    },
    "noise_sensitivity": {
        "fgsm": {
            "mean": 0.03277238136112512,
            "std": 0.020547715947031975
        }
    },
    "hyper_parameter": {
        "dataset": "mnist",
        "hidden_dim": 200,
        "training_noise": 0.0,
        "test_noise": 0.2,
        "batch_size": 32,
        "learning_rate": 2e-05,
        "weight_decay": 0.0001,
        "epochs": 100,
        "created_on": "2025_09_10_17_53_03",
        "seed": 5811469,
        "subset": 10000,
        "sigma": 0.4,
        "neurons": 8,
        "orientation": [
            -3,
            3
        ],
        "activation": "tuning_curve",
        "stimulus": "RAND_NORMAL"
    }
}