{
    "network": "population",
    "avg_loss": 0.3094991887919605,
    "accuracy": 90.3,
    "sharpness_scores": {
        "layers.0.weight": 0.7462558900006115,
        "layers.0.bias": 0.008058694889768958,
        "layers.2.weight": 0.40136451832950115,
        "layers.2.bias": 0.0009357517119497061
    },
    "activation_scores": {
        "layers.0": {
            "std": 0.8143761157989502,
            "mean": -0.4448070526123047
        },
        "layers.1": {
            "std": 0.9288710355758667,
            "mean": -0.5362922549247742
        },
        "layers.2": {
            "std": 4.896724700927734,
            "mean": 0.7901475429534912
        }
    },
    "ruby_scores": {
        "fsa_2": {
            "mean": 0.33395825885236263,
            "std": 0.071483314037323
        },
        "fsa_inf": {
            "mean": 0.34616063721477985,
            "std": 0.10960696637630463
        },
        "fsd_2": {
            "mean": 0.46664487663656473,
            "std": 0.07431886345148087
        },
        "fsd_inf": {
            "mean": 0.8476195018738508,
            "std": 0.05790150910615921
        }
    },
    "noise_sensitivity": {
        "fgsm": {
            "mean": 0.0275209685223692,
            "std": 0.01545521430671215
        }
    },
    "hyper_parameter": {
        "dataset": "mnist",
        "hidden_dim": 200,
        "training_noise": 0.0,
        "test_noise": 0.2,
        "batch_size": 32,
        "learning_rate": 2e-05,
        "weight_decay": 0.0001,
        "epochs": 100,
        "created_on": "2025_09_10_17_53_03",
        "seed": 7188525,
        "subset": 10000,
        "sigma": 1.2,
        "neurons": 4,
        "orientation": [
            -3,
            3
        ],
        "activation": "tuning_curve",
        "stimulus": "LINEAR"
    }
}