{
    "network": "population",
    "avg_loss": 0.25609300227370113,
    "accuracy": 91.5,
    "sharpness_scores": {
        "layers.0.weight": 0.7815455278614536,
        "layers.0.bias": 0.00281003734562546,
        "layers.2.weight": 0.5082543798489496,
        "layers.2.bias": 0.005618003546260297
    },
    "activation_scores": {
        "layers.0": {
            "std": 1.026391863822937,
            "mean": 0.807019054889679
        },
        "layers.1": {
            "std": 0.8776620030403137,
            "mean": 0.24811317026615143
        },
        "layers.2": {
            "std": 4.276963233947754,
            "mean": -6.25691556930542
        }
    },
    "ruby_scores": {
        "fsa_2": {
            "mean": 0.33649859949946404,
            "std": 0.06916891783475876
        },
        "fsa_inf": {
            "mean": 0.34582762978971004,
            "std": 0.12079886347055435
        },
        "fsd_2": {
            "mean": 0.46811051294207573,
            "std": 0.07033061981201172
        },
        "fsd_inf": {
            "mean": 0.8460449483245611,
            "std": 0.058467913419008255
        }
    },
    "noise_sensitivity": {
        "fgsm": {
            "mean": 0.03246947559362654,
            "std": 0.018691470846533775
        }
    },
    "hyper_parameter": {
        "dataset": "mnist",
        "hidden_dim": 200,
        "training_noise": 0.0,
        "test_noise": 0.2,
        "batch_size": 32,
        "learning_rate": 2e-05,
        "weight_decay": 0.0001,
        "epochs": 100,
        "created_on": "2025_09_10_17_53_03",
        "seed": 4201296,
        "subset": 10000,
        "sigma": 0.8,
        "neurons": 8,
        "orientation": [
            -2,
            2
        ],
        "activation": "tuning_curve",
        "stimulus": "RAND_UNIFORM"
    }
}