{
    "network": "population",
    "avg_loss": 0.26658554445020854,
    "accuracy": 91.5,
    "sharpness_scores": {
        "layers.0.weight": 0.5015264332760125,
        "layers.0.bias": 0.008044337155297399,
        "layers.2.weight": 0.23062136466614902,
        "layers.2.bias": -0.0014720768667757511
    },
    "activation_scores": {
        "layers.0": {
            "std": 1.3428881168365479,
            "mean": 0.7186936736106873
        },
        "layers.1": {
            "std": 0.6385786533355713,
            "mean": -0.33119839429855347
        },
        "layers.2": {
            "std": 3.637625217437744,
            "mean": -8.941289901733398
        }
    },
    "ruby_scores": {
        "fsa_2": {
            "mean": 0.31861461885273457,
            "std": 0.07218274474143982
        },
        "fsa_inf": {
            "mean": 0.3293628003448248,
            "std": 0.10751045495271683
        },
        "fsd_2": {
            "mean": 0.46515260729938745,
            "std": 0.07406103610992432
        },
        "fsd_inf": {
            "mean": 0.8490342907607555,
            "std": 0.055662643164396286
        }
    },
    "noise_sensitivity": {
        "fgsm": {
            "mean": 0.0421630751318839,
            "std": 0.025238873437047005
        }
    },
    "hyper_parameter": {
        "dataset": "mnist",
        "hidden_dim": 200,
        "training_noise": 0.0,
        "test_noise": 0.2,
        "batch_size": 32,
        "learning_rate": 2e-05,
        "weight_decay": 0.0001,
        "epochs": 100,
        "created_on": "2025_09_10_17_53_03",
        "seed": 4270783,
        "subset": 10000,
        "sigma": 1.2,
        "neurons": 4,
        "orientation": [
            -1,
            1
        ],
        "activation": "tuning_curve",
        "stimulus": "RAND_NORMAL"
    }
}