{
    "network": "linear",
    "avg_loss": 0.32215528981760144,
    "accuracy": 90.3,
    "sharpness_scores": {
        "layers.0.weight": 0.47663503466174006,
        "layers.0.bias": 0.00962537107989192,
        "layers.2.weight": 1.4352385574020445,
        "layers.2.bias": 0.00017363508231937885
    },
    "activation_scores": {
        "layers.0": {
            "std": 0.93614661693573,
            "mean": 14.327950477600098
        },
        "layers.1": {
            "std": 0.8149582743644714,
            "mean": 15.38422966003418
        },
        "layers.2": {
            "std": 3.8530211448669434,
            "mean": -28.29943084716797
        }
    },
    "ruby_scores": {
        "fsa_2": {
            "mean": 0.31999012269079685,
            "std": 0.0749109536409378
        },
        "fsa_inf": {
            "mean": 0.32727736607193947,
            "std": 0.08996344357728958
        },
        "fsd_2": {
            "mean": 0.46648060623556376,
            "std": 0.0675494372844696
        },
        "fsd_inf": {
            "mean": 0.8566282577812672,
            "std": 0.05797936022281647
        }
    },
    "noise_sensitivity": {
        "fgsm": {
            "mean": 0.04514471113213518,
            "std": 0.025023706257343292
        }
    },
    "hyper_parameter": {
        "dataset": "mnist",
        "hidden_dim": 200,
        "training_noise": 0.0,
        "test_noise": 0.2,
        "batch_size": 32,
        "learning_rate": 1e-05,
        "weight_decay": 0.0001,
        "epochs": 100,
        "created_on": "2025_09_10_17_53_03",
        "seed": 2350727,
        "subset": 10000
    }
}