{
    "network": "population",
    "avg_loss": 0.25752444041427225,
    "accuracy": 92.10000000000001,
    "sharpness_scores": {
        "layers.0.weight": 0.6350669773528352,
        "layers.0.bias": 0.006963727413676679,
        "layers.2.weight": 0.6318545282119885,
        "layers.2.bias": 0.002831508289091289
    },
    "activation_scores": {
        "layers.0": {
            "std": 1.2281900644302368,
            "mean": 0.05605705454945564
        },
        "layers.1": {
            "std": 0.9057938456535339,
            "mean": -0.20860764384269714
        },
        "layers.2": {
            "std": 4.184032440185547,
            "mean": -11.59498119354248
        }
    },
    "ruby_scores": {
        "fsa_2": {
            "mean": 0.34125250950455666,
            "std": 0.06402682512998581
        },
        "fsa_inf": {
            "mean": 0.3456795662641525,
            "std": 0.10601317882537842
        },
        "fsd_2": {
            "mean": 0.4659714987501502,
            "std": 0.07185101509094238
        },
        "fsd_inf": {
            "mean": 0.8467317260801792,
            "std": 0.05882521718740463
        }
    },
    "noise_sensitivity": {
        "fgsm": {
            "mean": 0.03535081798982861,
            "std": 0.020634766668081284
        }
    },
    "hyper_parameter": {
        "dataset": "mnist",
        "hidden_dim": 200,
        "training_noise": 0.0,
        "test_noise": 0.2,
        "batch_size": 32,
        "learning_rate": 2e-05,
        "weight_decay": 0.0001,
        "epochs": 100,
        "created_on": "2025_09_10_17_53_03",
        "seed": 1622007,
        "subset": 10000,
        "sigma": 0.8,
        "neurons": 8,
        "orientation": [
            -4,
            4
        ],
        "activation": "tuning_curve",
        "stimulus": "RAND_NORMAL"
    }
}