{
    "network": "population",
    "avg_loss": 0.26574929838534445,
    "accuracy": 92.10000000000001,
    "sharpness_scores": {
        "layers.0.weight": 0.7958711046958342,
        "layers.0.bias": 0.007509194896556437,
        "layers.2.weight": 0.3875588240334764,
        "layers.2.bias": 0.001772436429746449
    },
    "activation_scores": {
        "layers.0": {
            "std": 1.1530251502990723,
            "mean": -0.45881661772727966
        },
        "layers.1": {
            "std": 0.8470184803009033,
            "mean": -0.03197026997804642
        },
        "layers.2": {
            "std": 4.002987861633301,
            "mean": -9.898950576782227
        }
    },
    "ruby_scores": {
        "fsa_2": {
            "mean": 0.34736743941903114,
            "std": 0.06776726990938187
        },
        "fsa_inf": {
            "mean": 0.35017055086791515,
            "std": 0.10974198579788208
        },
        "fsd_2": {
            "mean": 0.46278361696749926,
            "std": 0.07250369340181351
        },
        "fsd_inf": {
            "mean": 0.8479055352509022,
            "std": 0.05803209915757179
        }
    },
    "noise_sensitivity": {
        "fgsm": {
            "mean": 0.03542279631510926,
            "std": 0.02163955569267273
        }
    },
    "hyper_parameter": {
        "dataset": "mnist",
        "hidden_dim": 200,
        "training_noise": 0.0,
        "test_noise": 0.2,
        "batch_size": 32,
        "learning_rate": 2e-05,
        "weight_decay": 0.0001,
        "epochs": 100,
        "created_on": "2025_09_10_17_53_03",
        "seed": 6653130,
        "subset": 10000,
        "sigma": 0.8,
        "neurons": 4,
        "orientation": [
            -2,
            2
        ],
        "activation": "tuning_curve",
        "stimulus": "RAND_NORMAL"
    }
}