{
    "network": "population",
    "avg_loss": 0.25515052722766995,
    "accuracy": 91.3,
    "sharpness_scores": {
        "layers.0.weight": 0.6865492737852037,
        "layers.0.bias": 0.017381118377670646,
        "layers.2.weight": 0.5469972430728376,
        "layers.2.bias": 0.003314633504487574
    },
    "activation_scores": {
        "layers.0": {
            "std": 1.158919095993042,
            "mean": 0.7473403811454773
        },
        "layers.1": {
            "std": 0.8755965828895569,
            "mean": 0.3269846439361572
        },
        "layers.2": {
            "std": 4.069638729095459,
            "mean": -8.929489135742188
        }
    },
    "ruby_scores": {
        "fsa_2": {
            "mean": 0.3411888610571623,
            "std": 0.06595765054225922
        },
        "fsa_inf": {
            "mean": 0.350632406771183,
            "std": 0.10714120417833328
        },
        "fsd_2": {
            "mean": 0.46722023375332355,
            "std": 0.0751701146364212
        },
        "fsd_inf": {
            "mean": 0.8448826428502798,
            "std": 0.057585399597883224
        }
    },
    "noise_sensitivity": {
        "fgsm": {
            "mean": 0.035901262662629434,
            "std": 0.020806297659873962
        }
    },
    "hyper_parameter": {
        "dataset": "mnist",
        "hidden_dim": 200,
        "training_noise": 0.0,
        "test_noise": 0.2,
        "batch_size": 32,
        "learning_rate": 2e-05,
        "weight_decay": 0.0001,
        "epochs": 100,
        "created_on": "2025_09_10_17_53_03",
        "seed": 5275913,
        "subset": 10000,
        "sigma": 0.8,
        "neurons": 4,
        "orientation": [
            -3,
            3
        ],
        "activation": "tuning_curve",
        "stimulus": "RAND_NORMAL"
    }
}