{
    "network": "population",
    "avg_loss": 0.22404664300847799,
    "accuracy": 93.2,
    "sharpness_scores": {
        "layers.0.weight": 1.4086372003657743,
        "layers.0.bias": 0.05343246192205697,
        "layers.2.weight": 1.3391160209430382,
        "layers.2.bias": -0.0012386970920488238
    },
    "activation_scores": {
        "layers.0": {
            "std": 1.0660206079483032,
            "mean": 0.3760249614715576
        },
        "layers.1": {
            "std": 1.4478788375854492,
            "mean": 0.458669513463974
        },
        "layers.2": {
            "std": 4.476175308227539,
            "mean": -5.821770668029785
        }
    },
    "ruby_scores": {
        "fsa_2": {
            "mean": 0.34265104681253433,
            "std": 0.078565314412117
        },
        "fsa_inf": {
            "mean": 0.3398140389472246,
            "std": 0.09065625071525574
        },
        "fsd_2": {
            "mean": 0.4656124096363783,
            "std": 0.061410728842020035
        },
        "fsd_inf": {
            "mean": 0.8493609484285116,
            "std": 0.05955872684717178
        }
    },
    "noise_sensitivity": {
        "fgsm": {
            "mean": 0.028919877628609376,
            "std": 0.01691381447017193
        }
    },
    "hyper_parameter": {
        "dataset": "mnist",
        "hidden_dim": 200,
        "training_noise": 0.0,
        "test_noise": 0.2,
        "batch_size": 32,
        "learning_rate": 2e-05,
        "weight_decay": 0.0001,
        "epochs": 100,
        "created_on": "2025_09_10_17_53_03",
        "seed": 2594258,
        "subset": 10000,
        "sigma": 0.8,
        "neurons": 4,
        "orientation": [
            -4,
            4
        ],
        "activation": "tuning_curve",
        "stimulus": "RAND_UNIFORM"
    }
}