{
    "network": "population",
    "avg_loss": 0.263330374029465,
    "accuracy": 91.8,
    "sharpness_scores": {
        "layers.0.weight": 1.0241428593872115,
        "layers.0.bias": 0.013447550474666059,
        "layers.2.weight": 1.4446352719096467,
        "layers.2.bias": 0.0031981620704755187
    },
    "activation_scores": {
        "layers.0": {
            "std": 1.1707159280776978,
            "mean": 0.9633448719978333
        },
        "layers.1": {
            "std": 1.4444341659545898,
            "mean": -0.059008292853832245
        },
        "layers.2": {
            "std": 4.45710563659668,
            "mean": -8.846662521362305
        }
    },
    "ruby_scores": {
        "fsa_2": {
            "mean": 0.3329370226711035,
            "std": 0.08641446381807327
        },
        "fsa_inf": {
            "mean": 0.3564997911453247,
            "std": 0.12064053118228912
        },
        "fsd_2": {
            "mean": 0.47085025161504745,
            "std": 0.08619765937328339
        },
        "fsd_inf": {
            "mean": 0.8521711714565754,
            "std": 0.03783666715025902
        }
    },
    "noise_sensitivity": {
        "fgsm": {
            "mean": 0.029961248376125963,
            "std": 0.016983821988105774
        }
    },
    "hyper_parameter": {
        "dataset": "mnist",
        "hidden_dim": 200,
        "training_noise": 0.0,
        "test_noise": 0.2,
        "batch_size": 32,
        "learning_rate": 2e-05,
        "weight_decay": 0.0001,
        "epochs": 100,
        "created_on": "2025_09_10_17_53_03",
        "seed": 5980413,
        "subset": 10000,
        "sigma": 1.2,
        "neurons": 4,
        "orientation": [
            -4,
            4
        ],
        "activation": "tuning_curve",
        "stimulus": "RAND_UNIFORM"
    }
}