{
    "network": "population",
    "avg_loss": 0.27394006331451237,
    "accuracy": 91.0,
    "sharpness_scores": {
        "layers.0.weight": 0.5350806952919811,
        "layers.0.bias": 0.009545683395117521,
        "layers.2.weight": 0.5169490163680166,
        "layers.2.bias": 0.008291338454000652
    },
    "activation_scores": {
        "layers.0": {
            "std": 1.2102036476135254,
            "mean": 0.3346405625343323
        },
        "layers.1": {
            "std": 0.8876430988311768,
            "mean": 0.22553573548793793
        },
        "layers.2": {
            "std": 4.2450337409973145,
            "mean": -9.904350280761719
        }
    },
    "ruby_scores": {
        "fsa_2": {
            "mean": 0.341107826679945,
            "std": 0.07016054540872574
        },
        "fsa_inf": {
            "mean": 0.3399836029857397,
            "std": 0.09977290034294128
        },
        "fsd_2": {
            "mean": 0.4707289105281234,
            "std": 0.07461868971586227
        },
        "fsd_inf": {
            "mean": 0.8470004517585039,
            "std": 0.05636122450232506
        }
    },
    "noise_sensitivity": {
        "fgsm": {
            "mean": 0.03444469566314053,
            "std": 0.01991409622132778
        }
    },
    "hyper_parameter": {
        "dataset": "mnist",
        "hidden_dim": 200,
        "training_noise": 0.0,
        "test_noise": 0.2,
        "batch_size": 32,
        "learning_rate": 2e-05,
        "weight_decay": 0.0001,
        "epochs": 100,
        "created_on": "2025_09_10_17_53_03",
        "seed": 5537206,
        "subset": 10000,
        "sigma": 0.8,
        "neurons": 8,
        "orientation": [
            -3,
            3
        ],
        "activation": "tuning_curve",
        "stimulus": "RAND_NORMAL"
    }
}