{
    "network": "population",
    "avg_loss": 0.2757204355439171,
    "accuracy": 91.3,
    "sharpness_scores": {
        "layers.0.weight": 0.5049872236559168,
        "layers.0.bias": 0.008788419771008193,
        "layers.2.weight": 0.450364921358414,
        "layers.2.bias": 0.008059332729317248
    },
    "activation_scores": {
        "layers.0": {
            "std": 1.1706146001815796,
            "mean": -1.0743803977966309
        },
        "layers.1": {
            "std": 0.8562257885932922,
            "mean": -0.5712152123451233
        },
        "layers.2": {
            "std": 4.174727916717529,
            "mean": -9.67418098449707
        }
    },
    "ruby_scores": {
        "fsa_2": {
            "mean": 0.3397284857928753,
            "std": 0.06459321826696396
        },
        "fsa_inf": {
            "mean": 0.34334181621670723,
            "std": 0.10359562188386917
        },
        "fsd_2": {
            "mean": 0.4668073831126094,
            "std": 0.0709979236125946
        },
        "fsd_inf": {
            "mean": 0.8479576613754034,
            "std": 0.05714040994644165
        }
    },
    "noise_sensitivity": {
        "fgsm": {
            "mean": 0.034233374426437264,
            "std": 0.0200099665671587
        }
    },
    "hyper_parameter": {
        "dataset": "mnist",
        "hidden_dim": 200,
        "training_noise": 0.0,
        "test_noise": 0.2,
        "batch_size": 32,
        "learning_rate": 2e-05,
        "weight_decay": 0.0001,
        "epochs": 100,
        "created_on": "2025_09_10_17_53_03",
        "seed": 3921238,
        "subset": 10000,
        "sigma": 0.8,
        "neurons": 8,
        "orientation": [
            -3,
            3
        ],
        "activation": "tuning_curve",
        "stimulus": "RAND_NORMAL"
    }
}