{
    "network": "population",
    "avg_loss": 0.28908132459037006,
    "accuracy": 90.7,
    "sharpness_scores": {
        "layers.0.weight": 0.3197507963050157,
        "layers.0.bias": 0.007676579523831606,
        "layers.2.weight": 0.22365432349033654,
        "layers.2.bias": 0.006134026683866978
    },
    "activation_scores": {
        "layers.0": {
            "std": 1.3732757568359375,
            "mean": 0.02395183965563774
        },
        "layers.1": {
            "std": 0.6280413866043091,
            "mean": -0.204031303524971
        },
        "layers.2": {
            "std": 3.9094536304473877,
            "mean": -7.753945827484131
        }
    },
    "ruby_scores": {
        "fsa_2": {
            "mean": 0.3238409701734781,
            "std": 0.06331956386566162
        },
        "fsa_inf": {
            "mean": 0.32493267953395844,
            "std": 0.09752029925584793
        },
        "fsd_2": {
            "mean": 0.46718307863920927,
            "std": 0.07536665350198746
        },
        "fsd_inf": {
            "mean": 0.8470172975212336,
            "std": 0.05530323460698128
        }
    },
    "noise_sensitivity": {
        "fgsm": {
            "mean": 0.03854162310594857,
            "std": 0.022481506690382957
        }
    },
    "hyper_parameter": {
        "dataset": "mnist",
        "hidden_dim": 200,
        "training_noise": 0.0,
        "test_noise": 0.2,
        "batch_size": 32,
        "learning_rate": 2e-05,
        "weight_decay": 0.0001,
        "epochs": 100,
        "created_on": "2025_09_10_17_53_03",
        "seed": 1264258,
        "subset": 10000,
        "sigma": 1.2,
        "neurons": 8,
        "orientation": [
            -1,
            1
        ],
        "activation": "tuning_curve",
        "stimulus": "RAND_NORMAL"
    }
}