{
    "network": "population",
    "avg_loss": 0.3107841624878347,
    "accuracy": 90.4,
    "sharpness_scores": {
        "layers.0.weight": 0.6718292613513768,
        "layers.0.bias": 0.007313604932278395,
        "layers.2.weight": 0.4633796992711723,
        "layers.2.bias": -0.0009604820515960455
    },
    "activation_scores": {
        "layers.0": {
            "std": 0.8310118913650513,
            "mean": -0.2320220172405243
        },
        "layers.1": {
            "std": 0.9019787907600403,
            "mean": -0.23751339316368103
        },
        "layers.2": {
            "std": 4.8675079345703125,
            "mean": -3.460998773574829
        }
    },
    "ruby_scores": {
        "fsa_2": {
            "mean": 0.33858053386211395,
            "std": 0.07126136869192123
        },
        "fsa_inf": {
            "mean": 0.3448662869632244,
            "std": 0.10931400209665298
        },
        "fsd_2": {
            "mean": 0.4659120813012123,
            "std": 0.0719340369105339
        },
        "fsd_inf": {
            "mean": 0.8481736108660698,
            "std": 0.05731545016169548
        }
    },
    "noise_sensitivity": {
        "fgsm": {
            "mean": 0.02793535961582085,
            "std": 0.0158219151198864
        }
    },
    "hyper_parameter": {
        "dataset": "mnist",
        "hidden_dim": 200,
        "training_noise": 0.0,
        "test_noise": 0.2,
        "batch_size": 32,
        "learning_rate": 2e-05,
        "weight_decay": 0.0001,
        "epochs": 100,
        "created_on": "2025_09_10_17_53_03",
        "seed": 1844664,
        "subset": 10000,
        "sigma": 0.8,
        "neurons": 8,
        "orientation": [
            -3,
            3
        ],
        "activation": "tuning_curve",
        "stimulus": "LINEAR"
    }
}