{
    "network": "population",
    "avg_loss": 0.2742369566112757,
    "accuracy": 91.0,
    "sharpness_scores": {
        "layers.0.weight": 0.5109864752739668,
        "layers.0.bias": 0.00845133769325912,
        "layers.2.weight": 0.7135848002508283,
        "layers.2.bias": 0.005199364386498928
    },
    "activation_scores": {
        "layers.0": {
            "std": 1.2947834730148315,
            "mean": -1.4375245571136475
        },
        "layers.1": {
            "std": 0.9185315370559692,
            "mean": -0.407300740480423
        },
        "layers.2": {
            "std": 4.163902282714844,
            "mean": -9.010985374450684
        }
    },
    "ruby_scores": {
        "fsa_2": {
            "mean": 0.330795606598258,
            "std": 0.06412401795387268
        },
        "fsa_inf": {
            "mean": 0.3335408382117748,
            "std": 0.10780715197324753
        },
        "fsd_2": {
            "mean": 0.46805083099752665,
            "std": 0.07634525001049042
        },
        "fsd_inf": {
            "mean": 0.8489485736936331,
            "std": 0.05648193880915642
        }
    },
    "noise_sensitivity": {
        "fgsm": {
            "mean": 0.035385615432860104,
            "std": 0.02022026851773262
        }
    },
    "hyper_parameter": {
        "dataset": "mnist",
        "hidden_dim": 200,
        "training_noise": 0.0,
        "test_noise": 0.2,
        "batch_size": 32,
        "learning_rate": 2e-05,
        "weight_decay": 0.0001,
        "epochs": 100,
        "created_on": "2025_09_10_17_53_03",
        "seed": 1022627,
        "subset": 10000,
        "sigma": 1.2,
        "neurons": 4,
        "orientation": [
            -2,
            2
        ],
        "activation": "tuning_curve",
        "stimulus": "RAND_UNIFORM"
    }
}