{
    "network": "population",
    "avg_loss": 0.2184561281464994,
    "accuracy": 93.4,
    "sharpness_scores": {
        "layers.0.weight": 1.4238724657334387,
        "layers.0.bias": 0.058656989014707506,
        "layers.2.weight": 1.1987642724998295,
        "layers.2.bias": 0.0019534219754859805
    },
    "activation_scores": {
        "layers.0": {
            "std": 1.0069513320922852,
            "mean": -0.607722818851471
        },
        "layers.1": {
            "std": 1.4117071628570557,
            "mean": -0.2577621042728424
        },
        "layers.2": {
            "std": 4.411901950836182,
            "mean": -1.2553682327270508
        }
    },
    "ruby_scores": {
        "fsa_2": {
            "mean": 0.34616570360958576,
            "std": 0.09712761640548706
        },
        "fsa_inf": {
            "mean": 0.33581995964050293,
            "std": 0.1043955609202385
        },
        "fsd_2": {
            "mean": 0.46891211066395044,
            "std": 0.07662650942802429
        },
        "fsd_inf": {
            "mean": 0.8569601401686668,
            "std": 0.0377177894115448
        }
    },
    "noise_sensitivity": {
        "fgsm": {
            "mean": 0.028943077714445632,
            "std": 0.016617685556411743
        }
    },
    "hyper_parameter": {
        "dataset": "mnist",
        "hidden_dim": 200,
        "training_noise": 0.0,
        "test_noise": 0.2,
        "batch_size": 32,
        "learning_rate": 2e-05,
        "weight_decay": 0.0001,
        "epochs": 100,
        "created_on": "2025_09_10_17_53_03",
        "seed": 9503285,
        "subset": 10000,
        "sigma": 0.8,
        "neurons": 4,
        "orientation": [
            -4,
            4
        ],
        "activation": "tuning_curve",
        "stimulus": "RAND_UNIFORM"
    }
}