{
    "network": "population",
    "avg_loss": 0.29651332343928516,
    "accuracy": 90.9,
    "sharpness_scores": {
        "layers.0.weight": 0.32791582331992686,
        "layers.0.bias": 0.0066010477021336555,
        "layers.2.weight": 0.611032814020291,
        "layers.2.bias": 0.0005016464274376631
    },
    "activation_scores": {
        "layers.0": {
            "std": 1.5333828926086426,
            "mean": -0.1372397392988205
        },
        "layers.1": {
            "std": 0.8745276927947998,
            "mean": -0.4195369482040405
        },
        "layers.2": {
            "std": 4.169376373291016,
            "mean": -8.94314193725586
        }
    },
    "ruby_scores": {
        "fsa_2": {
            "mean": 0.3299913536757231,
            "std": 0.0669613853096962
        },
        "fsa_inf": {
            "mean": 0.33487541414797306,
            "std": 0.09733645617961884
        },
        "fsd_2": {
            "mean": 0.4664004584774375,
            "std": 0.07524258643388748
        },
        "fsd_inf": {
            "mean": 0.8465255722403526,
            "std": 0.05596846342086792
        }
    },
    "noise_sensitivity": {
        "fgsm": {
            "mean": 0.03691344969253462,
            "std": 0.020915763452649117
        }
    },
    "hyper_parameter": {
        "dataset": "mnist",
        "hidden_dim": 200,
        "training_noise": 0.0,
        "test_noise": 0.2,
        "batch_size": 32,
        "learning_rate": 2e-05,
        "weight_decay": 0.0001,
        "epochs": 100,
        "created_on": "2025_09_10_17_53_03",
        "seed": 1790502,
        "subset": 10000,
        "sigma": 1.2,
        "neurons": 8,
        "orientation": [
            -4,
            4
        ],
        "activation": "tuning_curve",
        "stimulus": "RAND_NORMAL"
    }
}