{
    "network": "population",
    "avg_loss": 0.3106651359703392,
    "accuracy": 90.4,
    "sharpness_scores": {
        "layers.0.weight": 0.432349779875949,
        "layers.0.bias": 0.006700046360492706,
        "layers.2.weight": 0.32614146382547915,
        "layers.2.bias": 0.0002580806612968445
    },
    "activation_scores": {
        "layers.0": {
            "std": 0.9838509559631348,
            "mean": 0.23905614018440247
        },
        "layers.1": {
            "std": 0.7294871211051941,
            "mean": 0.18143996596336365
        },
        "layers.2": {
            "std": 4.566239356994629,
            "mean": -2.6151092052459717
        }
    },
    "ruby_scores": {
        "fsa_2": {
            "mean": 0.3361803535372019,
            "std": 0.06678620725870132
        },
        "fsa_inf": {
            "mean": 0.33903309516608715,
            "std": 0.10402292758226395
        },
        "fsd_2": {
            "mean": 0.46984665747731924,
            "std": 0.07169800996780396
        },
        "fsd_inf": {
            "mean": 0.8493179939687252,
            "std": 0.05671457201242447
        }
    },
    "noise_sensitivity": {
        "fgsm": {
            "mean": 0.03139481266935519,
            "std": 0.017396781593561172
        }
    },
    "hyper_parameter": {
        "dataset": "mnist",
        "hidden_dim": 200,
        "training_noise": 0.0,
        "test_noise": 0.2,
        "batch_size": 32,
        "learning_rate": 2e-05,
        "weight_decay": 0.0001,
        "epochs": 100,
        "created_on": "2025_09_10_17_53_03",
        "seed": 3766279,
        "subset": 10000,
        "sigma": 1.2,
        "neurons": 8,
        "orientation": [
            -2,
            2
        ],
        "activation": "tuning_curve",
        "stimulus": "LINEAR"
    }
}