{
    "network": "population",
    "avg_loss": 0.2782628554850817,
    "accuracy": 91.0,
    "sharpness_scores": {
        "layers.0.weight": 0.5234434939920902,
        "layers.0.bias": 0.0062724563758820295,
        "layers.2.weight": 0.21956427488476038,
        "layers.2.bias": 0.005603235913440585
    },
    "activation_scores": {
        "layers.0": {
            "std": 1.0247976779937744,
            "mean": 0.49903422594070435
        },
        "layers.1": {
            "std": 0.6275724172592163,
            "mean": 0.3244563043117523
        },
        "layers.2": {
            "std": 4.160719871520996,
            "mean": -0.8453666567802429
        }
    },
    "ruby_scores": {
        "fsa_2": {
            "mean": 0.33238465152680874,
            "std": 0.067545585334301
        },
        "fsa_inf": {
            "mean": 0.3342617638409138,
            "std": 0.11023040115833282
        },
        "fsd_2": {
            "mean": 0.46585369762033224,
            "std": 0.07604444772005081
        },
        "fsd_inf": {
            "mean": 0.8478039093315601,
            "std": 0.057240817695856094
        }
    },
    "noise_sensitivity": {
        "fgsm": {
            "mean": 0.03424226657972303,
            "std": 0.019811144098639488
        }
    },
    "hyper_parameter": {
        "dataset": "mnist",
        "hidden_dim": 200,
        "training_noise": 0.0,
        "test_noise": 0.2,
        "batch_size": 32,
        "learning_rate": 2e-05,
        "weight_decay": 0.0001,
        "epochs": 100,
        "created_on": "2025_09_10_17_53_03",
        "seed": 6949791,
        "subset": 10000,
        "sigma": 0.8,
        "neurons": 4,
        "orientation": [
            -1,
            1
        ],
        "activation": "tuning_curve",
        "stimulus": "LINEAR"
    }
}