{
    "network": "population",
    "avg_loss": 0.24167464731726795,
    "accuracy": 92.60000000000001,
    "sharpness_scores": {
        "layers.0.weight": 0.865112661733292,
        "layers.0.bias": 0.029217170900665224,
        "layers.2.weight": 0.20876471081282943,
        "layers.2.bias": 0.0016216733492910862
    },
    "activation_scores": {
        "layers.0": {
            "std": 0.8683496117591858,
            "mean": -0.3972971737384796
        },
        "layers.1": {
            "std": 0.614679217338562,
            "mean": -0.29114672541618347
        },
        "layers.2": {
            "std": 3.8688323497772217,
            "mean": -1.1949824094772339
        }
    },
    "ruby_scores": {
        "fsa_2": {
            "mean": 0.3327365852892399,
            "std": 0.06203426420688629
        },
        "fsa_inf": {
            "mean": 0.33250631019473076,
            "std": 0.10290679335594177
        },
        "fsd_2": {
            "mean": 0.45709090400487185,
            "std": 0.07408051192760468
        },
        "fsd_inf": {
            "mean": 0.8445364776998758,
            "std": 0.05919557437300682
        }
    },
    "noise_sensitivity": {
        "fgsm": {
            "mean": 0.035256509554594556,
            "std": 0.022081611678004265
        }
    },
    "hyper_parameter": {
        "dataset": "mnist",
        "hidden_dim": 200,
        "training_noise": 0.0,
        "test_noise": 0.2,
        "batch_size": 32,
        "learning_rate": 2e-05,
        "weight_decay": 0.0001,
        "epochs": 100,
        "created_on": "2025_09_10_17_53_03",
        "seed": 9656534,
        "subset": 10000,
        "sigma": 0.4,
        "neurons": 8,
        "orientation": [
            -1,
            1
        ],
        "activation": "tuning_curve",
        "stimulus": "LINEAR"
    }
}