{
    "network": "population",
    "avg_loss": 0.2389626468066126,
    "accuracy": 92.5,
    "sharpness_scores": {
        "layers.0.weight": 1.3149415177758783,
        "layers.0.bias": 0.046867535915225744,
        "layers.2.weight": 0.19794204249046743,
        "layers.2.bias": -0.00023160013370215893
    },
    "activation_scores": {
        "layers.0": {
            "std": 0.8277978301048279,
            "mean": -0.4881944954395294
        },
        "layers.1": {
            "std": 0.6912217140197754,
            "mean": -0.1100490391254425
        },
        "layers.2": {
            "std": 3.7224984169006348,
            "mean": -5.9360504150390625
        }
    },
    "ruby_scores": {
        "fsa_2": {
            "mean": 0.3372544404119253,
            "std": 0.06857715547084808
        },
        "fsa_inf": {
            "mean": 0.3322103787213564,
            "std": 0.09551087021827698
        },
        "fsd_2": {
            "mean": 0.4572583669796586,
            "std": 0.06192625313997269
        },
        "fsd_inf": {
            "mean": 0.849969919770956,
            "std": 0.05817164108157158
        }
    },
    "noise_sensitivity": {
        "fgsm": {
            "mean": 0.033606257542654734,
            "std": 0.022570395842194557
        }
    },
    "hyper_parameter": {
        "dataset": "mnist",
        "hidden_dim": 200,
        "training_noise": 0.0,
        "test_noise": 0.2,
        "batch_size": 32,
        "learning_rate": 2e-05,
        "weight_decay": 0.0001,
        "epochs": 100,
        "created_on": "2025_09_10_17_53_03",
        "seed": 2020429,
        "subset": 10000,
        "sigma": 0.4,
        "neurons": 4,
        "orientation": [
            -1,
            1
        ],
        "activation": "tuning_curve",
        "stimulus": "RAND_NORMAL"
    }
}