{
    "network": "population",
    "avg_loss": 0.2497444028267637,
    "accuracy": 91.8,
    "sharpness_scores": {
        "layers.0.weight": 0.9006091033807024,
        "layers.0.bias": 0.020287785097025335,
        "layers.2.weight": 0.5380098469322547,
        "layers.2.bias": -0.0005682645132765174
    },
    "activation_scores": {
        "layers.0": {
            "std": 1.0032657384872437,
            "mean": -0.2522445023059845
        },
        "layers.1": {
            "std": 0.9309354424476624,
            "mean": -0.1867409199476242
        },
        "layers.2": {
            "std": 4.122264862060547,
            "mean": -5.823912620544434
        }
    },
    "ruby_scores": {
        "fsa_2": {
            "mean": 0.34779075533151627,
            "std": 0.06415785104036331
        },
        "fsa_inf": {
            "mean": 0.3581696096807718,
            "std": 0.10460010170936584
        },
        "fsd_2": {
            "mean": 0.4709240021184087,
            "std": 0.0719560831785202
        },
        "fsd_inf": {
            "mean": 0.8467156272381544,
            "std": 0.05875612422823906
        }
    },
    "noise_sensitivity": {
        "fgsm": {
            "mean": 0.032947070902776,
            "std": 0.020397057756781578
        }
    },
    "hyper_parameter": {
        "dataset": "mnist",
        "hidden_dim": 200,
        "training_noise": 0.0,
        "test_noise": 0.2,
        "batch_size": 32,
        "learning_rate": 2e-05,
        "weight_decay": 0.0001,
        "epochs": 100,
        "created_on": "2025_09_10_17_53_03",
        "seed": 1772430,
        "subset": 10000,
        "sigma": 0.8,
        "neurons": 4,
        "orientation": [
            -2,
            2
        ],
        "activation": "tuning_curve",
        "stimulus": "RAND_UNIFORM"
    }
}