{
    "network": "population",
    "avg_loss": 0.26642493961844593,
    "accuracy": 91.2,
    "sharpness_scores": {
        "layers.0.weight": 0.8134946817299351,
        "layers.0.bias": 0.019656792283058167,
        "layers.2.weight": 0.9802139181410894,
        "layers.2.bias": 0.0045481439447030425
    },
    "activation_scores": {
        "layers.0": {
            "std": 1.1045844554901123,
            "mean": 1.1399022340774536
        },
        "layers.1": {
            "std": 1.196468472480774,
            "mean": 1.5071804523468018
        },
        "layers.2": {
            "std": 4.463015556335449,
            "mean": -9.044198036193848
        }
    },
    "ruby_scores": {
        "fsa_2": {
            "mean": 0.3432375527918339,
            "std": 0.08254396170377731
        },
        "fsa_inf": {
            "mean": 0.35305718146264553,
            "std": 0.12680090963840485
        },
        "fsd_2": {
            "mean": 0.47115648072212934,
            "std": 0.08317864686250687
        },
        "fsd_inf": {
            "mean": 0.8535599019378424,
            "std": 0.03819873929023743
        }
    },
    "noise_sensitivity": {
        "fgsm": {
            "mean": 0.030910442078796525,
            "std": 0.017426446080207825
        }
    },
    "hyper_parameter": {
        "dataset": "mnist",
        "hidden_dim": 200,
        "training_noise": 0.0,
        "test_noise": 0.2,
        "batch_size": 32,
        "learning_rate": 2e-05,
        "weight_decay": 0.0001,
        "epochs": 100,
        "created_on": "2025_09_10_17_53_03",
        "seed": 1660504,
        "subset": 10000,
        "sigma": 1.2,
        "neurons": 4,
        "orientation": [
            -3,
            3
        ],
        "activation": "tuning_curve",
        "stimulus": "RAND_UNIFORM"
    }
}