{
    "network": "population",
    "avg_loss": 0.2687960866605863,
    "accuracy": 91.8,
    "sharpness_scores": {
        "layers.0.weight": 0.8301220290595666,
        "layers.0.bias": 0.011483448441140354,
        "layers.2.weight": 0.8634173140162602,
        "layers.2.bias": -0.0011799780186265707
    },
    "activation_scores": {
        "layers.0": {
            "std": 1.1181039810180664,
            "mean": 0.07364343851804733
        },
        "layers.1": {
            "std": 1.1741737127304077,
            "mean": 0.047807496041059494
        },
        "layers.2": {
            "std": 4.417609214782715,
            "mean": -8.194993019104004
        }
    },
    "ruby_scores": {
        "fsa_2": {
            "mean": 0.34049002826213837,
            "std": 0.08432680368423462
        },
        "fsa_inf": {
            "mean": 0.3548768609762192,
            "std": 0.13066260516643524
        },
        "fsd_2": {
            "mean": 0.4666412388905883,
            "std": 0.08822956681251526
        },
        "fsd_inf": {
            "mean": 0.8519799467176199,
            "std": 0.0388171561062336
        }
    },
    "noise_sensitivity": {
        "fgsm": {
            "mean": 0.03070863433301001,
            "std": 0.01726337894797325
        }
    },
    "hyper_parameter": {
        "dataset": "mnist",
        "hidden_dim": 200,
        "training_noise": 0.0,
        "test_noise": 0.2,
        "batch_size": 32,
        "learning_rate": 2e-05,
        "weight_decay": 0.0001,
        "epochs": 100,
        "created_on": "2025_09_10_17_53_03",
        "seed": 4179307,
        "subset": 10000,
        "sigma": 1.2,
        "neurons": 4,
        "orientation": [
            -3,
            3
        ],
        "activation": "tuning_curve",
        "stimulus": "RAND_UNIFORM"
    }
}