{
    "network": "population",
    "avg_loss": 0.30470504984259605,
    "accuracy": 90.4,
    "sharpness_scores": {
        "layers.0.weight": 0.514809301123023,
        "layers.0.bias": 0.012382524786517024,
        "layers.2.weight": 0.3172242632135749,
        "layers.2.bias": -0.0029508203733712435
    },
    "activation_scores": {
        "layers.0": {
            "std": 0.9290242195129395,
            "mean": -0.3006144165992737
        },
        "layers.1": {
            "std": 0.784381628036499,
            "mean": -0.12899743020534515
        },
        "layers.2": {
            "std": 4.6663737297058105,
            "mean": -3.6438214778900146
        }
    },
    "ruby_scores": {
        "fsa_2": {
            "mean": 0.33694459684193134,
            "std": 0.07121540606021881
        },
        "fsa_inf": {
            "mean": 0.34128318913280964,
            "std": 0.10973608493804932
        },
        "fsd_2": {
            "mean": 0.46859195455908775,
            "std": 0.07152047753334045
        },
        "fsd_inf": {
            "mean": 0.8474982548505068,
            "std": 0.05779988318681717
        }
    },
    "noise_sensitivity": {
        "fgsm": {
            "mean": 0.030093644768666977,
            "std": 0.016772789880633354
        }
    },
    "hyper_parameter": {
        "dataset": "mnist",
        "hidden_dim": 200,
        "training_noise": 0.0,
        "test_noise": 0.2,
        "batch_size": 32,
        "learning_rate": 2e-05,
        "weight_decay": 0.0001,
        "epochs": 100,
        "created_on": "2025_09_10_17_53_03",
        "seed": 3214642,
        "subset": 10000,
        "sigma": 1.2,
        "neurons": 4,
        "orientation": [
            -2,
            2
        ],
        "activation": "tuning_curve",
        "stimulus": "LINEAR"
    }
}