{
    "network": "population",
    "avg_loss": 0.28212637989781797,
    "accuracy": 90.9,
    "sharpness_scores": {
        "layers.0.weight": 0.7752447503153235,
        "layers.0.bias": 0.007131199119612575,
        "layers.2.weight": 0.8685706157702953,
        "layers.2.bias": 0.0003728233277797699
    },
    "activation_scores": {
        "layers.0": {
            "std": 1.090213418006897,
            "mean": -0.34997233748435974
        },
        "layers.1": {
            "std": 1.209405541419983,
            "mean": -1.0296987295150757
        },
        "layers.2": {
            "std": 4.691503047943115,
            "mean": -7.281447410583496
        }
    },
    "ruby_scores": {
        "fsa_2": {
            "mean": 0.3357733879238367,
            "std": 0.06741376221179962
        },
        "fsa_inf": {
            "mean": 0.3421938717365265,
            "std": 0.10421007126569748
        },
        "fsd_2": {
            "mean": 0.4700542250648141,
            "std": 0.07239322364330292
        },
        "fsd_inf": {
            "mean": 0.8454284425824881,
            "std": 0.0565832257270813
        }
    },
    "noise_sensitivity": {
        "fgsm": {
            "mean": 0.029241819951336023,
            "std": 0.016094282269477844
        }
    },
    "hyper_parameter": {
        "dataset": "mnist",
        "hidden_dim": 200,
        "training_noise": 0.0,
        "test_noise": 0.2,
        "batch_size": 32,
        "learning_rate": 2e-05,
        "weight_decay": 0.0001,
        "epochs": 100,
        "created_on": "2025_09_10_17_53_03",
        "seed": 7755721,
        "subset": 10000,
        "sigma": 1.2,
        "neurons": 8,
        "orientation": [
            -4,
            4
        ],
        "activation": "tuning_curve",
        "stimulus": "RAND_UNIFORM"
    }
}