{
    "network": "population",
    "avg_loss": 0.31128200027160347,
    "accuracy": 90.10000000000001,
    "sharpness_scores": {
        "layers.0.weight": 0.6450450329575688,
        "layers.0.bias": 0.009656278882175684,
        "layers.2.weight": 0.43583578639663756,
        "layers.2.bias": -0.00016380241140723228
    },
    "activation_scores": {
        "layers.0": {
            "std": 0.8171072602272034,
            "mean": 0.5048277378082275
        },
        "layers.1": {
            "std": 0.9310842752456665,
            "mean": 0.5077025890350342
        },
        "layers.2": {
            "std": 4.919676303863525,
            "mean": -1.90202796459198
        }
    },
    "ruby_scores": {
        "fsa_2": {
            "mean": 0.33171469904482365,
            "std": 0.07322576642036438
        },
        "fsa_inf": {
            "mean": 0.3461525496095419,
            "std": 0.11277279257774353
        },
        "fsd_2": {
            "mean": 0.469505051150918,
            "std": 0.0753975510597229
        },
        "fsd_inf": {
            "mean": 0.845554007217288,
            "std": 0.0581437423825264
        }
    },
    "noise_sensitivity": {
        "fgsm": {
            "mean": 0.02760065791480924,
            "std": 0.015482572838664055
        }
    },
    "hyper_parameter": {
        "dataset": "mnist",
        "hidden_dim": 200,
        "training_noise": 0.0,
        "test_noise": 0.2,
        "batch_size": 32,
        "learning_rate": 2e-05,
        "weight_decay": 0.0001,
        "epochs": 100,
        "created_on": "2025_09_10_17_53_03",
        "seed": 9041792,
        "subset": 10000,
        "sigma": 1.2,
        "neurons": 4,
        "orientation": [
            -3,
            3
        ],
        "activation": "tuning_curve",
        "stimulus": "LINEAR"
    }
}