{
    "network": "population",
    "avg_loss": 0.25636522681452334,
    "accuracy": 92.2,
    "sharpness_scores": {
        "layers.0.weight": 0.9577599463518709,
        "layers.0.bias": 0.006522488314658403,
        "layers.2.weight": 1.2600171228405088,
        "layers.2.bias": -0.0009315327042713761
    },
    "activation_scores": {
        "layers.0": {
            "std": 1.103718876838684,
            "mean": -0.28444382548332214
        },
        "layers.1": {
            "std": 1.3847178220748901,
            "mean": -0.7189762592315674
        },
        "layers.2": {
            "std": 4.612358093261719,
            "mean": -9.446006774902344
        }
    },
    "ruby_scores": {
        "fsa_2": {
            "mean": 0.341051759198308,
            "std": 0.06523939967155457
        },
        "fsa_inf": {
            "mean": 0.352427676320076,
            "std": 0.11071953177452087
        },
        "fsd_2": {
            "mean": 0.46634660102427006,
            "std": 0.06891939789056778
        },
        "fsd_inf": {
            "mean": 0.8413854036480188,
            "std": 0.061172161251306534
        }
    },
    "noise_sensitivity": {
        "fgsm": {
            "mean": 0.028780405032736354,
            "std": 0.01627182401716709
        }
    },
    "hyper_parameter": {
        "dataset": "mnist",
        "hidden_dim": 200,
        "training_noise": 0.0,
        "test_noise": 0.2,
        "batch_size": 32,
        "learning_rate": 2e-05,
        "weight_decay": 0.0001,
        "epochs": 100,
        "created_on": "2025_09_10_17_53_03",
        "seed": 2805880,
        "subset": 10000,
        "sigma": 1.2,
        "neurons": 4,
        "orientation": [
            -4,
            4
        ],
        "activation": "tuning_curve",
        "stimulus": "RAND_UNIFORM"
    }
}