{
    "network": "population",
    "avg_loss": 0.23745688772760332,
    "accuracy": 92.10000000000001,
    "sharpness_scores": {
        "layers.0.weight": 1.1012956036720425,
        "layers.0.bias": 0.03497355058789253,
        "layers.2.weight": 0.1716284907888621,
        "layers.2.bias": -0.0010682845022529364
    },
    "activation_scores": {
        "layers.0": {
            "std": 0.8254927396774292,
            "mean": -0.1788557916879654
        },
        "layers.1": {
            "std": 0.657020092010498,
            "mean": -0.06373203545808792
        },
        "layers.2": {
            "std": 3.7881243228912354,
            "mean": -5.441413402557373
        }
    },
    "ruby_scores": {
        "fsa_2": {
            "mean": 0.348574660718441,
            "std": 0.07083038240671158
        },
        "fsa_inf": {
            "mean": 0.35659919679164886,
            "std": 0.10886147618293762
        },
        "fsd_2": {
            "mean": 0.4641033662483096,
            "std": 0.07128050178289413
        },
        "fsd_inf": {
            "mean": 0.8475306369364262,
            "std": 0.058198973536491394
        }
    },
    "noise_sensitivity": {
        "fgsm": {
            "mean": 0.03410246487427301,
            "std": 0.021327922120690346
        }
    },
    "hyper_parameter": {
        "dataset": "mnist",
        "hidden_dim": 200,
        "training_noise": 0.0,
        "test_noise": 0.2,
        "batch_size": 32,
        "learning_rate": 2e-05,
        "weight_decay": 0.0001,
        "epochs": 100,
        "created_on": "2025_09_10_17_53_03",
        "seed": 6252772,
        "subset": 10000,
        "sigma": 0.4,
        "neurons": 8,
        "orientation": [
            -1,
            1
        ],
        "activation": "tuning_curve",
        "stimulus": "RAND_NORMAL"
    }
}