{
    "network": "population",
    "avg_loss": 0.21892066986765712,
    "accuracy": 93.30000000000001,
    "sharpness_scores": {
        "layers.0.weight": 1.63758327125106,
        "layers.0.bias": 0.05075080052483827,
        "layers.2.weight": 0.5530025396728888,
        "layers.2.bias": 0.0009061607997864485
    },
    "activation_scores": {
        "layers.0": {
            "std": 0.8513659834861755,
            "mean": -0.8968847393989563
        },
        "layers.1": {
            "std": 0.9320839643478394,
            "mean": -0.8424714207649231
        },
        "layers.2": {
            "std": 4.0296406745910645,
            "mean": -9.966660499572754
        }
    },
    "ruby_scores": {
        "fsa_2": {
            "mean": 0.36655003018677235,
            "std": 0.0997229814529419
        },
        "fsa_inf": {
            "mean": 0.36901593767106533,
            "std": 0.1243998259305954
        },
        "fsd_2": {
            "mean": 0.476578151807189,
            "std": 0.0828012153506279
        },
        "fsd_inf": {
            "mean": 0.8551735263317823,
            "std": 0.03792513534426689
        }
    },
    "noise_sensitivity": {
        "fgsm": {
            "mean": 0.03134654457975818,
            "std": 0.02050791122019291
        }
    },
    "hyper_parameter": {
        "dataset": "mnist",
        "hidden_dim": 200,
        "training_noise": 0.0,
        "test_noise": 0.2,
        "batch_size": 32,
        "learning_rate": 2e-05,
        "weight_decay": 0.0001,
        "epochs": 100,
        "created_on": "2025_09_10_17_53_03",
        "seed": 7002416,
        "subset": 10000,
        "sigma": 0.4,
        "neurons": 4,
        "orientation": [
            -2,
            2
        ],
        "activation": "tuning_curve",
        "stimulus": "RAND_UNIFORM"
    }
}