{
    "network": "population",
    "avg_loss": 0.2828373940428719,
    "accuracy": 90.9,
    "sharpness_scores": {
        "layers.0.weight": 0.6163671059766784,
        "layers.0.bias": 0.009808979579247534,
        "layers.2.weight": 0.7026102259987965,
        "layers.2.bias": 0.003978774999268353
    },
    "activation_scores": {
        "layers.0": {
            "std": 1.1215585470199585,
            "mean": 1.79385507106781
        },
        "layers.1": {
            "std": 1.0456323623657227,
            "mean": 1.2102919816970825
        },
        "layers.2": {
            "std": 4.563033103942871,
            "mean": -8.714935302734375
        }
    },
    "ruby_scores": {
        "fsa_2": {
            "mean": 0.3371702767908573,
            "std": 0.08674275875091553
        },
        "fsa_inf": {
            "mean": 0.3443273175507784,
            "std": 0.12274827808141708
        },
        "fsd_2": {
            "mean": 0.4720413237810135,
            "std": 0.08777617663145065
        },
        "fsd_inf": {
            "mean": 0.8542684968560934,
            "std": 0.03434315696358681
        }
    },
    "noise_sensitivity": {
        "fgsm": {
            "mean": 0.030736184275848497,
            "std": 0.017298808321356773
        }
    },
    "hyper_parameter": {
        "dataset": "mnist",
        "hidden_dim": 200,
        "training_noise": 0.0,
        "test_noise": 0.2,
        "batch_size": 32,
        "learning_rate": 2e-05,
        "weight_decay": 0.0001,
        "epochs": 100,
        "created_on": "2025_09_10_17_53_03",
        "seed": 1842385,
        "subset": 10000,
        "sigma": 1.2,
        "neurons": 8,
        "orientation": [
            -3,
            3
        ],
        "activation": "tuning_curve",
        "stimulus": "RAND_UNIFORM"
    }
}