{
    "network": "population",
    "avg_loss": 0.2460884362226352,
    "accuracy": 91.60000000000001,
    "sharpness_scores": {
        "layers.0.weight": 0.8687888734275475,
        "layers.0.bias": 0.00982890569139272,
        "layers.2.weight": 0.506341015570797,
        "layers.2.bias": 0.001872427063062787
    },
    "activation_scores": {
        "layers.0": {
            "std": 1.0203200578689575,
            "mean": 0.4869934916496277
        },
        "layers.1": {
            "std": 0.9442780017852783,
            "mean": 0.036700837314128876
        },
        "layers.2": {
            "std": 4.1138153076171875,
            "mean": -6.926712512969971
        }
    },
    "ruby_scores": {
        "fsa_2": {
            "mean": 0.32583837024867535,
            "std": 0.06407082825899124
        },
        "fsa_inf": {
            "mean": 0.3339231573045254,
            "std": 0.11415848881006241
        },
        "fsd_2": {
            "mean": 0.46211231127381325,
            "std": 0.0646408200263977
        },
        "fsd_inf": {
            "mean": 0.8460101243108511,
            "std": 0.06022834777832031
        }
    },
    "noise_sensitivity": {
        "fgsm": {
            "mean": 0.03380195108506619,
            "std": 0.019811350852251053
        }
    },
    "hyper_parameter": {
        "dataset": "mnist",
        "hidden_dim": 200,
        "training_noise": 0.0,
        "test_noise": 0.2,
        "batch_size": 32,
        "learning_rate": 2e-05,
        "weight_decay": 0.0001,
        "epochs": 100,
        "created_on": "2025_09_10_17_53_03",
        "seed": 8120358,
        "subset": 10000,
        "sigma": 0.8,
        "neurons": 4,
        "orientation": [
            -2,
            2
        ],
        "activation": "tuning_curve",
        "stimulus": "RAND_UNIFORM"
    }
}