{
    "network": "population",
    "avg_loss": 0.2821385639254004,
    "accuracy": 91.0,
    "sharpness_scores": {
        "layers.0.weight": 0.4258959030266851,
        "layers.0.bias": 0.011226236587390304,
        "layers.2.weight": 0.4815497088711709,
        "layers.2.bias": 0.00647592032328248
    },
    "activation_scores": {
        "layers.0": {
            "std": 1.5259456634521484,
            "mean": 0.46159353852272034
        },
        "layers.1": {
            "std": 0.8711933493614197,
            "mean": 0.4767473042011261
        },
        "layers.2": {
            "std": 4.0080461502075195,
            "mean": -8.194480895996094
        }
    },
    "ruby_scores": {
        "fsa_2": {
            "mean": 0.3381757363677025,
            "std": 0.0745873749256134
        },
        "fsa_inf": {
            "mean": 0.33830387704074383,
            "std": 0.09008501470088959
        },
        "fsd_2": {
            "mean": 0.4668793836608529,
            "std": 0.07471524924039841
        },
        "fsd_inf": {
            "mean": 0.8460082150995731,
            "std": 0.05545414611697197
        }
    },
    "noise_sensitivity": {
        "fgsm": {
            "mean": 0.03838816863767084,
            "std": 0.022638611495494843
        }
    },
    "hyper_parameter": {
        "dataset": "mnist",
        "hidden_dim": 200,
        "training_noise": 0.0,
        "test_noise": 0.2,
        "batch_size": 32,
        "learning_rate": 2e-05,
        "weight_decay": 0.0001,
        "epochs": 100,
        "created_on": "2025_09_10_17_53_03",
        "seed": 1413047,
        "subset": 10000,
        "sigma": 1.2,
        "neurons": 4,
        "orientation": [
            -3,
            3
        ],
        "activation": "tuning_curve",
        "stimulus": "RAND_NORMAL"
    }
}