{
    "network": "population",
    "avg_loss": 0.30153594375588,
    "accuracy": 90.10000000000001,
    "sharpness_scores": {
        "layers.0.weight": 0.24548187642358243,
        "layers.0.bias": 0.0038226060569286346,
        "layers.2.weight": 0.16505243279971182,
        "layers.2.bias": 0.005420737899839878
    },
    "activation_scores": {
        "layers.0": {
            "std": 1.2858150005340576,
            "mean": 0.148507222533226
        },
        "layers.1": {
            "std": 0.5471779108047485,
            "mean": 0.1048596203327179
        },
        "layers.2": {
            "std": 4.1726555824279785,
            "mean": -1.6319972276687622
        }
    },
    "ruby_scores": {
        "fsa_2": {
            "mean": 0.3356666285544634,
            "std": 0.06639061868190765
        },
        "fsa_inf": {
            "mean": 0.33969531394541264,
            "std": 0.10803340375423431
        },
        "fsd_2": {
            "mean": 0.4707446852698922,
            "std": 0.07623278349637985
        },
        "fsd_inf": {
            "mean": 0.8513151854276657,
            "std": 0.056440286338329315
        }
    },
    "noise_sensitivity": {
        "fgsm": {
            "mean": 0.037170778911262435,
            "std": 0.020994074642658234
        }
    },
    "hyper_parameter": {
        "dataset": "mnist",
        "hidden_dim": 200,
        "training_noise": 0.0,
        "test_noise": 0.2,
        "batch_size": 32,
        "learning_rate": 2e-05,
        "weight_decay": 0.0001,
        "epochs": 100,
        "created_on": "2025_09_10_17_53_03",
        "seed": 5133934,
        "subset": 10000,
        "sigma": 1.2,
        "neurons": 4,
        "orientation": [
            -1,
            1
        ],
        "activation": "tuning_curve",
        "stimulus": "LINEAR"
    }
}