{
    "network": "population",
    "avg_loss": 0.22152082057436928,
    "accuracy": 92.4,
    "sharpness_scores": {
        "layers.0.weight": 1.3854773268685676,
        "layers.0.bias": 0.03480333258630708,
        "layers.2.weight": 0.2892327076406218,
        "layers.2.bias": 0.003089788311626762
    },
    "activation_scores": {
        "layers.0": {
            "std": 0.875027596950531,
            "mean": -0.19906730949878693
        },
        "layers.1": {
            "std": 0.8088110089302063,
            "mean": -0.29627880454063416
        },
        "layers.2": {
            "std": 3.9326624870300293,
            "mean": -10.796538352966309
        }
    },
    "ruby_scores": {
        "fsa_2": {
            "mean": 0.3480862006545067,
            "std": 0.07978852838277817
        },
        "fsa_inf": {
            "mean": 0.358847264200449,
            "std": 0.1080332100391388
        },
        "fsd_2": {
            "mean": 0.4735127007588744,
            "std": 0.08203262090682983
        },
        "fsd_inf": {
            "mean": 0.8532729856669903,
            "std": 0.03936386853456497
        }
    },
    "noise_sensitivity": {
        "fgsm": {
            "mean": 0.03424409691487675,
            "std": 0.021624520421028137
        }
    },
    "hyper_parameter": {
        "dataset": "mnist",
        "hidden_dim": 200,
        "training_noise": 0.0,
        "test_noise": 0.2,
        "batch_size": 32,
        "learning_rate": 2e-05,
        "weight_decay": 0.0001,
        "epochs": 100,
        "created_on": "2025_09_10_17_53_03",
        "seed": 9740567,
        "subset": 10000,
        "sigma": 0.4,
        "neurons": 4,
        "orientation": [
            -4,
            4
        ],
        "activation": "tuning_curve",
        "stimulus": "RAND_NORMAL"
    }
}