{
    "network": "population",
    "avg_loss": 0.29877293040044606,
    "accuracy": 90.4,
    "sharpness_scores": {
        "layers.0.weight": 0.19137911754660308,
        "layers.0.bias": -0.0006403336301445961,
        "layers.2.weight": 0.14398870361037552,
        "layers.2.bias": 0.0074875615537166595
    },
    "activation_scores": {
        "layers.0": {
            "std": 1.756126046180725,
            "mean": 0.08722000569105148
        },
        "layers.1": {
            "std": 0.5243985056877136,
            "mean": 0.01426111999899149
        },
        "layers.2": {
            "std": 3.8812685012817383,
            "mean": -5.741443157196045
        }
    },
    "ruby_scores": {
        "fsa_2": {
            "mean": 0.3236625213176012,
            "std": 0.0738050788640976
        },
        "fsa_inf": {
            "mean": 0.32403433695435524,
            "std": 0.09826648980379105
        },
        "fsd_2": {
            "mean": 0.4668724099174142,
            "std": 0.07745087891817093
        },
        "fsd_inf": {
            "mean": 0.8520842976868153,
            "std": 0.05607031285762787
        }
    },
    "noise_sensitivity": {
        "fgsm": {
            "mean": 0.04233318940213901,
            "std": 0.024355201050639153
        }
    },
    "hyper_parameter": {
        "dataset": "mnist",
        "hidden_dim": 200,
        "training_noise": 0.0,
        "test_noise": 0.2,
        "batch_size": 32,
        "learning_rate": 2e-05,
        "weight_decay": 0.0001,
        "epochs": 100,
        "created_on": "2025_09_10_17_53_03",
        "seed": 9861965,
        "subset": 10000,
        "sigma": 1.2,
        "neurons": 8,
        "orientation": [
            -1,
            1
        ],
        "activation": "tuning_curve",
        "stimulus": "RAND_UNIFORM"
    }
}