{
    "network": "population",
    "avg_loss": 0.2652215479174629,
    "accuracy": 91.7,
    "sharpness_scores": {
        "layers.0.weight": 0.44042662566062063,
        "layers.0.bias": 0.003651346662081778,
        "layers.2.weight": 0.22947496210690588,
        "layers.2.bias": -5.079119000583887e-05
    },
    "activation_scores": {
        "layers.0": {
            "std": 1.2280446290969849,
            "mean": 0.4017670452594757
        },
        "layers.1": {
            "std": 0.5819723606109619,
            "mean": 0.09010110795497894
        },
        "layers.2": {
            "std": 3.846303701400757,
            "mean": -5.856148719787598
        }
    },
    "ruby_scores": {
        "fsa_2": {
            "mean": 0.33945357985794544,
            "std": 0.07327599078416824
        },
        "fsa_inf": {
            "mean": 0.3394879959523678,
            "std": 0.10184823721647263
        },
        "fsd_2": {
            "mean": 0.4687490677461028,
            "std": 0.07448972761631012
        },
        "fsd_inf": {
            "mean": 0.8454542886465788,
            "std": 0.056276239454746246
        }
    },
    "noise_sensitivity": {
        "fgsm": {
            "mean": 0.03892700451428351,
            "std": 0.02363738603889942
        }
    },
    "hyper_parameter": {
        "dataset": "mnist",
        "hidden_dim": 200,
        "training_noise": 0.0,
        "test_noise": 0.2,
        "batch_size": 32,
        "learning_rate": 2e-05,
        "weight_decay": 0.0001,
        "epochs": 100,
        "created_on": "2025_09_10_17_53_03",
        "seed": 8091656,
        "subset": 10000,
        "sigma": 0.8,
        "neurons": 8,
        "orientation": [
            -1,
            1
        ],
        "activation": "tuning_curve",
        "stimulus": "RAND_UNIFORM"
    }
}