{
    "network": "population",
    "avg_loss": 0.25690572732128203,
    "accuracy": 92.0,
    "sharpness_scores": {
        "layers.0.weight": 0.769155734917149,
        "layers.0.bias": 0.014802140649408102,
        "layers.2.weight": 0.5902229051571339,
        "layers.2.bias": 0.006418655742891133
    },
    "activation_scores": {
        "layers.0": {
            "std": 1.1487843990325928,
            "mean": -0.36601629853248596
        },
        "layers.1": {
            "std": 0.8837505578994751,
            "mean": -0.7431193590164185
        },
        "layers.2": {
            "std": 3.9888193607330322,
            "mean": -12.543519020080566
        }
    },
    "ruby_scores": {
        "fsa_2": {
            "mean": 0.34016621857881546,
            "std": 0.06975588947534561
        },
        "fsa_inf": {
            "mean": 0.3419598899781704,
            "std": 0.100327268242836
        },
        "fsd_2": {
            "mean": 0.4673869516700506,
            "std": 0.06961965560913086
        },
        "fsd_inf": {
            "mean": 0.8508042469620705,
            "std": 0.058558445423841476
        }
    },
    "noise_sensitivity": {
        "fgsm": {
            "mean": 0.03585049686440945,
            "std": 0.02131301537156105
        }
    },
    "hyper_parameter": {
        "dataset": "mnist",
        "hidden_dim": 200,
        "training_noise": 0.0,
        "test_noise": 0.2,
        "batch_size": 32,
        "learning_rate": 2e-05,
        "weight_decay": 0.0001,
        "epochs": 100,
        "created_on": "2025_09_10_17_53_03",
        "seed": 3659355,
        "subset": 10000,
        "sigma": 0.8,
        "neurons": 4,
        "orientation": [
            -4,
            4
        ],
        "activation": "tuning_curve",
        "stimulus": "RAND_NORMAL"
    }
}