{
    "network": "population",
    "avg_loss": 0.3083071201108396,
    "accuracy": 90.4,
    "sharpness_scores": {
        "layers.0.weight": 0.49604057474061847,
        "layers.0.bias": 0.007653107168152928,
        "layers.2.weight": 0.33314240304753184,
        "layers.2.bias": 0.00469615776091814
    },
    "activation_scores": {
        "layers.0": {
            "std": 0.925206184387207,
            "mean": 0.4857737720012665
        },
        "layers.1": {
            "std": 0.7808219194412231,
            "mean": 0.4234626293182373
        },
        "layers.2": {
            "std": 4.651165962219238,
            "mean": -2.163388967514038
        }
    },
    "ruby_scores": {
        "fsa_2": {
            "mean": 0.33529706858098507,
            "std": 0.07169144600629807
        },
        "fsa_inf": {
            "mean": 0.3415578790009022,
            "std": 0.10435247421264648
        },
        "fsd_2": {
            "mean": 0.4698349516838789,
            "std": 0.0744713768362999
        },
        "fsd_inf": {
            "mean": 0.8484306670725346,
            "std": 0.05632103979587555
        }
    },
    "noise_sensitivity": {
        "fgsm": {
            "mean": 0.030173791241379422,
            "std": 0.01692650094628334
        }
    },
    "hyper_parameter": {
        "dataset": "mnist",
        "hidden_dim": 200,
        "training_noise": 0.0,
        "test_noise": 0.2,
        "batch_size": 32,
        "learning_rate": 2e-05,
        "weight_decay": 0.0001,
        "epochs": 100,
        "created_on": "2025_09_10_17_53_03",
        "seed": 9948782,
        "subset": 10000,
        "sigma": 1.2,
        "neurons": 4,
        "orientation": [
            -2,
            2
        ],
        "activation": "tuning_curve",
        "stimulus": "LINEAR"
    }
}