{
    "network": "population",
    "avg_loss": 0.2137947961455211,
    "accuracy": 93.7,
    "sharpness_scores": {
        "layers.0.weight": 1.779066988849081,
        "layers.0.bias": 0.051671099732629955,
        "layers.2.weight": 0.7286004718625918,
        "layers.2.bias": 0.0015970146050676703
    },
    "activation_scores": {
        "layers.0": {
            "std": 0.9262539148330688,
            "mean": -0.08186384290456772
        },
        "layers.1": {
            "std": 1.149583101272583,
            "mean": -0.1043359786272049
        },
        "layers.2": {
            "std": 4.1102986335754395,
            "mean": -5.670108318328857
        }
    },
    "ruby_scores": {
        "fsa_2": {
            "mean": 0.36248319782316685,
            "std": 0.0966244637966156
        },
        "fsa_inf": {
            "mean": 0.37196315452456474,
            "std": 0.13038037717342377
        },
        "fsd_2": {
            "mean": 0.4739739689975977,
            "std": 0.0858742818236351
        },
        "fsd_inf": {
            "mean": 0.8533442933112383,
            "std": 0.03780296817421913
        }
    },
    "noise_sensitivity": {
        "fgsm": {
            "mean": 0.028919361570983484,
            "std": 0.018348485231399536
        }
    },
    "hyper_parameter": {
        "dataset": "mnist",
        "hidden_dim": 200,
        "training_noise": 0.0,
        "test_noise": 0.2,
        "batch_size": 32,
        "learning_rate": 2e-05,
        "weight_decay": 0.0001,
        "epochs": 100,
        "created_on": "2025_09_10_17_53_03",
        "seed": 6550455,
        "subset": 10000,
        "sigma": 0.4,
        "neurons": 4,
        "orientation": [
            -3,
            3
        ],
        "activation": "tuning_curve",
        "stimulus": "RAND_UNIFORM"
    }
}