{
    "network": "population",
    "avg_loss": 0.23757830169051886,
    "accuracy": 92.9,
    "sharpness_scores": {
        "layers.0.weight": 0.9396484000608325,
        "layers.0.bias": 0.020978745305910707,
        "layers.2.weight": 0.18481747340410948,
        "layers.2.bias": 0.0023495120694860816
    },
    "activation_scores": {
        "layers.0": {
            "std": 0.8727506995201111,
            "mean": 0.35676178336143494
        },
        "layers.1": {
            "std": 0.6179031133651733,
            "mean": 0.23433415591716766
        },
        "layers.2": {
            "std": 3.870086908340454,
            "mean": -0.8512403964996338
        }
    },
    "ruby_scores": {
        "fsa_2": {
            "mean": 0.3463586214929819,
            "std": 0.06649494171142578
        },
        "fsa_inf": {
            "mean": 0.35317761823534966,
            "std": 0.10255933552980423
        },
        "fsd_2": {
            "mean": 0.4598884582519531,
            "std": 0.0666312724351883
        },
        "fsd_inf": {
            "mean": 0.84645083732903,
            "std": 0.060721561312675476
        }
    },
    "noise_sensitivity": {
        "fgsm": {
            "mean": 0.035025326777789044,
            "std": 0.021607421338558197
        }
    },
    "hyper_parameter": {
        "dataset": "mnist",
        "hidden_dim": 200,
        "training_noise": 0.0,
        "test_noise": 0.2,
        "batch_size": 32,
        "learning_rate": 2e-05,
        "weight_decay": 0.0001,
        "epochs": 100,
        "created_on": "2025_09_10_17_53_03",
        "seed": 8559232,
        "subset": 10000,
        "sigma": 0.4,
        "neurons": 8,
        "orientation": [
            -1,
            1
        ],
        "activation": "tuning_curve",
        "stimulus": "LINEAR"
    }
}