{
    "network": "population",
    "avg_loss": 0.2767832971876487,
    "accuracy": 91.10000000000001,
    "sharpness_scores": {
        "layers.0.weight": 0.7924998250091448,
        "layers.0.bias": 0.019460869603790343,
        "layers.2.weight": 0.8827519376063719,
        "layers.2.bias": -0.001099237473681569
    },
    "activation_scores": {
        "layers.0": {
            "std": 1.1447335481643677,
            "mean": 0.3140876591205597
        },
        "layers.1": {
            "std": 1.2097021341323853,
            "mean": 0.3460514545440674
        },
        "layers.2": {
            "std": 4.4503560066223145,
            "mean": -10.595057487487793
        }
    },
    "ruby_scores": {
        "fsa_2": {
            "mean": 0.33011591993272305,
            "std": 0.06556734442710876
        },
        "fsa_inf": {
            "mean": 0.3379031624644995,
            "std": 0.10476314276456833
        },
        "fsd_2": {
            "mean": 0.46308447141200304,
            "std": 0.07213354855775833
        },
        "fsd_inf": {
            "mean": 0.8484956994652748,
            "std": 0.056707870215177536
        }
    },
    "noise_sensitivity": {
        "fgsm": {
            "mean": 0.031151856718169328,
            "std": 0.01783355139195919
        }
    },
    "hyper_parameter": {
        "dataset": "mnist",
        "hidden_dim": 200,
        "training_noise": 0.0,
        "test_noise": 0.2,
        "batch_size": 32,
        "learning_rate": 2e-05,
        "weight_decay": 0.0001,
        "epochs": 100,
        "created_on": "2025_09_10_17_53_03",
        "seed": 4364617,
        "subset": 10000,
        "sigma": 1.2,
        "neurons": 4,
        "orientation": [
            -3,
            3
        ],
        "activation": "tuning_curve",
        "stimulus": "RAND_UNIFORM"
    }
}