{
    "network": "population",
    "avg_loss": 0.27113798283971846,
    "accuracy": 91.2,
    "sharpness_scores": {
        "layers.0.weight": 0.5689495613332838,
        "layers.0.bias": 0.018884675577282906,
        "layers.2.weight": 0.46845223917625844,
        "layers.2.bias": 0.0019866807851940393
    },
    "activation_scores": {
        "layers.0": {
            "std": 1.198107361793518,
            "mean": -0.448052316904068
        },
        "layers.1": {
            "std": 0.8718433380126953,
            "mean": -0.5853246450424194
        },
        "layers.2": {
            "std": 4.261650562286377,
            "mean": -10.749958038330078
        }
    },
    "ruby_scores": {
        "fsa_2": {
            "mean": 0.32730404287576675,
            "std": 0.06704156845808029
        },
        "fsa_inf": {
            "mean": 0.3304268829524517,
            "std": 0.107638880610466
        },
        "fsd_2": {
            "mean": 0.4686724180355668,
            "std": 0.07228602468967438
        },
        "fsd_inf": {
            "mean": 0.8482791725546122,
            "std": 0.05754724517464638
        }
    },
    "noise_sensitivity": {
        "fgsm": {
            "mean": 0.03423812562128628,
            "std": 0.019806481897830963
        }
    },
    "hyper_parameter": {
        "dataset": "mnist",
        "hidden_dim": 200,
        "training_noise": 0.0,
        "test_noise": 0.2,
        "batch_size": 32,
        "learning_rate": 2e-05,
        "weight_decay": 0.0001,
        "epochs": 100,
        "created_on": "2025_09_10_17_53_03",
        "seed": 3204280,
        "subset": 10000,
        "sigma": 0.8,
        "neurons": 8,
        "orientation": [
            -4,
            4
        ],
        "activation": "tuning_curve",
        "stimulus": "RAND_NORMAL"
    }
}