{
    "network": "linear",
    "avg_loss": 1.5051790922880173,
    "accuracy": 50.6,
    "sharpness_scores": {
        "layers.0.weight": 6.825933137536049,
        "layers.0.bias": 0.003953847289085388,
        "layers.2.weight": 6.901288190484047,
        "layers.2.bias": 0.014199048280715942
    },
    "activation_scores": {
        "layers.0": {
            "std": 3.6182849407196045,
            "mean": -34.645790100097656
        },
        "layers.1": {
            "std": 1.7044693231582642,
            "mean": 7.522068977355957
        },
        "layers.2": {
            "std": 4.035857200622559,
            "mean": -22.7296085357666
        }
    },
    "ruby_scores": {
        "fsa_2": {
            "mean": 0.42847521007061007,
            "std": 0.06306972354650497
        },
        "fsa_inf": {
            "mean": 0.4599715530872345,
            "std": 0.07300722599029541
        },
        "fsd_2": {
            "mean": 0.38652818500995634,
            "std": 0.04573162645101547
        },
        "fsd_inf": {
            "mean": 0.4255757123231888,
            "std": 0.05379318445920944
        }
    },
    "noise_sensitivity": {
        "fgsm": {
            "mean": 0.01884223083165729,
            "std": 0.015367277897894382
        }
    },
    "hyper_parameter": {
        "dataset": "cifar10",
        "hidden_dim": 512,
        "training_noise": 0.5,
        "test_noise": 0.2,
        "batch_size": 256,
        "learning_rate": 0.00028284242675791167,
        "weight_decay": 0.00015650722504916676,
        "epochs": 100,
        "created_on": "2025_11_06_17_21_03",
        "seed": 1520417,
        "subset": null
    }
}