{
    "network": "population",
    "avg_loss": 1.8780213564634323,
    "accuracy": 33.52,
    "sharpness_scores": {
        "layers.0.weight": 0.46913115680217743,
        "layers.0.bias": 0.000334697961807251,
        "layers.2.weight": 0.5909084230661392,
        "layers.2.bias": 0.010309168696403503
    },
    "activation_scores": {
        "layers.0": {
            "std": 19.45073127746582,
            "mean": -22.668418884277344
        },
        "layers.1": {
            "std": 0.6137208342552185,
            "mean": -0.6859780550003052
        },
        "layers.2": {
            "std": 1.5439845323562622,
            "mean": -1.1434375047683716
        }
    },
    "ruby_scores": {
        "fsa_2": {
            "mean": 0.41895307749509814,
            "std": 0.0591060146689415
        },
        "fsa_inf": {
            "mean": 0.4027252197265625,
            "std": 0.10685421526432037
        },
        "fsd_2": {
            "mean": 0.38184661641716955,
            "std": 0.050953034311532974
        },
        "fsd_inf": {
            "mean": 0.4119901150465012,
            "std": 0.04321813955903053
        }
    },
    "noise_sensitivity": {
        "fgsm": {
            "mean": 0.013050585378340937,
            "std": 0.011881898157298565
        }
    },
    "hyper_parameter": {
        "dataset": "cifar10",
        "hidden_dim": 128,
        "training_noise": 1.0,
        "test_noise": 0.2,
        "batch_size": 256,
        "learning_rate": 0.0009425250529033022,
        "weight_decay": 0.00028878449875224815,
        "epochs": 100,
        "created_on": "2025_11_10_18_10_09",
        "seed": 7563242,
        "subset": null,
        "sigma": 0.7281853840861562,
        "neurons": 16,
        "orientation": [
            -2,
            2
        ],
        "activation": "tuning_curve",
        "stimulus": "RAND_UNIFORM"
    }
}