{
    "network": "population",
    "avg_loss": 1.425523853302002,
    "accuracy": 49.68,
    "sharpness_scores": {
        "layers.0.weight": 0.2657803773880005,
        "layers.0.bias": -4.3573975563049314e-05,
        "layers.2.weight": 1.960219544172287,
        "layers.2.bias": 0.01100991666316986
    },
    "activation_scores": {
        "layers.0": {
            "std": 123.26698303222656,
            "mean": 3.002558469772339
        },
        "layers.1": {
            "std": 1.289739966392517,
            "mean": 0.816445529460907
        },
        "layers.2": {
            "std": 2.2326533794403076,
            "mean": -2.6252660751342773
        }
    },
    "ruby_scores": {
        "fsa_2": {
            "mean": 0.4424951359629631,
            "std": 0.07192778587341309
        },
        "fsa_inf": {
            "mean": 0.494337922334671,
            "std": 0.08145833760499954
        },
        "fsd_2": {
            "mean": 0.41974726468324663,
            "std": 0.04065975919365883
        },
        "fsd_inf": {
            "mean": 0.4303356736898422,
            "std": 0.04337472841143608
        }
    },
    "noise_sensitivity": {
        "fgsm": {
            "mean": 0.013005380910774252,
            "std": 0.010981890372931957
        }
    },
    "hyper_parameter": {
        "dataset": "cifar10",
        "hidden_dim": 128,
        "training_noise": 0.5,
        "test_noise": 0.2,
        "batch_size": 256,
        "learning_rate": 0.0023762375816340333,
        "weight_decay": 1.04809805345159e-06,
        "epochs": 100,
        "created_on": "2025_11_10_20_14_44",
        "seed": 6800943,
        "subset": null,
        "sigma": 1.32486463094093,
        "neurons": 12,
        "orientation": [
            -5,
            5
        ],
        "activation": "tuning_curve",
        "stimulus": "RAND_UNIFORM"
    }
}