{
    "network": "linear",
    "avg_loss": 2.03873852789402,
    "accuracy": 41.57,
    "sharpness_scores": {
        "layers.0.weight": 3.900487318634987,
        "layers.0.bias": 0.004291814565658569,
        "layers.2.weight": 6.69048213660717,
        "layers.2.bias": 0.013375797867774963
    },
    "activation_scores": {
        "layers.0": {
            "std": 3.920536756515503,
            "mean": -40.199676513671875
        },
        "layers.1": {
            "std": 1.7531538009643555,
            "mean": 7.374509334564209
        },
        "layers.2": {
            "std": 4.397225856781006,
            "mean": -15.114912033081055
        }
    },
    "ruby_scores": {
        "fsa_2": {
            "mean": 0.41370129883289336,
            "std": 0.07898754626512527
        },
        "fsa_inf": {
            "mean": 0.455106882750988,
            "std": 0.09764762222766876
        },
        "fsd_2": {
            "mean": 0.4371389806270599,
            "std": 0.048707593232393265
        },
        "fsd_inf": {
            "mean": 0.437947403639555,
            "std": 0.04762016609311104
        }
    },
    "noise_sensitivity": {
        "fgsm": {
            "mean": 0.026570030057006585,
            "std": 0.022712215781211853
        }
    },
    "hyper_parameter": {
        "dataset": "cifar10",
        "hidden_dim": 512,
        "training_noise": 1.0,
        "test_noise": 0.2,
        "batch_size": 256,
        "learning_rate": 0.00028284242675791167,
        "weight_decay": 0.00015650722504916676,
        "epochs": 100,
        "created_on": "2025_11_06_18_23_43",
        "seed": 2369701,
        "subset": null
    }
}