{
    "network": "population",
    "avg_loss": 1.6715082295894623,
    "accuracy": 41.39,
    "sharpness_scores": {
        "layers.0.weight": 0.8541984735965729,
        "layers.0.bias": 0.0070667754173278806,
        "layers.2.weight": 5.754717246675491,
        "layers.2.bias": 0.016982590246200562
    },
    "activation_scores": {
        "layers.0": {
            "std": 1.847066879272461,
            "mean": -1.9179155826568604
        },
        "layers.1": {
            "std": 0.34556832909584045,
            "mean": 5.150412082672119
        },
        "layers.2": {
            "std": 1.786184310913086,
            "mean": -11.32805347442627
        }
    },
    "ruby_scores": {
        "fsa_2": {
            "mean": 0.6821559435844421,
            "std": 0.14273059368133545
        },
        "fsa_inf": {
            "mean": 0.667993865442276,
            "std": 0.15260884165763855
        },
        "fsd_2": {
            "mean": 0.4694671425819397,
            "std": 0.08018174767494202
        },
        "fsd_inf": {
            "mean": 0.5407848863840103,
            "std": 0.08102601766586304
        }
    },
    "noise_sensitivity": {
        "fgsm": {
            "mean": 0.028794457830076087,
            "std": 0.0250379778444767
        }
    },
    "hyper_parameter": {
        "dataset": "cifar10",
        "hidden_dim": 256,
        "training_noise": 0.0,
        "test_noise": 0.2,
        "batch_size": 8,
        "learning_rate": 3.9843983439631946e-07,
        "weight_decay": 8.75897173684552e-05,
        "epochs": 100,
        "created_on": "2025_11_15_16_29_52",
        "seed": 6148284,
        "subset": null,
        "sigma": 1.0428551013176683,
        "neurons": 12,
        "orientation": [
            -4,
            4
        ],
        "activation": "tuning_curve",
        "stimulus": "RAND_UNIFORM",
        "encoded_output": true
    }
}