{
    "network": "population",
    "avg_loss": 1.7442720487594605,
    "accuracy": 38.43,
    "sharpness_scores": {
        "layers.0.weight": 0.7309898336410523,
        "layers.0.bias": 0.0037085983276367186,
        "layers.2.weight": 4.871040625476837,
        "layers.2.bias": 0.01670600256919861
    },
    "activation_scores": {
        "layers.0": {
            "std": 1.7694672346115112,
            "mean": -0.7886404395103455
        },
        "layers.1": {
            "std": 0.33631375432014465,
            "mean": 4.014830589294434
        },
        "layers.2": {
            "std": 1.737317681312561,
            "mean": -9.041523933410645
        }
    },
    "ruby_scores": {
        "fsa_2": {
            "mean": 0.671227588558197,
            "std": 0.1458331197500229
        },
        "fsa_inf": {
            "mean": 0.6587149694919586,
            "std": 0.15350341796875
        },
        "fsd_2": {
            "mean": 0.46900228869915006,
            "std": 0.08378031849861145
        },
        "fsd_inf": {
            "mean": 0.5377324316501617,
            "std": 0.0836532860994339
        }
    },
    "noise_sensitivity": {
        "fgsm": {
            "mean": 0.03301639580975962,
            "std": 0.02840173989534378
        }
    },
    "hyper_parameter": {
        "dataset": "cifar10",
        "hidden_dim": 256,
        "training_noise": 0.5,
        "test_noise": 0.2,
        "batch_size": 8,
        "learning_rate": 3.354068813854334e-07,
        "weight_decay": 1.7125484950131528e-05,
        "epochs": 100,
        "created_on": "2025_11_15_16_29_52",
        "seed": 2561292,
        "subset": null,
        "sigma": 0.8987848001978807,
        "neurons": 12,
        "orientation": [
            -4,
            4
        ],
        "activation": "tuning_curve",
        "stimulus": "LINEAR",
        "encoded_output": true
    }
}