{
    "network": "population",
    "avg_loss": 1.671769491815567,
    "accuracy": 41.46,
    "sharpness_scores": {
        "layers.0.weight": 0.8293098115444183,
        "layers.0.bias": 0.005146382761001587,
        "layers.2.weight": 5.774713170957566,
        "layers.2.bias": 0.014560061073303222
    },
    "activation_scores": {
        "layers.0": {
            "std": 1.8544942140579224,
            "mean": -0.13686130940914154
        },
        "layers.1": {
            "std": 0.3452000916004181,
            "mean": 5.2415771484375
        },
        "layers.2": {
            "std": 1.7902320623397827,
            "mean": -12.299439430236816
        }
    },
    "ruby_scores": {
        "fsa_2": {
            "mean": 0.6789861637592316,
            "std": 0.14350390434265137
        },
        "fsa_inf": {
            "mean": 0.6647254194259643,
            "std": 0.15307846665382385
        },
        "fsd_2": {
            "mean": 0.4687872402429581,
            "std": 0.0800754651427269
        },
        "fsd_inf": {
            "mean": 0.5393081492185593,
            "std": 0.08246219158172607
        }
    },
    "noise_sensitivity": {
        "fgsm": {
            "mean": 0.02834480433345119,
            "std": 0.024431653320789337
        }
    },
    "hyper_parameter": {
        "dataset": "cifar10",
        "hidden_dim": 256,
        "training_noise": 0.0,
        "test_noise": 0.2,
        "batch_size": 8,
        "learning_rate": 3.9843983439631946e-07,
        "weight_decay": 8.75897173684552e-05,
        "epochs": 100,
        "created_on": "2025_11_15_16_29_52",
        "seed": 4297551,
        "subset": null,
        "sigma": 1.0428551013176683,
        "neurons": 12,
        "orientation": [
            -4,
            4
        ],
        "activation": "tuning_curve",
        "stimulus": "RAND_UNIFORM",
        "encoded_output": true
    }
}