{
    "network": "population",
    "avg_loss": 1.6695610891342163,
    "accuracy": 41.49,
    "sharpness_scores": {
        "layers.0.weight": 0.8683860401153565,
        "layers.0.bias": 0.005316648530960083,
        "layers.2.weight": 5.784382242012024,
        "layers.2.bias": 0.018668472290039064
    },
    "activation_scores": {
        "layers.0": {
            "std": 1.835727572441101,
            "mean": 0.025328615680336952
        },
        "layers.1": {
            "std": 0.34620338678359985,
            "mean": 5.243954181671143
        },
        "layers.2": {
            "std": 1.8010461330413818,
            "mean": -11.419032096862793
        }
    },
    "ruby_scores": {
        "fsa_2": {
            "mean": 0.6811082605838775,
            "std": 0.14093904197216034
        },
        "fsa_inf": {
            "mean": 0.6676256066322327,
            "std": 0.14843226969242096
        },
        "fsd_2": {
            "mean": 0.47094095933437347,
            "std": 0.08144472539424896
        },
        "fsd_inf": {
            "mean": 0.5396853668928147,
            "std": 0.08095552027225494
        }
    },
    "noise_sensitivity": {
        "fgsm": {
            "mean": 0.029022844758088237,
            "std": 0.025468550622463226
        }
    },
    "hyper_parameter": {
        "dataset": "cifar10",
        "hidden_dim": 256,
        "training_noise": 0.0,
        "test_noise": 0.2,
        "batch_size": 8,
        "learning_rate": 3.9843983439631946e-07,
        "weight_decay": 8.75897173684552e-05,
        "epochs": 100,
        "created_on": "2025_11_15_16_29_52",
        "seed": 5538466,
        "subset": null,
        "sigma": 1.0428551013176683,
        "neurons": 12,
        "orientation": [
            -4,
            4
        ],
        "activation": "tuning_curve",
        "stimulus": "RAND_UNIFORM",
        "encoded_output": true
    }
}