{
    "network": "population",
    "avg_loss": 1.7449369851589203,
    "accuracy": 38.440000000000005,
    "sharpness_scores": {
        "layers.0.weight": 0.7336737373828888,
        "layers.0.bias": 0.004079846429824829,
        "layers.2.weight": 4.800591852426529,
        "layers.2.bias": 0.015192646503448487
    },
    "activation_scores": {
        "layers.0": {
            "std": 1.7952277660369873,
            "mean": 0.0006190721760503948
        },
        "layers.1": {
            "std": 0.3363402783870697,
            "mean": 4.012879848480225
        },
        "layers.2": {
            "std": 1.73261559009552,
            "mean": -9.607516288757324
        }
    },
    "ruby_scores": {
        "fsa_2": {
            "mean": 0.667202644109726,
            "std": 0.14528252184391022
        },
        "fsa_inf": {
            "mean": 0.6545931047916412,
            "std": 0.15389397740364075
        },
        "fsd_2": {
            "mean": 0.4702677388906479,
            "std": 0.085020050406456
        },
        "fsd_inf": {
            "mean": 0.5358337198853492,
            "std": 0.08445005118846893
        }
    },
    "noise_sensitivity": {
        "fgsm": {
            "mean": 0.03343867004752522,
            "std": 0.028791137039661407
        }
    },
    "hyper_parameter": {
        "dataset": "cifar10",
        "hidden_dim": 256,
        "training_noise": 0.5,
        "test_noise": 0.2,
        "batch_size": 8,
        "learning_rate": 3.354068813854334e-07,
        "weight_decay": 1.7125484950131528e-05,
        "epochs": 100,
        "created_on": "2025_11_15_16_29_52",
        "seed": 9607379,
        "subset": null,
        "sigma": 0.8987848001978807,
        "neurons": 12,
        "orientation": [
            -4,
            4
        ],
        "activation": "tuning_curve",
        "stimulus": "LINEAR",
        "encoded_output": true
    }
}