{
    "network": "population",
    "avg_loss": 1.6780337774276732,
    "accuracy": 41.27,
    "sharpness_scores": {
        "layers.0.weight": 0.8312762182235718,
        "layers.0.bias": 0.0065860463142395015,
        "layers.2.weight": 5.721481351470947,
        "layers.2.bias": 0.016780060720443725
    },
    "activation_scores": {
        "layers.0": {
            "std": 1.851523518562317,
            "mean": -0.10334492474794388
        },
        "layers.1": {
            "std": 0.3449278175830841,
            "mean": 5.192688941955566
        },
        "layers.2": {
            "std": 1.7848321199417114,
            "mean": -10.21263313293457
        }
    },
    "ruby_scores": {
        "fsa_2": {
            "mean": 0.6784952742576599,
            "std": 0.14590878784656525
        },
        "fsa_inf": {
            "mean": 0.6651466469287872,
            "std": 0.1537967175245285
        },
        "fsd_2": {
            "mean": 0.47040589044094083,
            "std": 0.08186317980289459
        },
        "fsd_inf": {
            "mean": 0.538818928694725,
            "std": 0.08243235945701599
        }
    },
    "noise_sensitivity": {
        "fgsm": {
            "mean": 0.02861570684719854,
            "std": 0.024639060720801353
        }
    },
    "hyper_parameter": {
        "dataset": "cifar10",
        "hidden_dim": 256,
        "training_noise": 0.0,
        "test_noise": 0.2,
        "batch_size": 8,
        "learning_rate": 3.9843983439631946e-07,
        "weight_decay": 8.75897173684552e-05,
        "epochs": 100,
        "created_on": "2025_11_15_16_29_52",
        "seed": 9982481,
        "subset": null,
        "sigma": 1.0428551013176683,
        "neurons": 12,
        "orientation": [
            -4,
            4
        ],
        "activation": "tuning_curve",
        "stimulus": "RAND_UNIFORM",
        "encoded_output": true
    }
}