{
    "network": "population",
    "avg_loss": 1.6704068095684053,
    "accuracy": 41.13,
    "sharpness_scores": {
        "layers.0.weight": 0.8406756594181061,
        "layers.0.bias": 0.005637663173675537,
        "layers.2.weight": 5.823956249761581,
        "layers.2.bias": 0.013985711431503296
    },
    "activation_scores": {
        "layers.0": {
            "std": 1.8305948972702026,
            "mean": -0.18552008271217346
        },
        "layers.1": {
            "std": 0.3461914360523224,
            "mean": 5.275536060333252
        },
        "layers.2": {
            "std": 1.8019626140594482,
            "mean": -10.163592338562012
        }
    },
    "ruby_scores": {
        "fsa_2": {
            "mean": 0.6771363254547119,
            "std": 0.1442357897758484
        },
        "fsa_inf": {
            "mean": 0.6624797132492065,
            "std": 0.15398092567920685
        },
        "fsd_2": {
            "mean": 0.4705292737483978,
            "std": 0.08292431384325027
        },
        "fsd_inf": {
            "mean": 0.5401865785717964,
            "std": 0.08236962556838989
        }
    },
    "noise_sensitivity": {
        "fgsm": {
            "mean": 0.028831806490461742,
            "std": 0.024981539696455002
        }
    },
    "hyper_parameter": {
        "dataset": "cifar10",
        "hidden_dim": 256,
        "training_noise": 0.0,
        "test_noise": 0.2,
        "batch_size": 8,
        "learning_rate": 3.9843983439631946e-07,
        "weight_decay": 8.75897173684552e-05,
        "epochs": 100,
        "created_on": "2025_11_15_16_29_52",
        "seed": 3958372,
        "subset": null,
        "sigma": 1.0428551013176683,
        "neurons": 12,
        "orientation": [
            -4,
            4
        ],
        "activation": "tuning_curve",
        "stimulus": "RAND_UNIFORM",
        "encoded_output": true
    }
}