{
    "network": "population",
    "avg_loss": 1.9126024484634399,
    "accuracy": 36.25,
    "sharpness_scores": {
        "layers.0.weight": 0.6583134210586548,
        "layers.0.bias": -0.009782030820846558,
        "layers.2.weight": 3.60381765499115,
        "layers.2.bias": 0.009265182924270629
    },
    "activation_scores": {
        "layers.0": {
            "std": 1.812127947807312,
            "mean": -0.79859858751297
        },
        "layers.1": {
            "std": 0.2812198996543884,
            "mean": 2.254251480102539
        },
        "layers.2": {
            "std": 2.2713279724121094,
            "mean": -13.6267671585083
        }
    },
    "ruby_scores": {
        "fsa_2": {
            "mean": 0.6547172719478607,
            "std": 0.14402101933956146
        },
        "fsa_inf": {
            "mean": 0.6415512964725495,
            "std": 0.1504301279783249
        },
        "fsd_2": {
            "mean": 0.47260391991138456,
            "std": 0.08504639565944672
        },
        "fsd_inf": {
            "mean": 0.5392385451555252,
            "std": 0.08598427474498749
        }
    },
    "noise_sensitivity": {
        "fgsm": {
            "mean": 0.036223969806325654,
            "std": 0.032530028373003006
        }
    },
    "hyper_parameter": {
        "dataset": "cifar10",
        "hidden_dim": 256,
        "training_noise": 1.0,
        "test_noise": 0.2,
        "batch_size": 8,
        "learning_rate": 9.275925362358125e-07,
        "weight_decay": 7.253966750782282e-05,
        "epochs": 100,
        "created_on": "2025_11_15_16_29_52",
        "seed": 8741268,
        "subset": null,
        "sigma": 0.6063030476462757,
        "neurons": 16,
        "orientation": [
            -5,
            5
        ],
        "activation": "tuning_curve",
        "stimulus": "LINEAR",
        "encoded_output": true
    }
}