{
    "network": "population",
    "avg_loss": 1.6669970774650573,
    "accuracy": 41.65,
    "sharpness_scores": {
        "layers.0.weight": 0.8169096082687378,
        "layers.0.bias": 0.006112312364578247,
        "layers.2.weight": 5.97337062587738,
        "layers.2.bias": 0.012003416872024535
    },
    "activation_scores": {
        "layers.0": {
            "std": 1.8491889238357544,
            "mean": 0.9553568363189697
        },
        "layers.1": {
            "std": 0.34966692328453064,
            "mean": 5.316803455352783
        },
        "layers.2": {
            "std": 1.8141803741455078,
            "mean": -10.615013122558594
        }
    },
    "ruby_scores": {
        "fsa_2": {
            "mean": 0.6816382193088532,
            "std": 0.14313632249832153
        },
        "fsa_inf": {
            "mean": 0.6675162793636322,
            "std": 0.1522756963968277
        },
        "fsd_2": {
            "mean": 0.4687264105796814,
            "std": 0.08073071390390396
        },
        "fsd_inf": {
            "mean": 0.5392904621601105,
            "std": 0.08116323500871658
        }
    },
    "noise_sensitivity": {
        "fgsm": {
            "mean": 0.029360689615993807,
            "std": 0.025737091898918152
        }
    },
    "hyper_parameter": {
        "dataset": "cifar10",
        "hidden_dim": 256,
        "training_noise": 0.0,
        "test_noise": 0.2,
        "batch_size": 8,
        "learning_rate": 3.9843983439631946e-07,
        "weight_decay": 8.75897173684552e-05,
        "epochs": 100,
        "created_on": "2025_11_15_16_29_52",
        "seed": 5890996,
        "subset": null,
        "sigma": 1.0428551013176683,
        "neurons": 12,
        "orientation": [
            -4,
            4
        ],
        "activation": "tuning_curve",
        "stimulus": "RAND_UNIFORM",
        "encoded_output": true
    }
}