{
    "network": "population",
    "avg_loss": 1.7406214361190795,
    "accuracy": 38.71,
    "sharpness_scores": {
        "layers.0.weight": 0.7320613377571106,
        "layers.0.bias": 0.00351040678024292,
        "layers.2.weight": 4.857658291912079,
        "layers.2.bias": 0.013168161058425904
    },
    "activation_scores": {
        "layers.0": {
            "std": 1.8061894178390503,
            "mean": 2.485335350036621
        },
        "layers.1": {
            "std": 0.3363475799560547,
            "mean": 4.011382579803467
        },
        "layers.2": {
            "std": 1.7331057786941528,
            "mean": -7.835057258605957
        }
    },
    "ruby_scores": {
        "fsa_2": {
            "mean": 0.6731168486118316,
            "std": 0.1440652757883072
        },
        "fsa_inf": {
            "mean": 0.6603974772453308,
            "std": 0.15171149373054504
        },
        "fsd_2": {
            "mean": 0.471396573138237,
            "std": 0.08410561829805374
        },
        "fsd_inf": {
            "mean": 0.5388676168918609,
            "std": 0.08396688848733902
        }
    },
    "noise_sensitivity": {
        "fgsm": {
            "mean": 0.032996382495125015,
            "std": 0.0285806804895401
        }
    },
    "hyper_parameter": {
        "dataset": "cifar10",
        "hidden_dim": 256,
        "training_noise": 0.5,
        "test_noise": 0.2,
        "batch_size": 8,
        "learning_rate": 3.354068813854334e-07,
        "weight_decay": 1.7125484950131528e-05,
        "epochs": 100,
        "created_on": "2025_11_15_16_29_52",
        "seed": 9986704,
        "subset": null,
        "sigma": 0.8987848001978807,
        "neurons": 12,
        "orientation": [
            -4,
            4
        ],
        "activation": "tuning_curve",
        "stimulus": "LINEAR",
        "encoded_output": true
    }
}