{
  "lr": 1.733865450374896e-05,
  "weight_decay": 1.175698708956362e-06,
  "batch_size": 16,
  "hidden_dim": 512,
  "sigma": 0.6710563695306626,
  "neurons": 16,
  "orientation": [
    -1,
    1
  ],
  "stimulus": "RAND_NORMAL",
  "stack": "population_circular",
  "noise": 1.0,
  "metric": "loss",
  "target_metric": "fsa_inf_mean_diff",
  "loss": 1.9313617986043294,
  "accuracy": 0.44775,
  "fsa_inf_mean": 0.8850259557565053,
  "fsa_inf_std": 0.06674137711524963,
  "fsa_inf_mean_diff": 0.0058419033686319954,
  "test_accuracy": 53.98,
  "test_loss": 1.8180491720199585,
  "test_fsa_2_mean": 0.5111129804611206,
  "test_fsa_2_std": 0.11664202064275742,
  "test_fsa_inf_mean": 0.5112851001739502,
  "test_fsa_inf_std": 0.12019801884889603
}