{
  "lr": 2.287736537755074e-05,
  "weight_decay": 1.6023864534897803e-06,
  "batch_size": 32,
  "hidden_dim": 512,
  "sigma": 0.844085685462028,
  "neurons": 8,
  "orientation": [
    -1,
    1
  ],
  "stimulus": "RAND_NORMAL",
  "stack": "population_circular",
  "noise": 0.0,
  "metric": "loss",
  "target_metric": "fsa_inf_mean_diff",
  "loss": 1.6543746678034466,
  "accuracy": 0.6673333333333333,
  "fsa_inf_mean": 0.9371791529655457,
  "fsa_inf_std": 0.032273292541503906,
  "fsa_inf_mean_diff": 0.01513981938362119,
  "test_accuracy": 66.47999999999999,
  "test_loss": 1.6476776485625928,
  "test_fsa_2_mean": 0.3649416160278808,
  "test_fsa_2_std": 0.09044918417930603,
  "test_fsa_inf_mean": 0.34176384717130814,
  "test_fsa_inf_std": 0.09802412986755371
}