{
    "training_noise": 0.5,
    "seed": 10000,
    "stack": "tuning_curve",
    "network": "nn",
    "epochs": 30,
    "batch_size": 256,
    "dataset": "mnist",
    "test_noise": 0.2,
    "avg_loss": 0.5608527448028326,
    "accuracy": 81.82000000000001,
    "sharpness_scores": {
        "layers.0.weight": 0.40516433008015157,
        "layers.0.bias": 0.002095181494951248,
        "layers.2.weight": 0.38746869973838327,
        "layers.2.bias": 0.0003892224282026291
    },
    "activation_scores": {
        "layers.0": {
            "std": 1.0647703409194946,
            "mean": -1.2809431552886963
        },
        "layers.1": {
            "std": 0.8396921157836914,
            "mean": -0.9785801768302917
        },
        "layers.2": {
            "std": 2.8453333377838135,
            "mean": 1.5928704738616943
        }
    },
    "ruby_scores": {
        "fsa_inf": {
            "mean": 0.09684707224369049
        },
        "fsd_inf": {
            "mean": 0.09448222070932388
        }
    },
    "noise_sensitivity": {
        "fgsm": {
            "mean": 0.07725543150987209,
            "std": 0.054772697389125824
        }
    }
}