{
  "network": "linear",
  "avg_loss": 1.4088880166424798,
  "accuracy": 55.04355326838806,
  "sharpness_scores": {
    "layers.0.weight": 15.690090008032575,
    "layers.0.bias": 0.020832349150671697,
    "layers.2.weight": 6.1087878058162275,
    "layers.2.bias": 0.004955672367271915
  },
  "activation_scores": {
    "layers.0": {
      "std": 3.0414665890946297,
      "mean": -11.019290279771024
    },
    "layers.1": {
      "std": 1.686653143987071,
      "mean": 10.934141117821259
    },
    "layers.2": {
      "std": 5.064016058814019,
      "mean": -56.79903936348624
    }
  },
  "ruby_scores": {
    "fsa_2": {
      "mean": 0.39543964345554417,
      "std": 0.09759534100707629
    },
    "fsa_inf": {
      "mean": 0.3354089133904794,
      "std": 0.0981447052131988
    },
    "fsd_2": {
      "mean": 0.42438078591003464,
      "std": 0.06690274977846518
    },
    "fsd_inf": {
      "mean": 0.48862165110477296,
      "std": 0.05716266240277139
    }
  },
  "noise_sensitivity": {
    "fgsm": {
      "mean": 0.007334916436100756,
      "std": 0.006013520294756916
    }
  },
  "hyper_parameter": {
    "dataset": "cifar10",
    "hidden_dim": 512,
    "training_noise": 0.0,
    "test_noise": 0.2,
    "batch_size": 32,
    "learning_rate": 6.613750247272248e-05,
    "weight_decay": 2.9737780408978705e-05,
    "epochs": 100,
    "created_on": "",
    "seed": 3928060.3919041515,
    "subset": null
  }
}