{
  "lr": 0.0005058235945495292,
  "weight_decay": 6.394145033830158e-07,
  "batch_size": 8,
  "hidden_dim": 512,
  "stack": "linear",
  "noise": 0.0,
  "noise_probability": 0.5,
  "metric": "loss",
  "target_metric": "fsa_inf_std",
  "loss": 0.06460996495450005,
  "accuracy": 0.98,
  "fsa_inf_mean": 0.9770196244716645,
  "fsa_inf_std": 0.05538848787546158,
  "test_accuracy": 98.2,
  "test_loss": 0.06257782612987339,
  "test_fsa_2_mean": 0.7251788469314575,
  "test_fsa_2_std": 0.1619819551706314,
  "test_fsa_inf_mean": 0.7037031086921692,
  "test_fsa_inf_std": 0.17950883507728577
}