{
  "lr": 0.0027335799956283084,
  "weight_decay": 1.3695047151015924e-07,
  "batch_size": 16,
  "hidden_dim": 128,
  "sigma": 0.674942332689887,
  "neurons": 14,
  "orientation": [
    -5,
    5
  ],
  "stimulus": "RAND_NORMAL",
  "stack": "population",
  "noise": 1.0,
  "noise_probability": 0.5,
  "metric": "loss",
  "target_metric": "fsa_inf_std",
  "loss": 0.480126761979113,
  "accuracy": 0.8418333333333333,
  "fsa_inf_mean": 0.8913958942890168,
  "fsa_inf_std": 0.06089203432202339,
  "test_accuracy": 96.61,
  "test_loss": 0.11380661693832371,
  "test_fsa_2_mean": 0.5201904382705689,
  "test_fsa_2_std": 0.10943736881017685,
  "test_fsa_inf_mean": 0.49671903486251834,
  "test_fsa_inf_std": 0.11891643702983856
}