{
  "lr": 2.66600908168538e-05,
  "weight_decay": 2.203939997380503e-05,
  "batch_size": 4,
  "hidden_dim": 256,
  "stack": "linear",
  "noise": 0.0,
  "metric": "loss_norm",
  "target_metric": "loss_norm",
  "loss": 1.5120153002023697,
  "accuracy": 0.4688,
  "fsa_inf_mean": 0.9945333326816559,
  "fsa_inf_std": 0.042344484478235245,
  "fsa_inf_mean_diff": 0.0054666673183441095,
  "test_accuracy": 45.96,
  "test_loss": 1.5255678433060647,
  "test_fsa_2_mean": 0.819533316230774,
  "test_fsa_2_std": 0.183759406208992,
  "test_fsa_inf_mean": 0.819733316230774,
  "test_fsa_inf_std": 0.18368355929851532
}