{
    "training_noise": 0.5,
    "seed": 10000,
    "stack": "tuning_curve",
    "network": "nn",
    "epochs": 100,
    "batch_size": 256,
    "dataset": "mnist",
    "test_noise": 0.2,
    "avg_loss": 0.8631340906023979,
    "accuracy": 81.86,
    "sharpness_scores": {
        "layers.0.weight": 0.6326473042368889,
        "layers.0.bias": 0.01297479122877121,
        "layers.2.weight": 0.7825692489743232,
        "layers.2.bias": 0.013340260088443755
    },
    "activation_scores": {
        "layers.0": {
            "std": 0.7578014731407166,
            "mean": -0.17877879738807678
        },
        "layers.1": {
            "std": 0.7931426763534546,
            "mean": -0.25751423835754395
        },
        "layers.2": {
            "std": 1.455478310585022,
            "mean": 0.030036037787795067
        }
    },
    "ruby_scores": {
        "fsa_2": {
            "mean": 0.4019527480006218,
            "std": 0.08785533159971237
        },
        "fsa_inf": {
            "mean": 0.46351771652698515,
            "std": 0.11159943789243698
        },
        "fsd_2": {
            "mean": 0.5261018089950085,
            "std": 0.046499259769916534
        },
        "fsd_inf": {
            "mean": 0.5929790206253529,
            "std": 0.09075292199850082
        }
    },
    "noise_sensitivity": {
        "fgsm": {
            "mean": 0.07143047908870347,
            "std": 0.04612443223595619
        }
    }
}