{
    "training_noise": 0.5,
    "seed": 10000,
    "stack": "tuning_curve",
    "network": "nn",
    "epochs": 100,
    "batch_size": 256,
    "dataset": "mnist",
    "test_noise": 0.2,
    "avg_loss": 0.19346352291759103,
    "accuracy": 93.83,
    "sharpness_scores": {
        "layers.0.weight": 3.27313360797707,
        "layers.0.bias": 0.04789452890399844,
        "layers.2.weight": 0.7241596903884784,
        "layers.2.bias": 0.002048262511380017
    },
    "activation_scores": {
        "layers.0": {
            "std": 1.0073931217193604,
            "mean": -0.46729224920272827
        },
        "layers.1": {
            "std": 1.8253309726715088,
            "mean": -0.8347276449203491
        },
        "layers.2": {
            "std": 4.7713470458984375,
            "mean": 4.144737243652344
        }
    },
    "ruby_scores": {
        "fsa_inf": {
            "mean": 0.40695487558841703,
            "std": 0.09350745379924774
        },
        "fsd_inf": {
            "mean": 0.5411017514765263,
            "std": 0.09280267357826233
        }
    },
    "noise_sensitivity": {
        "fgsm": {
            "mean": 0.0572553123738225,
            "std": 0.03372208774089813
        }
    }
}