{
  "lr": 1.5795007180922778e-06,
  "weight_decay": 1.6472293331362236e-05,
  "batch_size": 4,
  "hidden_dim": 128,
  "sigma": 0.5655009242966891,
  "neurons": 12,
  "orientation": [
    -4,
    4
  ],
  "stimulus": "RAND_NORMAL",
  "stack": "population",
  "noise": 0.5,
  "metric": "loss_norm",
  "target_metric": "loss_norm",
  "loss": 1.901694193792343,
  "accuracy": 0.3347,
  "fsa_inf_mean": 0.9471333277225494,
  "fsa_inf_std": 0.12569935619831085,
  "fsa_inf_mean_diff": 0.01953333497047427,
  "test_accuracy": 34.83,
  "test_loss": 1.868180263352394,
  "test_fsa_2_mean": 0.7981333149909973,
  "test_fsa_2_std": 0.18588319420814514,
  "test_fsa_inf_mean": 0.7981333149909973,
  "test_fsa_inf_std": 0.18588319420814514
}