{
    "training_noise": 0.5,
    "seed": 10000,
    "stack": "tuning_curve",
    "network": "nn",
    "epochs": 30,
    "batch_size": 256,
    "dataset": "mnist",
    "test_noise": 0.2,
    "avg_loss": 0.429672540910542,
    "accuracy": 86.72999999999999,
    "sharpness_scores": {
        "layers.0.weight": 0.5847328847274185,
        "layers.0.bias": 0.006239018030464649,
        "layers.2.weight": 0.5219660138711333,
        "layers.2.bias": 0.005977828800678253
    },
    "activation_scores": {
        "layers.0": {
            "std": 1.1497653722763062,
            "mean": 0.6455481648445129
        },
        "layers.1": {
            "std": 1.291642427444458,
            "mean": 0.5353845953941345
        },
        "layers.2": {
            "std": 4.256756782531738,
            "mean": 1.529552698135376
        }
    },
    "ruby_scores": {
        "fsa_inf": {
            "mean": 0.3808377683162689,
            "std": 0.1118985265493393
        },
        "fsd_inf": {
            "mean": 0.5710433192551136,
            "std": 0.09169560670852661
        }
    },
    "noise_sensitivity": {
        "fgsm": {
            "mean": 0.071786800957099,
            "std": 0.04411854222416878
        }
    }
}