{
    "training_noise": 0.5,
    "seed": 10000,
    "stack": "tuning_curve",
    "network": "nn",
    "epochs": 30,
    "batch_size": 256,
    "dataset": "mnist",
    "test_noise": 0.2,
    "avg_loss": 0.4304660366848111,
    "accuracy": 87.13,
    "sharpness_scores": {
        "layers.0.weight": 0.43861031588166954,
        "layers.0.bias": 0.004787761531770229,
        "layers.2.weight": 0.3955094886943698,
        "layers.2.bias": 0.005996440537273884
    },
    "activation_scores": {
        "layers.0": {
            "std": 1.2013198137283325,
            "mean": 0.6547144651412964
        },
        "layers.1": {
            "std": 1.1874042749404907,
            "mean": 0.05182832479476929
        },
        "layers.2": {
            "std": 4.4310808181762695,
            "mean": 0.22410035133361816
        }
    },
    "ruby_scores": {
        "fsa_inf": {
            "mean": 0.40776806622743605,
            "std": 0.09484266489744186
        },
        "fsd_inf": {
            "mean": 0.5589406281709671,
            "std": 0.09968728572130203
        }
    },
    "noise_sensitivity": {
        "fgsm": {
            "mean": 0.07470930916511495,
            "std": 0.04851364716887474
        }
    }
}