{
    "training_noise": 0.5,
    "seed": 10000,
    "stack": "tuning_curve",
    "network": "nn",
    "epochs": 100,
    "batch_size": 256,
    "dataset": "mnist",
    "test_noise": 0.2,
    "avg_loss": 0.3656788747292012,
    "accuracy": 89.98,
    "sharpness_scores": {
        "layers.0.weight": 0.45009091650135813,
        "layers.0.bias": 0.0027102868072688578,
        "layers.2.weight": 0.48940858473069965,
        "layers.2.bias": 0.0028405814431607724
    },
    "activation_scores": {
        "layers.0": {
            "std": 1.638493299484253,
            "mean": -2.2888758182525635
        },
        "layers.1": {
            "std": 1.682466745376587,
            "mean": -2.021286725997925
        },
        "layers.2": {
            "std": 6.296055793762207,
            "mean": 2.902805805206299
        }
    },
    "ruby_scores": {
        "fsa_inf": {
            "mean": 0.4245648220181465,
            "std": 0.09393202513456345
        },
        "fsd_inf": {
            "mean": 0.5590840958058834,
            "std": 0.09703005105257034
        }
    },
    "noise_sensitivity": {
        "fgsm": {
            "mean": 0.0810379029716609,
            "std": 0.054446399211883545
        }
    }
}