{
    "training_noise": 0.5,
    "seed": 10000,
    "stack": "tuning_curve",
    "network": "nn",
    "epochs": 30,
    "batch_size": 256,
    "dataset": "mnist",
    "test_noise": 0.2,
    "avg_loss": 0.39996538395062087,
    "accuracy": 88.44,
    "sharpness_scores": {
        "layers.0.weight": 0.3585175990127027,
        "layers.0.bias": 0.008948561735451221,
        "layers.2.weight": 0.6516675866208971,
        "layers.2.bias": 0.0066788940690457824
    },
    "activation_scores": {
        "layers.0": {
            "std": 1.241965889930725,
            "mean": 1.0503591299057007
        },
        "layers.1": {
            "std": 1.3539291620254517,
            "mean": 0.8290058374404907
        },
        "layers.2": {
            "std": 5.112746715545654,
            "mean": -0.6996708512306213
        }
    },
    "ruby_scores": {
        "fsa_inf": {
            "mean": 0.45553557872772216,
            "std": 0.10021179169416428
        },
        "fsd_inf": {
            "mean": 0.5668868310749531,
            "std": 0.09375526756048203
        }
    },
    "noise_sensitivity": {
        "fgsm": {
            "mean": 0.08131652814195439,
            "std": 0.0501314252614975
        }
    }
}