{
  "lr": 2.0146605549054127e-05,
  "weight_decay": 1.050501590006922e-06,
  "batch_size": 4,
  "hidden_dim": 256,
  "stack": "linear",
  "noise": 1.0,
  "metric": "loss",
  "target_metric": "fsa_inf_mean_diff",
  "loss": 1.8172450949907304,
  "accuracy": 0.357,
  "fsa_inf_mean": 0.9082666576862335,
  "fsa_inf_std": 0.1578165888786316,
  "fsa_inf_mean_diff": 0.05840000500679021,
  "test_accuracy": 41.52,
  "test_loss": 1.6663191282272338,
  "test_fsa_2_mean": 0.7947999816417695,
  "test_fsa_2_std": 0.18665538728237152,
  "test_fsa_inf_mean": 0.7949999816417694,
  "test_fsa_inf_std": 0.1866072565317154
}