{
    "training_noise": 0.5,
    "seed": 10000,
    "stack": "tuning_curve",
    "network": "nn",
    "epochs": 30,
    "batch_size": 256,
    "dataset": "mnist",
    "test_noise": 0.2,
    "avg_loss": 0.46998026631772516,
    "accuracy": 86.96000000000001,
    "sharpness_scores": {
        "layers.0.weight": 0.365806283429265,
        "layers.0.bias": -0.002116519678384066,
        "layers.2.weight": 0.36331537682563064,
        "layers.2.bias": -0.0021075548604130743
    },
    "activation_scores": {
        "layers.0": {
            "std": 1.316228985786438,
            "mean": -1.5986827611923218
        },
        "layers.1": {
            "std": 1.2874805927276611,
            "mean": -1.468308925628662
        },
        "layers.2": {
            "std": 5.841724872589111,
            "mean": -0.030024567618966103
        }
    },
    "ruby_scores": {
        "fsa_inf": {
            "mean": 0.39250129759311675,
            "std": 0.09693537652492523
        },
        "fsd_inf": {
            "mean": 0.571916776150465,
            "std": 0.09924956411123276
        }
    },
    "noise_sensitivity": {
        "fgsm": {
            "mean": 0.07309739326739459,
            "std": 0.05131996050477028
        }
    }
}