{
    "training_noise": 0.5,
    "seed": 10000,
    "stack": "tuning_curve",
    "network": "nn",
    "epochs": 100,
    "batch_size": 256,
    "dataset": "mnist",
    "test_noise": 0.2,
    "avg_loss": 0.39992192117497327,
    "accuracy": 87.64999999999999,
    "sharpness_scores": {
        "layers.0.weight": 1.4647498962469399,
        "layers.0.bias": 0.005290418211370706,
        "layers.2.weight": 1.0237405237741768,
        "layers.2.bias": 0.0030360401608049868
    },
    "activation_scores": {
        "layers.0": {
            "std": 1.1412888765335083,
            "mean": 1.2333285808563232
        },
        "layers.1": {
            "std": 1.3778315782546997,
            "mean": 0.80339515209198
        },
        "layers.2": {
            "std": 3.9574007987976074,
            "mean": -1.389943242073059
        }
    },
    "ruby_scores": {
        "fsa_2": {
            "mean": 0.34108770787715914,
            "std": 0.06997758150100708
        },
        "fsa_inf": {
            "mean": 0.46426653265953066,
            "std": 0.09405072778463364
        },
        "fsd_2": {
            "mean": 0.516233316808939,
            "std": 0.04508713260293007
        },
        "fsd_inf": {
            "mean": 0.56084700897336,
            "std": 0.09374409168958664
        }
    },
    "noise_sensitivity": {
        "fgsm": {
            "mean": 0.07119619219807688,
            "std": 0.04295237362384796
        }
    }
}