{
    "training_noise": 0.5,
    "seed": 10000,
    "stack": "tuning_curve",
    "network": "nn",
    "epochs": 30,
    "batch_size": 256,
    "dataset": "mnist",
    "test_noise": 0.2,
    "avg_loss": 0.4403135981410742,
    "accuracy": 86.91,
    "sharpness_scores": {
        "layers.0.weight": 0.40541410706937314,
        "layers.0.bias": 0.0028408966958522797,
        "layers.2.weight": 0.40171556286513804,
        "layers.2.bias": 0.005670299381017685
    },
    "activation_scores": {
        "layers.0": {
            "std": 1.2242664098739624,
            "mean": -0.1745871752500534
        },
        "layers.1": {
            "std": 1.1676242351531982,
            "mean": -0.17117096483707428
        },
        "layers.2": {
            "std": 4.47653865814209,
            "mean": 3.5216147899627686
        }
    },
    "ruby_scores": {
        "fsa_inf": {
            "mean": 0.40233162194490435,
            "std": 0.10349616408348083
        },
        "fsd_inf": {
            "mean": 0.571008712053299,
            "std": 0.09433043748140335
        }
    },
    "noise_sensitivity": {
        "fgsm": {
            "mean": 0.07425884175033033,
            "std": 0.04879092052578926
        }
    }
}