{
    "training_noise": 0.5,
    "seed": 10000,
    "stack": "tuning_curve",
    "network": "nn",
    "epochs": 30,
    "batch_size": 256,
    "dataset": "mnist",
    "test_noise": 0.2,
    "avg_loss": 0.47291547162458303,
    "accuracy": 86.71,
    "sharpness_scores": {
        "layers.0.weight": 0.3637117584235966,
        "layers.0.bias": -0.0023878319188952446,
        "layers.2.weight": 0.37204632321372627,
        "layers.2.bias": -0.0023542140610516072
    },
    "activation_scores": {
        "layers.0": {
            "std": 1.283260703086853,
            "mean": -1.5425405502319336
        },
        "layers.1": {
            "std": 1.272551417350769,
            "mean": -1.4679392576217651
        },
        "layers.2": {
            "std": 5.642826557159424,
            "mean": 0.12648770213127136
        }
    },
    "ruby_scores": {
        "fsa_2.0": {
            "mean": 0.3289940312504768,
            "std": 0.08274060487747192
        },
        "fsa_inf": {
            "mean": 0.3945044666528702,
            "std": 0.09634960442781448
        },
        "fsd_2.0": {
            "mean": 0.5035123802721501,
            "std": 0.04123222455382347
        },
        "fsd_inf": {
            "mean": 0.5766581073403358,
            "std": 0.09671475738286972
        }
    },
    "noise_sensitivity": {
        "fgsm": {
            "mean": 0.07307751134183922,
            "std": 0.05007471889257431
        }
    }
}