{
  "lr": 3.3778392078600016e-05,
  "weight_decay": 9.962997425467156e-05,
  "batch_size": 4,
  "hidden_dim": 256,
  "stack": "linear",
  "noise": 0.5,
  "metric": "loss",
  "target_metric": "fsa_inf_mean_diff",
  "loss": 1.6347693524479867,
  "accuracy": 0.4174,
  "fsa_inf_mean": 0.9491333278179168,
  "fsa_inf_std": 0.12304821610450745,
  "fsa_inf_mean_diff": -0.049133339738845816,
  "test_accuracy": 45.22,
  "test_loss": 1.5608590053915978,
  "test_fsa_2_mean": 0.8149999822616577,
  "test_fsa_2_std": 0.18299835920333862,
  "test_fsa_inf_mean": 0.8149999822616577,
  "test_fsa_inf_std": 0.18299835920333862
}