{
  "lr": 6.67622865616866e-05,
  "weight_decay": 2.939217863568607e-05,
  "batch_size": 32,
  "hidden_dim": 512,
  "stack": "linear",
  "noise": 0.0,
  "metric": "loss",
  "target_metric": "fsa_inf_mean_diff",
  "loss": 1.5162241599811153,
  "accuracy": 0.4648,
  "fsa_inf_mean": 0.9764577319827704,
  "fsa_inf_std": 0.022549033164978027,
  "fsa_inf_mean_diff": -0.003910409471097442,
  "test_accuracy": 47.04,
  "test_loss": 1.512877414782588,
  "test_fsa_2_mean": 0.3896113687429946,
  "test_fsa_2_std": 0.09217632561922073,
  "test_fsa_inf_mean": 0.34330561252447744,
  "test_fsa_inf_std": 0.09647832065820694
}