{
    "network": "linear",
    "avg_loss": 0.6338834911853075,
    "accuracy": 81.28999999999999,
    "sharpness_scores": {
        "layers.0.weight": 0.7798748250454665,
        "layers.0.bias": 0.0011691127628087998,
        "layers.2.weight": 1.425673502162099,
        "layers.2.bias": 0.0003617673009634018
    },
    "activation_scores": {
        "layers.0": {
            "std": 2.311580181121826,
            "mean": -1.565301537513733
        },
        "layers.1": {
            "std": 1.4300079345703125,
            "mean": 14.895153045654297
        },
        "layers.2": {
            "std": 12.508545875549316,
            "mean": -147.2623291015625
        }
    },
    "ruby_scores": {
        "fsa_2": {
            "mean": 0.5316016266822815,
            "std": 0.10055302083492279
        },
        "fsa_inf": {
            "mean": 0.4860526417732239,
            "std": 0.10831715911626816
        },
        "fsd_2": {
            "mean": 0.5210530069828033,
            "std": 0.06578177213668823
        },
        "fsd_inf": {
            "mean": 0.7420118762016297,
            "std": 0.08686491847038269
        }
    },
    "noise_sensitivity": {
        "fgsm": {
            "mean": 0.10016923975333483,
            "std": 0.08156581968069077
        }
    },
    "hyper_parameter": {
        "dataset": "cifar10",
        "hidden_dim": 256,
        "training_noise": 1.0,
        "test_noise": 0.2,
        "batch_size": 16,
        "learning_rate": 6.364467078477959e-05,
        "weight_decay": 2.968459123710349e-06,
        "epochs": 100,
        "created_on": "2025_11_20_09_05_27",
        "seed": 8552961,
        "subset": null
    }
}