{
    "network": "linear",
    "avg_loss": 2.1991760884925724,
    "accuracy": 40.22,
    "sharpness_scores": {
        "layers.0.weight": 6.8941564662411805,
        "layers.0.bias": 0.011232662025094032,
        "layers.2.weight": 4.0485522532436065,
        "layers.2.bias": 0.006599544624984265
    },
    "activation_scores": {
        "layers.0": {
            "std": 3.0183205604553223,
            "mean": -16.95578384399414
        },
        "layers.1": {
            "std": 1.758163571357727,
            "mean": 10.644553184509277
        },
        "layers.2": {
            "std": 4.611049175262451,
            "mean": -66.62162780761719
        }
    },
    "ruby_scores": {
        "fsa_2": {
            "mean": 0.7822666475296021,
            "std": 0.18632552027702332
        },
        "fsa_inf": {
            "mean": 0.7822666475296021,
            "std": 0.18632552027702332
        },
        "fsd_2": {
            "mean": 0.4427381802201271,
            "std": 0.18508000671863556
        },
        "fsd_inf": {
            "mean": 0.4587346635401249,
            "std": 0.19027332961559296
        }
    },
    "noise_sensitivity": {
        "fgsm": {
            "mean": 0.028083379081282046,
            "std": 0.02375652827322483
        }
    },
    "hyper_parameter": {
        "dataset": "cifar10",
        "hidden_dim": 256,
        "training_noise": 1.0,
        "test_noise": 0.2,
        "batch_size": 4,
        "learning_rate": 2.0146605549054127e-05,
        "weight_decay": 1.050501590006922e-06,
        "epochs": 100,
        "created_on": "2025_11_15_00_08_32",
        "seed": 7749341,
        "subset": null
    }
}