{
    "network": "linear",
    "avg_loss": 1.4243512092687833,
    "accuracy": 54.50000000000001,
    "sharpness_scores": {
        "layers.0.weight": 15.645815713717914,
        "layers.0.bias": 0.021150944712824714,
        "layers.2.weight": 6.144338966558536,
        "layers.2.bias": 0.0048751621581495
    },
    "activation_scores": {
        "layers.0": {
            "std": 3.1171088218688965,
            "mean": -10.97222900390625
        },
        "layers.1": {
            "std": 1.6655681133270264,
            "mean": 11.029740333557129
        },
        "layers.2": {
            "std": 5.098629951477051,
            "mean": -56.745296478271484
        }
    },
    "ruby_scores": {
        "fsa_2": {
            "mean": 0.3896287605404473,
            "std": 0.09822288900613785
        },
        "fsa_inf": {
            "mean": 0.33690470952195484,
            "std": 0.09857285767793655
        },
        "fsd_2": {
            "mean": 0.4152212944655373,
            "std": 0.06547103822231293
        },
        "fsd_inf": {
            "mean": 0.48376439583187286,
            "std": 0.05694275721907616
        }
    },
    "noise_sensitivity": {
        "fgsm": {
            "mean": 0.007281226956583225,
            "std": 0.005925191566348076
        }
    },
    "hyper_parameter": {
        "dataset": "cifar10",
        "hidden_dim": 512,
        "training_noise": 0.0,
        "test_noise": 0.2,
        "batch_size": 32,
        "learning_rate": 6.67622865616866e-05,
        "weight_decay": 2.939217863568607e-05,
        "epochs": 100,
        "created_on": "2025_11_15_00_08_32",
        "seed": 3977939,
        "subset": null
    }
}