{
    "network": "linear",
    "avg_loss": 0.5150562503129243,
    "accuracy": 82.24000000000001,
    "sharpness_scores": {
        "layers.0.weight": 0.8482437975496053,
        "layers.0.bias": 0.003526749336719513,
        "layers.2.weight": 2.732734818974137,
        "layers.2.bias": 0.004229860353469848
    },
    "activation_scores": {
        "layers.0": {
            "std": 1.3943172693252563,
            "mean": 17.706031799316406
        },
        "layers.1": {
            "std": 1.204034686088562,
            "mean": 20.0448055267334
        },
        "layers.2": {
            "std": 5.475868225097656,
            "mean": -41.218936920166016
        }
    },
    "ruby_scores": {
        "fsa_2": {
            "mean": 0.6933855065822602,
            "std": 0.13573649525642395
        },
        "fsa_inf": {
            "mean": 0.6654678432464599,
            "std": 0.15587174892425537
        },
        "fsd_2": {
            "mean": 0.5232087383508682,
            "std": 0.08280853182077408
        },
        "fsd_inf": {
            "mean": 0.7686651726722717,
            "std": 0.1128501296043396
        }
    },
    "noise_sensitivity": {
        "fgsm": {
            "mean": 0.06621691526401391,
            "std": 0.04806462675333023
        }
    },
    "hyper_parameter": {
        "dataset": "cifar10",
        "hidden_dim": 256,
        "training_noise": 0.5,
        "test_noise": 0.2,
        "batch_size": 8,
        "learning_rate": 1.0079269850218188e-06,
        "weight_decay": 6.218935795441295e-05,
        "epochs": 100,
        "created_on": "2025_11_20_08_25_54",
        "seed": 9541694,
        "subset": null
    }
}