{
    "network": "linear",
    "avg_loss": 1.365143846490979,
    "accuracy": 53.39,
    "sharpness_scores": {
        "layers.0.weight": 8.540059420785308,
        "layers.0.bias": 0.007256821759045124,
        "layers.2.weight": 4.785788751260378,
        "layers.2.bias": 0.011656638461351395
    },
    "activation_scores": {
        "layers.0": {
            "std": 3.37461519241333,
            "mean": -18.070842742919922
        },
        "layers.1": {
            "std": 1.8108237981796265,
            "mean": 11.64511775970459
        },
        "layers.2": {
            "std": 4.409413814544678,
            "mean": -108.91200256347656
        }
    },
    "ruby_scores": {
        "fsa_2": {
            "mean": 0.8117333152770996,
            "std": 0.1829151213169098
        },
        "fsa_inf": {
            "mean": 0.8121333152770996,
            "std": 0.18277958035469055
        },
        "fsd_2": {
            "mean": 0.46605029150247573,
            "std": 0.15965397655963898
        },
        "fsd_inf": {
            "mean": 0.48119138987064364,
            "std": 0.1647200733423233
        }
    },
    "noise_sensitivity": {
        "fgsm": {
            "mean": 0.01383361739685146,
            "std": 0.011565268971025944
        }
    },
    "hyper_parameter": {
        "dataset": "cifar10",
        "hidden_dim": 256,
        "training_noise": 0.5,
        "test_noise": 0.2,
        "batch_size": 4,
        "learning_rate": 3.3778392078600016e-05,
        "weight_decay": 9.962997425467156e-05,
        "epochs": 100,
        "created_on": "2025_11_15_00_08_32",
        "seed": 7515248,
        "subset": null
    }
}