{
    "training_noise": 0.0,
    "seed": 10000,
    "stack": "log_normal",
    "network": "nn",
    "epochs": 20,
    "batch_size": 256,
    "dataset": "mnist",
    "test_noise": 0.2,
    "avg_loss": 0.4470543101429939,
    "accuracy": 90.28,
    "sharpness_scores": {
        "layers.0.weight": 1.8143240973353385,
        "layers.0.bias": 0.47203032970428466,
        "layers.2.weight": 0.5380205489695072,
        "layers.2.bias": 0.006527294591069222
    },
    "activation_scores": {
        "layers.0": {
            "std": 0.8958523869514465,
            "mean": 0.16900911927223206
        },
        "layers.1": {
            "std": 0.21523156762123108,
            "mean": 0.7968360185623169
        },
        "layers.2": {
            "std": 1.5154623985290527,
            "mean": -1.6734580993652344
        }
    },
    "ruby_scores": {
        "FSA_2.0": 0.31760909855365754,
        "FSA_inf": 0.39301629066467286,
        "FSD_2.0": 0.4773087128996849,
        "FSD_inf": 0.5408985584974288
    }
}