{
    "training_noise": 0.5,
    "seed": 10000,
    "stack": "tuning_curve",
    "network": "nn",
    "epochs": 100,
    "batch_size": 256,
    "dataset": "mnist",
    "test_noise": 0.2,
    "avg_loss": 0.29035108191892506,
    "accuracy": 91.7,
    "sharpness_scores": {
        "layers.0.weight": 1.4636942823417485,
        "layers.0.bias": 0.015946898236870767,
        "layers.2.weight": 1.639472231734544,
        "layers.2.bias": 0.00023495792411267757
    },
    "activation_scores": {
        "layers.0": {
            "std": 1.5614830255508423,
            "mean": -0.2099922001361847
        },
        "layers.1": {
            "std": 2.853459596633911,
            "mean": 0.8045752644538879
        },
        "layers.2": {
            "std": 6.7310075759887695,
            "mean": 6.679744720458984
        }
    },
    "ruby_scores": {
        "fsa_inf": {
            "mean": 0.412642103433609,
            "std": 0.08701730519533157
        },
        "fsd_inf": {
            "mean": 0.5438655309379101,
            "std": 0.08599038422107697
        }
    },
    "noise_sensitivity": {
        "fgsm": {
            "mean": 0.07363591330777186,
            "std": 0.04571192339062691
        }
    }
}