{
  "lr": 7.746347660856748e-07,
  "weight_decay": 6.740800078739093e-06,
  "batch_size": 16,
  "hidden_dim": 256,
  "stack": "linear",
  "noise": 0.0,
  "metric": "loss",
  "target_metric": "fsa_inf_std",
  "loss": 1.879333378314972,
  "accuracy": 0.75775,
  "fsa_inf_mean": 0.956992290576299,
  "fsa_inf_std": 0.045005518943071365,
  "test_accuracy": 76.53999999999999,
  "test_loss": 1.8677387742996217,
  "test_fsa_2_mean": 0.5086844264030457,
  "test_fsa_2_std": 0.11785475164651871,
  "test_fsa_inf_mean": 0.4924570698738098,
  "test_fsa_inf_std": 0.12268418818712234
}