{
  "lr": 4.833364204119412e-07,
  "weight_decay": 2.6790476574030116e-06,
  "batch_size": 16,
  "hidden_dim": 128,
  "sigma": 0.6983216897643008,
  "neurons": 12,
  "orientation": [
    -5,
    5
  ],
  "stimulus": "RAND_UNIFORM",
  "stack": "population",
  "noise": 0.0,
  "metric": "loss",
  "target_metric": "fsa_inf_mean_diff",
  "loss": 1.6688448079427083,
  "accuracy": 0.7190833333333333,
  "fsa_inf_mean": 0.9593790163199107,
  "fsa_inf_std": 0.0447205975651741,
  "test_accuracy": 72.69,
  "test_loss": 1.6614143320083619,
  "test_fsa_2_mean": 0.5101746432304383,
  "test_fsa_2_std": 0.10706727206707001,
  "test_fsa_inf_mean": 0.49398884925842285,
  "test_fsa_inf_std": 0.11525798588991165
}