{
  "lr": 0.0007250949708283907,
  "weight_decay": 0.00017997009361512,
  "batch_size": 128,
  "hidden_dim": 256,
  "sigma": 0.7301221250474563,
  "neurons": 18,
  "orientation": [
    -5,
    5
  ],
  "stimulus": "RAND_NORMAL",
  "stack": "population",
  "noise": 0.0,
  "noise_probability": 0.5,
  "metric": "loss",
  "target_metric": "fsa_inf_std",
  "loss": 0.08570170438194528,
  "accuracy": 0.9735833333333334,
  "fsa_inf_mean": 0.8535406405621386,
  "fsa_inf_std": 0.02290428802371025,
  "test_accuracy": 97.43,
  "test_loss": 0.08018386902625059,
  "test_fsa_2_mean": 0.3279649984987476,
  "test_fsa_2_std": 0.07355988770723343,
  "test_fsa_inf_mean": 0.4073665798464908,
  "test_fsa_inf_std": 0.09466826170682907
}