{
  "lr": 9.339864978650049e-07,
  "weight_decay": 1.5890110478596759e-06,
  "batch_size": 32,
  "hidden_dim": 128,
  "sigma": 0.6198527247115646,
  "neurons": 8,
  "orientation": [
    -4,
    4
  ],
  "stimulus": "LINEAR",
  "stack": "population",
  "noise": 0.0,
  "metric": "loss",
  "target_metric": "fsa_inf_std",
  "loss": 1.498225404103597,
  "accuracy": 0.7441666666666666,
  "fsa_inf_mean": 0.9334975109100342,
  "fsa_inf_std": 0.03275078907608986,
  "test_accuracy": 75.07000000000001,
  "test_loss": 1.485562044972429,
  "test_fsa_2_mean": 0.36925258404149797,
  "test_fsa_2_std": 0.09008657932281494,
  "test_fsa_inf_mean": 0.3394054882823469,
  "test_fsa_inf_std": 0.0959402546286583
}