{
  "lr": 9.59785402209775e-07,
  "weight_decay": 8.712876005776267e-05,
  "batch_size": 16,
  "hidden_dim": 256,
  "sigma": 0.9786801955640799,
  "neurons": 12,
  "orientation": [
    -5,
    5
  ],
  "stimulus": "LINEAR",
  "stack": "population",
  "noise": 0.0,
  "metric": "loss",
  "target_metric": "fsa_inf_std",
  "loss": 1.0822494597434997,
  "accuracy": 0.8025,
  "fsa_inf_mean": 0.9573808014392853,
  "fsa_inf_std": 0.045631784945726395,
  "test_accuracy": 82.13000000000001,
  "test_loss": 1.0502778076171875,
  "test_fsa_2_mean": 0.5146344824790955,
  "test_fsa_2_std": 0.1097235158085823,
  "test_fsa_inf_mean": 0.4940484700202942,
  "test_fsa_inf_std": 0.11783360689878464
}