{
  "batch_size": 16,
  "hidden_dim": 256,
  "lr": 8.378711411067634e-07,
  "neurons": 12,
  "orientation": [
    -2,
    2
  ],
  "sigma": 0.5617151459460746,
  "stimulus": "LINEAR",
  "weight_decay": 0.005143314902701293,
  "stack": "population",
  "noise": 0.0,
  "noise_probability": 0.5,
  "metric": "loss",
  "target_metric": "fsa_inf_std",
  "loss": 1.9582657877604166,
  "accuracy": 0.68425,
  "fsa_inf_mean": 0.958725417137146,
  "fsa_inf_std": 0.04436366632580757,
  "test_accuracy": 68.78999999999999,
  "test_loss": 1.9563275718688964,
  "test_fsa_2_mean": 0.5230881727218628,
  "test_fsa_2_std": 0.10903909802436829,
  "test_fsa_inf_mean": 0.4972605047225952,
  "test_fsa_inf_std": 0.11477774381637573
}