{
  "batch_size": 8,
  "hidden_dim": 256,
  "lr": 1e-06,
  "neurons": 12,
  "orientation": [
    -5,
    5
  ],
  "sigma": 0.75,
  "stimulus": "RAND_UNIFORM",
  "weight_decay": 0.0001,
  "stack": "population",
  "noise": 0.5,
  "noise_probability": 0.5,
  "metric": "loss",
  "target_metric": "fsa_inf_std",
  "loss": 0.6678978568514188,
  "accuracy": 0.8406666666666667,
  "fsa_inf_mean": 0.9840238910913467,
  "fsa_inf_std": 0.04723136126995087,
  "test_accuracy": 86.72999999999999,
  "test_loss": 0.5274184937387705,
  "test_fsa_2_mean": 0.7160660871982575,
  "test_fsa_2_std": 0.15510709583759308,
  "test_fsa_inf_mean": 0.6944280877113342,
  "test_fsa_inf_std": 0.17151668667793274
}