{
  "lr": 8.997347987617004e-07,
  "weight_decay": 0.00010024731651834049,
  "batch_size": 8,
  "hidden_dim": 128,
  "sigma": 1.4119934622211177,
  "neurons": 12,
  "orientation": [
    -4,
    4
  ],
  "stimulus": "LINEAR",
  "stack": "population",
  "noise": 0.0,
  "metric": "loss",
  "target_metric": "fsa_inf_std",
  "loss": 1.0517827353676161,
  "accuracy": 0.8033333333333333,
  "fsa_inf_mean": 0.975126040816307,
  "fsa_inf_std": 0.057514652609825134,
  "test_accuracy": 81.81,
  "test_loss": 1.0305442019462585,
  "test_fsa_2_mean": 0.7024987163543701,
  "test_fsa_2_std": 0.15538930892944336,
  "test_fsa_inf_mean": 0.6796064531326294,
  "test_fsa_inf_std": 0.17278198897838593
}