{
  "lr": 0.0010524502154217645,
  "weight_decay": 0.0027711494527930276,
  "batch_size": 64,
  "hidden_dim": 512,
  "sigma": 0.8907583174446059,
  "neurons": 18,
  "orientation": [
    -4,
    4
  ],
  "stimulus": "RAND_UNIFORM",
  "stack": "population",
  "noise": 0.0,
  "noise_probability": 0.5,
  "metric": "loss",
  "target_metric": "fsa_inf_std",
  "loss": 0.10105784070687963,
  "accuracy": 0.9711666666666666,
  "fsa_inf_mean": 0.8975526509766883,
  "fsa_inf_std": 0.03061746619641781,
  "test_accuracy": 97.33000000000001,
  "test_loss": 0.09299675770201067,
  "test_fsa_2_mean": 0.37360092864674366,
  "test_fsa_2_std": 0.08698387444019318,
  "test_fsa_inf_mean": 0.3775173938198454,
  "test_fsa_inf_std": 0.11600220203399658
}