{
  "batch_size": 32,
  "hidden_dim": 128,
  "lr": 7.691367987726187e-07,
  "neurons": 8,
  "orientation": [
    -4,
    4
  ],
  "sigma": 0.653668335339706,
  "stimulus": "RAND_UNIFORM",
  "weight_decay": 0.0008507954710132282,
  "stack": "population",
  "noise": 0.0,
  "metric": "loss",
  "target_metric": "fsa_inf_std",
  "loss": 1.2955312070846559,
  "accuracy": 0.7778333333333334,
  "fsa_inf_mean": 0.936831549167633,
  "fsa_inf_std": 0.030351433902978897,
  "test_accuracy": 78.71000000000001,
  "test_loss": 1.282725795008504,
  "test_fsa_2_mean": 0.3746922762630085,
  "test_fsa_2_std": 0.09944117069244385,
  "test_fsa_inf_mean": 0.34377406066218125,
  "test_fsa_inf_std": 0.09835243970155716
}