{
  "batch_size": 64,
  "hidden_dim": 128,
  "lr": 2.2593037493169298e-07,
  "neurons": 8,
  "orientation": [
    -5,
    5
  ],
  "sigma": 0.9036574426303928,
  "stimulus": "RAND_NORMAL",
  "weight_decay": 0.0027380926103233094,
  "stack": "population",
  "noise": 0.0,
  "noise_probability": 0.5,
  "metric": "loss",
  "target_metric": "fsa_inf_std",
  "loss": 2.2199800686633333,
  "accuracy": 0.22766666666666666,
  "fsa_inf_mean": 0.9046091031520924,
  "fsa_inf_std": 0.02913084626197815,
  "test_accuracy": 23.419999999999998,
  "test_loss": 2.217636784170843,
  "test_fsa_2_mean": 0.5190661841896689,
  "test_fsa_2_std": 0.09428709745407104,
  "test_fsa_inf_mean": 0.4266083259491404,
  "test_fsa_inf_std": 0.10452592372894287
}