{
  "lr": 6.507372371007987e-07,
  "weight_decay": 0.0010711172217902905,
  "batch_size": 16,
  "hidden_dim": 256,
  "freq": 6,
  "phase": 1.4841341464481517,
  "amp": 1.5,
  "distribution": "ZERO_BASE",
  "initializer": "Sine Wave",
  "requires_grad": false,
  "stack": "preferred_value",
  "noise": 0.5,
  "noise_probability": 0.5,
  "metric": "loss",
  "target_metric": "fsa_inf_std",
  "loss": 2.0328238321940106,
  "accuracy": 0.6541666666666667,
  "fsa_inf_mean": 0.9667354528903961,
  "fsa_inf_std": 0.0427655428647995,
  "test_accuracy": 69.19,
  "test_loss": 1.9756368309020995,
  "test_fsa_2_mean": 0.4979128499031067,
  "test_fsa_2_std": 0.11122767627239227,
  "test_fsa_inf_mean": 0.49636110067367556,
  "test_fsa_inf_std": 0.11428757011890411
}