{
  "lr": 4.3014837936528795e-07,
  "weight_decay": 0.00040465796537459537,
  "batch_size": 4,
  "hidden_dim": 256,
  "freq": 16,
  "phase": 1.4615528739068924,
  "amp": 1.0,
  "distribution": "ZERO_MEAN",
  "initializer": "Random Uniform",
  "requires_grad": false,
  "stack": "preferred_value",
  "noise": 0.0,
  "noise_probability": 0.5,
  "metric": "loss",
  "target_metric": "fsa_inf_std",
  "loss": 1.757168734272321,
  "accuracy": 0.73025,
  "fsa_inf_mean": 0.9871111095746358,
  "fsa_inf_std": 0.06427714228630066,
  "test_accuracy": 67.65,
  "test_loss": 2.0261153319835663,
  "test_fsa_2_mean": 0.7963333148479461,
  "test_fsa_2_std": 0.18580256402492523,
  "test_fsa_inf_mean": 0.8073333148479461,
  "test_fsa_inf_std": 0.18270687758922577
}