{
  "lr": 3.8448773342828295e-07,
  "weight_decay": 0.004305149170718523,
  "batch_size": 4,
  "hidden_dim": 128,
  "freq": 14,
  "phase": 0.9861677837148777,
  "amp": 1.5,
  "distribution": "ZERO_BASE",
  "initializer": "Random Uniform",
  "requires_grad": false,
  "stack": "preferred_value",
  "noise": 0.5,
  "noise_probability": 0.5,
  "metric": "loss",
  "target_metric": "fsa_inf_std",
  "loss": 2.06704693086942,
  "accuracy": 0.54975,
  "fsa_inf_mean": 0.9907222211360931,
  "fsa_inf_std": 0.05509360879659653,
  "test_accuracy": 47.65,
  "test_loss": 2.115362347459793,
  "test_fsa_2_mean": 0.6915999801158905,
  "test_fsa_2_std": 0.17692360281944275,
  "test_fsa_inf_mean": 0.7171999801158905,
  "test_fsa_inf_std": 0.18340560793876648
}