{
  "lr": 7.808811406869651e-07,
  "weight_decay": 0.002421458859939375,
  "batch_size": 8,
  "hidden_dim": 256,
  "initializer": "Random Uniform",
  "stack": "preferred_value",
  "noise": 1.0,
  "metric": "loss",
  "target_metric": "fsa_inf_std",
  "loss": 2.015248408873876,
  "accuracy": 0.519,
  "fsa_inf_mean": 0.9211624190409978,
  "fsa_inf_std": 0.09400644153356552,
  "test_accuracy": 54.25,
  "test_loss": 2.0605125270843505,
  "test_fsa_2_mean": 0.588160037946701,
  "test_fsa_2_std": 0.14309895038604736,
  "test_fsa_inf_mean": 0.5710768207550049,
  "test_fsa_inf_std": 0.1540793776512146
}