{
  "activation": "tuning_curve",
  "alpha": 3.4290722025521445,
  "batch_size": 32,
  "hidden_dim": 256,
  "lr": 7.410519096506843e-07,
  "normalize": true,
  "sigma": 0.22879453782143297,
  "weight_decay": 0.0002770503716891814,
  "stack": "softmax_gaussian",
  "noise": 0.0,
  "metric": "loss",
  "target_metric": "fsa_inf_std",
  "loss": 1.1462921040852865,
  "accuracy": 0.8340833333333333,
  "fsa_inf_mean": 0.9375348054567972,
  "fsa_inf_std": 0.030733291059732437,
  "test_accuracy": 84.81,
  "test_loss": 1.130175627649021,
  "test_fsa_2_mean": 0.3588522567916602,
  "test_fsa_2_std": 0.08905550092458725,
  "test_fsa_inf_mean": 0.3406257347557872,
  "test_fsa_inf_std": 0.11216119676828384
}