{
  "activation": "mexican_hat",
  "alpha": 2.4684204214920307,
  "batch_size": 32,
  "hidden_dim": 256,
  "lr": 8.312454695715673e-07,
  "normalize": false,
  "sigma": 0.11192154215577389,
  "weight_decay": 0.005333076560279206,
  "stack": "softmax_gaussian",
  "noise": 1.0,
  "metric": "loss",
  "target_metric": "fsa_inf_std",
  "loss": 1.9537076069513957,
  "accuracy": 0.4096666666666667,
  "fsa_inf_mean": 0.8654327723185221,
  "fsa_inf_std": 0.046877164393663406,
  "test_accuracy": 71.07,
  "test_loss": 1.5856021334188053,
  "test_fsa_2_mean": 0.36390012997788745,
  "test_fsa_2_std": 0.0938057228922844,
  "test_fsa_inf_mean": 0.33803084368903796,
  "test_fsa_inf_std": 0.09369013458490372
}