{
    "training_noise": 0.5,
    "seed": 10000,
    "stack": "tuning_curve",
    "network": "nn",
    "epochs": 100,
    "batch_size": 256,
    "dataset": "mnist",
    "test_noise": 0.2,
    "avg_loss": 0.27883340860717,
    "accuracy": 92.04,
    "sharpness_scores": {
        "layers.0.weight": 1.220115639315918,
        "layers.0.bias": 0.014789117919281124,
        "layers.2.weight": 1.2621306613553316,
        "layers.2.bias": 0.000533909210935235
    },
    "activation_scores": {
        "layers.0": {
            "std": 1.6537106037139893,
            "mean": -0.6051815748214722
        },
        "layers.1": {
            "std": 2.571145534515381,
            "mean": -0.10079489648342133
        },
        "layers.2": {
            "std": 6.705890655517578,
            "mean": 5.967839241027832
        }
    },
    "ruby_scores": {
        "fsa_inf": {
            "mean": 0.4055877551436424,
            "std": 0.08771947771310806
        },
        "fsd_inf": {
            "mean": 0.5405387677252292,
            "std": 0.08200298994779587
        }
    },
    "noise_sensitivity": {
        "fgsm": {
            "mean": 0.07353725484632763,
            "std": 0.04542616009712219
        }
    }
}