{
  "lr": 8.439110264262237e-07,
  "weight_decay": 0.005144774921061802,
  "batch_size": 16,
  "hidden_dim": 256,
  "sigma": 0.5813716250043015,
  "neurons": 18,
  "orientation": [
    -2,
    2
  ],
  "stimulus": "LINEAR",
  "stack": "population",
  "noise": 0.5,
  "noise_probability": 0.5,
  "metric": "loss",
  "target_metric": "fsa_inf_std",
  "loss": 1.3192640301386516,
  "accuracy": 0.7568333333333334,
  "fsa_inf_mean": 0.9680139152208964,
  "fsa_inf_std": 0.04150238260626793,
  "test_accuracy": 80.84,
  "test_loss": 1.1244216715812683,
  "test_fsa_2_mean": 0.5113189705848694,
  "test_fsa_2_std": 0.1094004213809967,
  "test_fsa_inf_mean": 0.49441905479431153,
  "test_fsa_inf_std": 0.11566665768623352
}