{
    "training_noise": 0.5,
    "stack": "linear",
    "network": "nn",
    "seed": 4224025,
    "epochs": 100,
    "batch_size": 256,
    "dataset": "mnist",
    "test_noise": 0.2,
    "avg_loss": 0.4609595784917474,
    "accuracy": 85.25,
    "sharpness_scores": {
        "layers.0.weight": 0.2572476888075471,
        "layers.0.bias": 0.0032492738217115404,
        "layers.2.weight": 0.8343814572319388,
        "layers.2.bias": -0.0016963707283139228
    },
    "activation_scores": {
        "layers.0": {
            "std": 1.4850143194198608,
            "mean": 10.829547882080078
        },
        "layers.1": {
            "std": 1.1262110471725464,
            "mean": 15.584648132324219
        },
        "layers.2": {
            "std": 4.122680187225342,
            "mean": -7.887935638427734
        }
    },
    "ruby_scores": {
        "fsa_2": {
            "mean": 0.3247689068317413,
            "std": 0.08422283828258514
        },
        "fsa_inf": {
            "mean": 0.3753523319959641,
            "std": 0.09778393059968948
        },
        "fsd_2": {
            "mean": 0.4966228514909744,
            "std": 0.041382528841495514
        },
        "fsd_inf": {
            "mean": 0.5774471037089824,
            "std": 0.09996999800205231
        }
    },
    "noise_sensitivity": {
        "fgsm": {
            "mean": 0.06908648745823481,
            "std": 0.04544096440076828
        }
    }
}