{
    "training_noise": 0.5,
    "seed": 10000,
    "stack": "tuning_curve",
    "network": "nn",
    "epochs": 100,
    "batch_size": 256,
    "dataset": "mnist",
    "test_noise": 0.2,
    "avg_loss": 0.3349585265852511,
    "accuracy": 89.7,
    "sharpness_scores": {
        "layers.0.weight": 0.9600865810178221,
        "layers.0.bias": 0.013169784843921662,
        "layers.2.weight": 1.0357282801531256,
        "layers.2.bias": 0.0032806301955133677
    },
    "activation_scores": {
        "layers.0": {
            "std": 1.32232666015625,
            "mean": -1.1888445615768433
        },
        "layers.1": {
            "std": 1.5930256843566895,
            "mean": -1.0945656299591064
        },
        "layers.2": {
            "std": 4.948107719421387,
            "mean": -3.3749454021453857
        }
    },
    "ruby_scores": {
        "fsa_inf": {
            "mean": 0.4247148886322975,
            "std": 0.08123981207609177
        },
        "fsd_inf": {
            "mean": 0.5654142312705517,
            "std": 0.06914883106946945
        }
    },
    "noise_sensitivity": {
        "fgsm": {
            "mean": 0.07459125233484333,
            "std": 0.04668530449271202
        }
    }
}