{
  "lr": 8.854271103940451e-07,
  "weight_decay": 2.612501702852565e-05,
  "batch_size": 16,
  "hidden_dim": 256,
  "stack": "linear",
  "noise": 0.0,
  "metric": "loss",
  "target_metric": "fsa_inf_mean_diff",
  "loss": 1.792409166018168,
  "accuracy": 0.74375,
  "fsa_inf_mean": 0.957010840177536,
  "fsa_inf_std": 0.04597996547818184,
  "test_accuracy": 75.26,
  "test_loss": 1.7814148092269897,
  "test_fsa_2_mean": 0.5265454095840454,
  "test_fsa_2_std": 0.11208538711071014,
  "test_fsa_inf_mean": 0.5071807530403137,
  "test_fsa_inf_std": 0.11686476320028305
}