{
    "training_noise": 0.5,
    "stack": "linear",
    "network": "nn",
    "seed": 3334108,
    "epochs": 100,
    "batch_size": 256,
    "dataset": "mnist",
    "test_noise": 0.2,
    "avg_loss": 0.15780447269789874,
    "accuracy": 95.19999999999999,
    "sharpness_scores": {
        "layers.0.weight": 0.5868259704206139,
        "layers.0.bias": 0.004221459152176976,
        "layers.2.weight": 0.6042630386073142,
        "layers.2.bias": 0.0012075433041900396
    },
    "activation_scores": {
        "layers.0": {
            "std": 2.2714853286743164,
            "mean": 6.5111846923828125
        },
        "layers.1": {
            "std": 1.435446858406067,
            "mean": 17.39023208618164
        },
        "layers.2": {
            "std": 6.208823204040527,
            "mean": -37.06398010253906
        }
    },
    "ruby_scores": {
        "fsa_inf": {
            "mean": 0.40093477368354796,
            "std": 0.09810082614421844
        },
        "fsd_inf": {
            "mean": 0.5434229262173176,
            "std": 0.0989016517996788
        }
    },
    "noise_sensitivity": {
        "fgsm": {
            "mean": 0.07933777929547049,
            "std": 0.048981718719005585
        }
    }
}