{
  "lr": 6.5055157522586595e-06,
  "weight_decay": 1.0169051843123577e-06,
  "batch_size": 4,
  "hidden_dim": 128,
  "freq": 18,
  "phase": 0.6532415430508143,
  "amp": 1.5,
  "distribution": "ZERO_BASE",
  "initializer": "Sine Wave",
  "requires_grad": false,
  "stack": "preferred_value",
  "noise": 1.0,
  "metric": "loss_norm",
  "target_metric": "loss_norm",
  "loss": 1.0276749970416228,
  "accuracy": 0.7536666666666667,
  "fsa_inf_mean": 0.9580555509328842,
  "fsa_inf_std": 0.11293439567089081,
  "fsa_inf_mean_diff": -0.05805556285381319,
  "test_accuracy": 85.81,
  "test_loss": 0.7409858936607838,
  "test_fsa_2_mean": 0.8387333173751831,
  "test_fsa_2_std": 0.17980051040649414,
  "test_fsa_inf_mean": 0.8449333173751831,
  "test_fsa_inf_std": 0.17660416662693024
}