{
  "lr": 7.91071967109735e-07,
  "weight_decay": 1.4242123596201648e-06,
  "batch_size": 8,
  "hidden_dim": 256,
  "freq": 14,
  "phase": 0.7139382170347869,
  "amp": 1.0,
  "distribution": "ZERO_MEAN",
  "initializer": "Sine Wave",
  "requires_grad": false,
  "stack": "preferred_value",
  "noise": 0.5,
  "metric": "loss",
  "target_metric": "fsa_inf_mean_diff",
  "loss": 1.6408416294256847,
  "accuracy": 0.7289166666666667,
  "fsa_inf_mean": 0.9821338804165523,
  "fsa_inf_std": 0.048616714775562286,
  "fsa_inf_mean_diff": -0.010705307284990973,
  "test_accuracy": 76.7,
  "test_loss": 1.5312539865016936,
  "test_fsa_2_mean": 0.6828316030025482,
  "test_fsa_2_std": 0.15532298386096954,
  "test_fsa_inf_mean": 0.6629856966495514,
  "test_fsa_inf_std": 0.16958022117614746
}