{
    "training_noise": 0.5,
    "seed": 10000,
    "stack": "tuning_curve",
    "network": "nn",
    "epochs": 100,
    "batch_size": 256,
    "dataset": "mnist",
    "test_noise": 0.2,
    "avg_loss": 0.48114507012069224,
    "accuracy": 86.42,
    "sharpness_scores": {
        "layers.0.weight": 0.4688498772680759,
        "layers.0.bias": 0.0018965757451951503,
        "layers.2.weight": 0.40018236748874186,
        "layers.2.bias": 0.009607907012104988
    },
    "activation_scores": {
        "layers.0": {
            "std": 1.2070523500442505,
            "mean": -1.7691768407821655
        },
        "layers.1": {
            "std": 1.3683726787567139,
            "mean": -1.8220258951187134
        },
        "layers.2": {
            "std": 5.626323699951172,
            "mean": -0.0686529353260994
        }
    },
    "ruby_scores": {
        "fsa_inf": {
            "mean": 0.3869185417890549,
            "std": 0.10233557969331741
        },
        "fsd_inf": {
            "mean": 0.5769177250564098,
            "std": 0.09761340171098709
        }
    },
    "noise_sensitivity": {
        "fgsm": {
            "mean": 0.07353603317823257,
            "std": 0.05169740319252014
        }
    }
}