{
  "lr": 8.204051251702374e-05,
  "weight_decay": 1.233534471811089e-05,
  "batch_size": 4,
  "hidden_dim": 512,
  "sigma": 1.3232704675381626,
  "neurons": 12,
  "orientation": [
    -4,
    4
  ],
  "stimulus": "RAND_UNIFORM",
  "stack": "population",
  "noise": 0.0,
  "metric": "loss",
  "target_metric": "loss",
  "loss": 0.10437475903983795,
  "accuracy": 0.9688333333333333,
  "fsa_inf_mean": 0.9889444431463877,
  "fsa_inf_std": 0.05993276089429855,
  "fsa_inf_mean_diff": 0.011055556853612258,
  "test_accuracy": 97.17,
  "test_loss": 0.09349435968514518,
  "test_fsa_2_mean": 0.8482666515350342,
  "test_fsa_2_std": 0.17804716527462006,
  "test_fsa_inf_mean": 0.8542666515350342,
  "test_fsa_inf_std": 0.17459984123706818
}