{
  "lr": 7.601574067404121e-06,
  "weight_decay": 8.040141868965408e-05,
  "batch_size": 4,
  "hidden_dim": 512,
  "sigma": 0.8356437985746633,
  "neurons": 12,
  "orientation": [
    -1,
    1
  ],
  "stimulus": "RAND_NORMAL",
  "stack": "population",
  "noise": 0.0,
  "metric": "loss",
  "target_metric": "loss",
  "loss": 0.2703836330225458,
  "accuracy": 0.92325,
  "fsa_inf_mean": 0.9876111096541087,
  "fsa_inf_std": 0.06328711658716202,
  "fsa_inf_mean_diff": 0.012388890345891301,
  "test_accuracy": 92.58999999999999,
  "test_loss": 0.25324365313374436,
  "test_fsa_2_mean": 0.84439998421669,
  "test_fsa_2_std": 0.1775798201560974,
  "test_fsa_inf_mean": 0.8487999842166901,
  "test_fsa_inf_std": 0.175168976187706
}