{
  "lr": 9.728631461221276e-06,
  "weight_decay": 8.804663094830893e-05,
  "batch_size": 64,
  "hidden_dim": 512,
  "sigma": 0.8008781772160343,
  "neurons": 12,
  "orientation": [
    -4,
    4
  ],
  "stimulus": "RAND_UNIFORM",
  "stack": "population",
  "noise": 0.5,
  "metric": "loss",
  "target_metric": "loss",
  "loss": 0.4566910056040642,
  "accuracy": 0.86675,
  "fsa_inf_mean": 0.9148724944667613,
  "fsa_inf_std": 0.026983335614204407,
  "fsa_inf_mean_diff": 0.0034371166153156496,
  "test_accuracy": 89.94,
  "test_loss": 0.3465014410436533,
  "test_fsa_2_mean": 0.3672272122589646,
  "test_fsa_2_std": 0.08228486776351929,
  "test_fsa_inf_mean": 0.35878876781767344,
  "test_fsa_inf_std": 0.11639946699142456
}