{
  "lr": 3.354068813854334e-07,
  "weight_decay": 1.7125484950131528e-05,
  "batch_size": 8,
  "hidden_dim": 256,
  "sigma": 0.8987848001978807,
  "neurons": 12,
  "orientation": [
    -4,
    4
  ],
  "stimulus": "LINEAR",
  "stack": "population",
  "noise": 0.5,
  "metric": "loss",
  "target_metric": "fsa_inf_mean_diff",
  "loss": 1.7839927885532378,
  "accuracy": 0.684,
  "fsa_inf_mean": 0.9805874360402426,
  "fsa_inf_std": 0.05064542591571808,
  "fsa_inf_mean_diff": 0.019412563959757434,
  "test_accuracy": 72.94,
  "test_loss": 1.6525051524162293,
  "test_fsa_2_mean": 0.665701155757904,
  "test_fsa_2_std": 0.15037791430950165,
  "test_fsa_inf_mean": 0.6426217562198638,
  "test_fsa_inf_std": 0.16472522914409637
}