{
  "lr": 3.8741616949462337e-05,
  "weight_decay": 1.3978716709950034e-06,
  "batch_size": 4,
  "hidden_dim": 256,
  "sigma": 0.7266059462880042,
  "neurons": 12,
  "orientation": [
    -5,
    5
  ],
  "stimulus": "RAND_NORMAL",
  "stack": "population",
  "noise": 0.0,
  "metric": "loss",
  "target_metric": "loss_norm",
  "loss": 0.45068787529109977,
  "accuracy": 0.8398333333333333,
  "fsa_inf_mean": 0.9879444430271784,
  "fsa_inf_std": 0.06246808543801308,
  "fsa_inf_mean_diff": 0.012055556972821568,
  "test_accuracy": 82.99,
  "test_loss": 0.46637088420689105,
  "test_fsa_2_mean": 0.8237333162784577,
  "test_fsa_2_std": 0.18229714035987854,
  "test_fsa_inf_mean": 0.8269333162784577,
  "test_fsa_inf_std": 0.18096940219402313
}