{
  "lr": 2.737012737075234e-05,
  "weight_decay": 2.0746908664540045e-06,
  "batch_size": 4,
  "hidden_dim": 256,
  "sigma": 0.5559150100398677,
  "neurons": 16,
  "orientation": [
    0,
    1
  ],
  "stimulus": "RAND_NORMAL",
  "stack": "population",
  "noise": 0.0,
  "metric": "loss",
  "target_metric": "loss_diff",
  "loss": 0.12423355744864481,
  "accuracy": 0.9626666666666667,
  "fsa_inf_mean": 0.9884444430669149,
  "fsa_inf_std": 0.06098821014165878,
  "fsa_inf_mean_diff": -0.02177778037389122,
  "test_accuracy": 96.45,
  "test_loss": 0.11742443146904698,
  "test_fsa_2_mean": 0.8465999845027924,
  "test_fsa_2_std": 0.1775229126214981,
  "test_fsa_inf_mean": 0.8513999845027923,
  "test_fsa_inf_std": 0.17482449114322662
}