{
  "lr": 7.159030545525337e-07,
  "weight_decay": 2.9410486952809655e-06,
  "batch_size": 8,
  "hidden_dim": 256,
  "sigma": 0.9154437027419017,
  "neurons": 8,
  "orientation": [
    -2,
    2
  ],
  "stimulus": "LINEAR",
  "stack": "population",
  "noise": 1.0,
  "metric": "loss",
  "target_metric": "fsa_inf_mean_diff",
  "loss": 1.5248947381575901,
  "accuracy": 0.6855,
  "fsa_inf_mean": 0.925486260732015,
  "fsa_inf_std": 0.09235481917858124,
  "fsa_inf_mean_diff": -0.027867209990819375,
  "test_accuracy": 79.43,
  "test_loss": 1.1957585218429565,
  "test_fsa_2_mean": 0.6931710218429565,
  "test_fsa_2_std": 0.15080592036247253,
  "test_fsa_inf_mean": 0.6702407186031342,
  "test_fsa_inf_std": 0.16851630806922913
}