{
  "lr": 0.0021258832041356635,
  "weight_decay": 0.0005355642545142638,
  "batch_size": 128,
  "hidden_dim": 512,
  "stack": "linear",
  "noise": 1.0,
  "noise_probability": 0.5,
  "metric": "loss",
  "target_metric": "fsa_inf_std",
  "loss": 0.4240403457524929,
  "accuracy": 0.8588333333333333,
  "fsa_inf_mean": 0.8812262732931908,
  "fsa_inf_std": 0.023506969213485718,
  "test_accuracy": 97.25,
  "test_loss": 0.09591230956923741,
  "test_fsa_2_mean": 0.3276366802710521,
  "test_fsa_2_std": 0.07048428058624268,
  "test_fsa_inf_mean": 0.4018386217612254,
  "test_fsa_inf_std": 0.09297315031290054
}