{
  "lr": 0.004063802849375067,
  "weight_decay": 0.0023148575891475684,
  "batch_size": 256,
  "hidden_dim": 256,
  "sigma": 1.4819543821833225,
  "neurons": 18,
  "orientation": [
    -5,
    5
  ],
  "stimulus": "RAND_NORMAL",
  "stack": "population",
  "noise": 0.0,
  "noise_probability": 0.5,
  "metric": "loss",
  "target_metric": "fsa_inf_std",
  "loss": 0.10119125044884834,
  "accuracy": 0.9735833333333334,
  "fsa_inf_mean": 0.7806160690936637,
  "fsa_inf_std": 0.02530546300113201,
  "test_accuracy": 97.39,
  "test_loss": 0.08088550106185721,
  "test_fsa_2_mean": 0.31895415633916857,
  "test_fsa_2_std": 0.06878197938203812,
  "test_fsa_inf_mean": 0.4018280774354935,
  "test_fsa_inf_std": 0.095859095454216
}