{
  "lr": 0.001072487015415466,
  "weight_decay": 7.926420405134965e-06,
  "batch_size": 256,
  "hidden_dim": 256,
  "sigma": 0.7130200976519017,
  "neurons": 14,
  "orientation": [
    -2,
    2
  ],
  "stimulus": "RAND_NORMAL",
  "stack": "population",
  "noise": 1.0,
  "noise_probability": 0.5,
  "metric": "loss",
  "target_metric": "fsa_inf_std",
  "loss": 0.46828323919722376,
  "accuracy": 0.8458333333333333,
  "fsa_inf_mean": 0.8178622151942964,
  "fsa_inf_std": 0.024809150025248528,
  "test_accuracy": 96.22,
  "test_loss": 0.13118973476812243,
  "test_fsa_2_mean": 0.31694155037403104,
  "test_fsa_2_std": 0.06624893844127655,
  "test_fsa_inf_mean": 0.40167236179113386,
  "test_fsa_inf_std": 0.09287335723638535
}