{
    "network": "linear",
    "avg_loss": 0.500019586610118,
    "accuracy": 97.78,
    "sharpness_scores": {
        "layers.0.weight": 0.06436520056761456,
        "layers.0.bias": 0.0018242143675978096,
        "layers.2.weight": 0.13202906055526714,
        "layers.2.bias": -8.691039403281308e-05
    },
    "activation_scores": {
        "layers.0": {
            "std": 17.252899169921875,
            "mean": -199.85745239257812
        },
        "layers.1": {
            "std": 5.086264133453369,
            "mean": 29.88242530822754
        },
        "layers.2": {
            "std": 70.06116485595703,
            "mean": -882.8987426757812
        }
    },
    "ruby_scores": {
        "fsa_2": {
            "mean": 0.31132600009441375,
            "std": 0.06985726952552795
        },
        "fsa_inf": {
            "mean": 0.3978672906756401,
            "std": 0.09735001623630524
        },
        "fsd_2": {
            "mean": 0.4682505026459694,
            "std": 0.03960219770669937
        },
        "fsd_inf": {
            "mean": 0.5288619354367257,
            "std": 0.0917876586318016
        }
    },
    "noise_sensitivity": {
        "fgsm": {
            "mean": 28.373607175067686,
            "std": 45.05644226074219
        }
    },
    "hyper_parameter": {
        "dataset": "mnist",
        "hidden_dim": 128,
        "training_noise": 0.0,
        "test_noise": 0.2,
        "batch_size": 256,
        "learning_rate": 0.006618610277240927,
        "weight_decay": 5.320169692789873e-05,
        "epochs": 100,
        "created_on": "2025_11_11_00_11_07",
        "seed": 7253469,
        "subset": null
    }
}