{
    "network": "linear",
    "avg_loss": 0.29827310657939177,
    "accuracy": 95.3,
    "sharpness_scores": {
        "layers.0.weight": 0.020653328706533945,
        "layers.0.bias": -0.00013498455887259563,
        "layers.2.weight": 8.338740416305122,
        "layers.2.bias": -0.0012524052688121041
    },
    "activation_scores": {
        "layers.0": {
            "std": 6.981452465057373,
            "mean": -35.80521774291992
        },
        "layers.1": {
            "std": 4.10453462600708,
            "mean": 17.003177642822266
        },
        "layers.2": {
            "std": 17.356616973876953,
            "mean": -88.36044311523438
        }
    },
    "ruby_scores": {
        "fsa_2": {
            "mean": 0.3415502173991143,
            "std": 0.07722202688455582
        },
        "fsa_inf": {
            "mean": 0.40913956452019606,
            "std": 0.0922025591135025
        },
        "fsd_2": {
            "mean": 0.503954819486111,
            "std": 0.05661876127123833
        },
        "fsd_inf": {
            "mean": 0.6157441848441015,
            "std": 0.10691346973180771
        }
    },
    "noise_sensitivity": {
        "fgsm": {
            "mean": 0.21640098497296442,
            "std": 2.3194894790649414
        }
    },
    "hyper_parameter": {
        "dataset": "mnist",
        "hidden_dim": 512,
        "training_noise": 1.0,
        "test_noise": 0.2,
        "batch_size": 128,
        "learning_rate": 0.0021258832041356635,
        "weight_decay": 0.0005355642545142638,
        "epochs": 100,
        "created_on": "2025_11_11_00_11_07",
        "seed": 7538586,
        "subset": null
    }
}