{
    "network": "population",
    "avg_loss": 0.7155436933040619,
    "accuracy": 75.88000000000001,
    "sharpness_scores": {
        "layers.0.weight": 0.4164736345410347,
        "layers.0.bias": 0.002996799349784851,
        "layers.2.weight": 1.1968076407909394,
        "layers.2.bias": 0.005088803917169571
    },
    "activation_scores": {
        "layers.0": {
            "std": 4.956421375274658,
            "mean": -0.356677770614624
        },
        "layers.1": {
            "std": 0.9328667521476746,
            "mean": -0.048738665878772736
        },
        "layers.2": {
            "std": 3.9391257762908936,
            "mean": -6.191245079040527
        }
    },
    "ruby_scores": {
        "fsa_2": {
            "mean": 0.3600160539150238,
            "std": 0.0700591653585434
        },
        "fsa_inf": {
            "mean": 0.4194423735141754,
            "std": 0.09734051674604416
        },
        "fsd_2": {
            "mean": 0.46676713079214094,
            "std": 0.04323980212211609
        },
        "fsd_inf": {
            "mean": 0.5531401932239532,
            "std": 0.10309774428606033
        }
    },
    "noise_sensitivity": {
        "fgsm": {
            "mean": 0.02629598166050673,
            "std": 0.019186213612556458
        }
    },
    "hyper_parameter": {
        "dataset": "mnist",
        "hidden_dim": 256,
        "training_noise": 1.0,
        "test_noise": 0.2,
        "batch_size": 256,
        "learning_rate": 0.001072487015415466,
        "weight_decay": 7.926420405134965e-06,
        "epochs": 100,
        "created_on": "2025_11_11_00_49_53",
        "seed": 6441190,
        "subset": null,
        "sigma": 0.7130200976519017,
        "neurons": 14,
        "orientation": [
            -2,
            2
        ],
        "activation": "tuning_curve",
        "stimulus": "RAND_NORMAL"
    }
}