{
    "network": "population",
    "avg_loss": 0.1286491712855617,
    "accuracy": 98.1,
    "sharpness_scores": {
        "layers.0.weight": 0.056405557001997855,
        "layers.0.bias": 0.00018927354810451824,
        "layers.2.weight": 0.026860936759104437,
        "layers.2.bias": 0.00030801641161701807
    },
    "activation_scores": {
        "layers.0": {
            "std": 7.553516387939453,
            "mean": 3.130586624145508
        },
        "layers.1": {
            "std": 1.0720142126083374,
            "mean": 0.125874325633049
        },
        "layers.2": {
            "std": 15.90506649017334,
            "mean": -35.58959197998047
        }
    },
    "ruby_scores": {
        "fsa_2": {
            "mean": 0.31236468702554704,
            "std": 0.07023724168539047
        },
        "fsa_inf": {
            "mean": 0.40186172872781756,
            "std": 0.096006840467453
        },
        "fsd_2": {
            "mean": 0.47054912969470025,
            "std": 0.04049621522426605
        },
        "fsd_inf": {
            "mean": 0.5314651928842068,
            "std": 0.09556148201227188
        }
    },
    "noise_sensitivity": {
        "fgsm": {
            "mean": 0.04951119876419031,
            "std": 0.029661089181900024
        }
    },
    "hyper_parameter": {
        "dataset": "mnist",
        "hidden_dim": 256,
        "training_noise": 0.0,
        "test_noise": 0.2,
        "batch_size": 256,
        "learning_rate": 0.004063802849375067,
        "weight_decay": 0.0023148575891475684,
        "epochs": 100,
        "created_on": "2025_11_11_00_49_53",
        "seed": 8026226,
        "subset": null,
        "sigma": 1.4819543821833225,
        "neurons": 18,
        "orientation": [
            -5,
            5
        ],
        "activation": "tuning_curve",
        "stimulus": "RAND_NORMAL"
    }
}