{
  "lr": 1.792210579752271e-06,
  "weight_decay": 3.318331387413073e-06,
  "batch_size": 4,
  "hidden_dim": 128,
  "sigma": 0.9318139444458804,
  "neurons": 12,
  "orientation": [
    -5,
    5
  ],
  "stimulus": "RAND_NORMAL",
  "stack": "population",
  "noise": 1.0,
  "metric": "loss",
  "target_metric": "loss",
  "loss": 0.6323234410487736,
  "accuracy": 0.7681666666666667,
  "fsa_inf_mean": 0.954222216963768,
  "fsa_inf_std": 0.11595652997493744,
  "fsa_inf_mean_diff": -0.03755555427074431,
  "test_accuracy": 83.67,
  "test_loss": 0.45095507139475083,
  "test_fsa_2_mean": 0.8239999825000763,
  "test_fsa_2_std": 0.18047262728214264,
  "test_fsa_inf_mean": 0.8259999825000763,
  "test_fsa_inf_std": 0.17963922023773193
}