{
    "training_noise": 0.5,
    "stack": "linear",
    "network": "nn",
    "seed": 4151662,
    "epochs": 100,
    "batch_size": 256,
    "dataset": "mnist",
    "test_noise": 0.2,
    "avg_loss": 0.23946084696799516,
    "accuracy": 92.77,
    "sharpness_scores": {
        "layers.0.weight": 0.49009076710790395,
        "layers.0.bias": 0.0030251562129706144,
        "layers.2.weight": 0.6032691514119506,
        "layers.2.bias": 0.0011836867779493332
    },
    "activation_scores": {
        "layers.0": {
            "std": 1.8731378316879272,
            "mean": 7.740657806396484
        },
        "layers.1": {
            "std": 1.2559640407562256,
            "mean": 15.982869148254395
        },
        "layers.2": {
            "std": 5.332489013671875,
            "mean": -23.44228172302246
        }
    },
    "ruby_scores": {
        "fsa_2.0": {
            "mean": 0.31896424293518066,
            "std": 0.0738430991768837
        },
        "fsa_inf": {
            "mean": 0.40913598239421844,
            "std": 0.09708692878484726
        },
        "fsd_2.0": {
            "mean": 0.46725067496299744,
            "std": 0.04413191229104996
        },
        "fsd_inf": {
            "mean": 0.5416459329426289,
            "std": 0.0828532949090004
        }
    },
    "noise_sensitivity": {
        "fgsm": {
            "mean": 0.07032663676400411,
            "std": 0.04154670983552933
        }
    }
}