{
    "training_noise": 1.0,
    "seed": 10000,
    "stack": "tuning_curve",
    "network": "nn",
    "epochs": 100,
    "batch_size": 256,
    "dataset": "mnist",
    "test_noise": 0.2,
    "avg_loss": 0.5676170632243156,
    "accuracy": 85.38,
    "sharpness_scores": {
        "layers.0.weight": 0.440751189738512,
        "layers.0.bias": 0.0021932356059551237,
        "layers.2.weight": 0.6179648999124765,
        "layers.2.bias": 0.0023086690343916416
    },
    "activation_scores": {
        "layers.0": {
            "std": 1.023097038269043,
            "mean": 0.18394002318382263
        },
        "layers.1": {
            "std": 1.404903531074524,
            "mean": -0.25224044919013977
        },
        "layers.2": {
            "std": 6.217212677001953,
            "mean": 4.196447372436523
        }
    },
    "ruby_scores": {
        "fsa_inf": {
            "mean": 0.40848246216773987,
            "std": 0.1025521531701088
        },
        "fsd_inf": {
            "mean": 0.5660745732486248,
            "std": 0.09895628690719604
        }
    },
    "noise_sensitivity": {
        "fgsm": {
            "mean": 0.10330726188918575,
            "std": 0.09407724440097809
        }
    }
}