{
    "training_noise": 1.0,
    "stack": "linear",
    "network": "nn",
    "seed": 6271105,
    "epochs": 20,
    "accuracy": 90.81,
    "avg_loss": 0.30577270920200944,
    "batch_size": 32,
    "dataset": "mnist",
    "test_noise": 0.2,
    "sharpness_scores": {
        "layers.0.weight": 0.30546962143406986,
        "layers.0.bias": 0.0006381218059779927,
        "layers.2.weight": 0.7880856537917694,
        "layers.2.bias": 0.002356567915481405
    },
    "activation_scores": {
        "layers.0": {
            "std": 1.7049797773361206,
            "mean": 1.204862117767334
        },
        "layers.1": {
            "std": 1.1176607608795166,
            "mean": 3.8955373764038086
        },
        "layers.2": {
            "std": 6.053473472595215,
            "mean": -9.926609992980957
        }
    }
}